booking_id,user_id,flight_id,price_id,booking_date,booking_status,seat_number,total_paid
1,1,127,2093,2024-09-24 12:51:00,Cancelled,38E,2458.09
2,1,254,4215,2024-03-25 22:38:00,Pending,21D,2146.21
3,1,289,4742,2024-12-05 15:06:00,Confirmed,9C,6640.91
4,1,186,3088,2024-04-02 02:55:00,Cancelled,48D,5243.25
5,1,126,2070,2024-03-09 04:57:00,Cancelled,15E,1144.89
6,1,221,3683,2024-03-17 07:15:00,Confirmed,8F,465.51
7,1,273,4504,2024-08-01 12:58:00,Completed,37B,3319.39
8,1,86,1413,2024-09-28 16:59:00,Cancelled,14B,2977.34
9,1,72,1194,2024-02-02 03:00:00,Confirmed,1A,162.62
10,1,31,517,2024-12-17 12:29:00,Confirmed,2E,2964.36
11,1,298,4890,2024-11-28 17:58:00,Confirmed,25A,242.25
12,2,272,4488,2024-02-27 09:12:00,Completed,19A,1041.4
13,2,117,1928,2024-09-10 10:41:00,Completed,38E,804.55
14,2,24,389,2024-08-09 13:50:00,Completed,42B,362.12
15,3,157,2580,2024-05-14 18:20:00,Completed,3A,639.81
16,3,99,1627,2024-12-25 00:29:00,Confirmed,12A,8604.01
17,3,183,3032,2024-05-11 23:37:00,Completed,22A,6329.74
18,3,23,378,2024-07-14 21:24:00,Confirmed,1F,2826.72
19,3,194,3220,2024-06-10 02:45:00,Completed,15C,2144.2
20,3,1,13,2024-08-18 10:06:00,Completed,38C,2283.54
21,4,308,5068,2024-08-02 16:39:00,Completed,49B,1900.47
22,4,211,3522,2024-07-18 06:18:00,Confirmed,47E,2423.87
23,4,282,4626,2024-10-13 05:24:00,Completed,34B,554.97
24,4,268,4424,2024-07-18 17:33:00,Cancelled,31E,3413.25
25,4,238,3976,2024-10-03 11:01:00,Cancelled,12C,713.03
26,4,222,3716,2024-02-19 14:57:00,Cancelled,16B,4732.85
27,4,11,183,2024-02-05 13:56:00,Pending,30F,3127.6
28,4,258,4277,2024-10-18 05:24:00,Pending,36A,3377.83
29,4,286,4683,2024-06-05 02:50:00,Confirmed,21A,542.52
30,4,225,3773,2024-08-15 09:45:00,Completed,32C,7404.44
31,4,190,3155,2024-10-06 02:06:00,Completed,42E,613.08
32,4,71,1186,2024-05-03 19:45:00,Completed,28C,4480.99
33,4,89,1451,2024-03-05 19:30:00,Cancelled,29A,356.08
34,4,131,2166,2024-12-24 11:17:00,Confirmed,36C,8001.29
35,4,146,2406,2024-06-16 01:20:00,Confirmed,1E,2934.0
36,5,62,1035,2024-06-16 00:45:00,Completed,4A,1816.99
37,5,197,3272,2024-04-23 10:26:00,Confirmed,11B,6390.74
38,5,67,1115,2024-05-28 15:11:00,Completed,40C,6717.99
39,5,140,2294,2024-01-02 02:31:00,Completed,34B,622.45
40,5,80,1319,2024-12-09 22:28:00,Confirmed,27A,3128.09
41,6,269,4443,2024-06-01 15:04:00,Confirmed,36F,4085.47
42,6,29,484,2024-02-04 18:23:00,Cancelled,30A,3167.13
43,6,43,706,2024-06-06 13:05:00,Confirmed,24B,619.03
44,6,216,3610,2024-01-27 18:08:00,Confirmed,5D,7249.9
45,6,296,4864,2024-06-22 00:00:00,Confirmed,45F,759.81
46,6,43,710,2024-09-19 09:35:00,Cancelled,15F,308.12
47,6,70,1154,2024-10-17 14:26:00,Cancelled,27C,500.22
48,6,65,1078,2024-10-09 08:30:00,Confirmed,47A,676.54
49,6,254,4217,2024-03-16 06:51:00,Confirmed,14F,6561.63
50,7,35,580,2024-01-09 10:02:00,Completed,43E,4556.89
51,7,199,3304,2024-04-22 05:04:00,Confirmed,47C,3201.99
52,7,215,3587,2024-05-17 07:21:00,Confirmed,34A,1841.42
53,7,200,3323,2024-05-18 13:02:00,Confirmed,38E,2157.68
54,7,109,1795,2024-12-09 09:59:00,Confirmed,20B,264.53
55,7,158,2605,2024-04-13 20:54:00,Completed,35A,7012.98
56,7,165,2711,2024-06-02 14:52:00,Confirmed,4D,3114.58
57,7,178,2950,2024-08-20 10:22:00,Pending,11B,5707.01
58,7,282,4625,2024-03-24 00:38:00,Completed,50C,147.2
59,7,53,878,2024-01-16 20:44:00,Confirmed,39A,1958.76
60,7,116,1914,2024-02-03 03:29:00,Completed,7E,6346.89
61,7,10,157,2024-03-11 09:45:00,Cancelled,4F,398.71
62,7,89,1452,2024-03-21 00:25:00,Confirmed,15C,685.69
63,7,133,2196,2024-12-03 21:11:00,Completed,43B,2610.9
64,7,91,1493,2024-08-11 18:22:00,Confirmed,11D,9539.51
65,8,25,416,2024-02-11 03:21:00,Completed,12C,5803.69
66,8,293,4819,2024-05-15 20:56:00,Confirmed,19A,4105.24
67,8,242,4034,2024-02-25 14:45:00,Confirmed,39E,578.33
68,8,25,406,2024-06-23 23:37:00,Cancelled,15F,708.1
69,8,33,539,2024-01-01 12:18:00,Cancelled,20F,3158.53
70,8,6,100,2024-04-23 18:07:00,Confirmed,3B,4155.21
71,8,210,3510,2024-01-17 19:44:00,Confirmed,5E,5248.55
72,8,149,2457,2024-11-20 03:14:00,Confirmed,40E,2437.08
73,8,87,1428,2024-09-12 11:48:00,Completed,44E,7802.03
74,8,169,2790,2024-03-02 11:24:00,Confirmed,32E,378.04
75,8,289,4732,2024-01-21 00:25:00,Completed,36A,671.38
76,8,36,604,2024-09-13 22:28:00,Confirmed,45B,7983.91
77,8,234,3924,2024-09-09 22:43:00,Completed,14F,5568.54
78,8,97,1588,2024-10-28 09:19:00,Pending,24B,817.19
79,8,10,169,2024-01-13 15:29:00,Completed,11C,5387.12
80,9,4,66,2024-04-06 20:22:00,Confirmed,14D,3188.91
81,9,156,2565,2024-05-05 12:11:00,Confirmed,17B,442.98
82,9,291,4769,2024-01-21 05:42:00,Completed,10B,1341.62
83,9,109,1814,2024-05-11 03:04:00,Completed,37A,7735.72
84,9,207,3456,2024-11-02 11:15:00,Completed,35E,6496.22
85,9,204,3392,2024-09-09 07:00:00,Completed,6D,785.65
86,9,194,3217,2024-08-08 04:39:00,Confirmed,44C,1798.72
87,9,224,3740,2024-06-25 18:35:00,Confirmed,21E,844.28
88,10,43,719,2024-03-19 23:37:00,Confirmed,26A,4728.66
89,10,115,1892,2024-04-14 21:51:00,Completed,45B,416.41
90,10,224,3749,2024-06-12 16:11:00,Confirmed,30A,1700.57
91,10,297,4882,2024-03-01 14:07:00,Confirmed,11B,3988.56
92,10,274,4512,2024-01-06 06:27:00,Confirmed,42E,2320.82
93,11,85,1401,2024-02-12 16:50:00,Cancelled,32F,5665.21
94,11,2,36,2024-11-12 18:06:00,Completed,33D,2967.96
95,11,105,1733,2024-09-12 10:35:00,Completed,21E,1618.36
96,11,227,3800,2024-12-16 05:45:00,Confirmed,34A,7621.22
97,11,25,413,2024-06-08 15:34:00,Cancelled,14A,9340.12
98,11,272,4486,2024-07-20 04:32:00,Confirmed,12E,2442.37
99,11,137,2262,2024-06-10 01:42:00,Confirmed,11F,6184.72
100,11,233,3906,2024-03-01 01:11:00,Cancelled,35B,7944.51
101,11,113,1874,2024-03-22 04:03:00,Confirmed,32C,4436.23
102,11,105,1732,2024-12-05 23:55:00,Confirmed,27C,2978.11
103,11,288,4730,2024-10-23 06:44:00,Confirmed,41F,3455.33
104,11,7,107,2024-03-02 20:13:00,Confirmed,46F,884.74
105,11,73,1223,2024-04-28 04:08:00,Confirmed,9F,3300.95
106,11,51,846,2024-04-12 22:12:00,Completed,9E,2244.28
107,12,206,3424,2024-06-02 13:16:00,Confirmed,4C,267.72
108,12,296,4874,2024-04-27 14:29:00,Confirmed,38A,6422.97
109,12,304,5007,2024-09-08 04:49:00,Confirmed,11E,2186.8
110,12,44,735,2024-07-22 21:47:00,Confirmed,39A,4938.97
111,13,291,4769,2024-12-17 06:07:00,Confirmed,16F,1340.83
112,13,268,4434,2024-05-03 19:24:00,Confirmed,6B,4619.63
113,13,59,971,2024-07-16 00:32:00,Confirmed,24D,1977.21
114,13,194,3222,2024-08-25 01:24:00,Confirmed,10A,8223.66
115,13,285,4673,2024-09-26 12:23:00,Confirmed,19C,746.35
116,14,18,297,2024-08-14 12:12:00,Cancelled,13F,9056.61
117,14,111,1841,2024-10-14 11:00:00,Cancelled,11D,2869.96
118,14,95,1555,2024-03-28 05:24:00,Completed,8A,727.62
119,14,147,2421,2024-03-09 06:50:00,Confirmed,48C,2541.12
120,14,277,4545,2024-12-11 08:43:00,Cancelled,33F,600.64
121,14,20,322,2024-09-24 15:38:00,Cancelled,48E,437.25
122,14,201,3339,2024-03-21 07:46:00,Completed,6F,902.25
123,15,285,4677,2024-11-13 08:14:00,Confirmed,16B,3812.51
124,15,141,2308,2024-08-06 11:42:00,Confirmed,15B,679.78
125,15,130,2136,2024-04-27 01:51:00,Confirmed,46C,199.49
126,15,262,4334,2024-08-13 00:23:00,Confirmed,30F,6516.54
127,15,192,3199,2024-12-19 21:17:00,Completed,26E,7445.99
128,15,133,2198,2024-12-25 20:21:00,Confirmed,16D,2819.03
129,15,184,3037,2024-10-16 08:25:00,Completed,50E,528.82
130,15,189,3132,2024-02-14 06:57:00,Confirmed,22C,683.51
131,15,183,3031,2024-01-18 22:58:00,Confirmed,40C,3680.55
132,15,250,4162,2024-02-27 10:11:00,Cancelled,21C,8139.85
133,15,288,4717,2024-07-13 09:54:00,Confirmed,16A,802.77
134,15,222,3713,2024-05-05 07:23:00,Cancelled,8C,785.97
135,16,190,3153,2024-02-27 09:03:00,Pending,42E,624.07
136,16,292,4781,2024-04-08 05:26:00,Confirmed,21C,484.79
137,16,106,1749,2024-12-26 01:28:00,Confirmed,50D,2930.65
138,16,112,1852,2024-02-22 00:01:00,Cancelled,8D,793.04
139,16,263,4349,2024-06-06 04:59:00,Confirmed,36D,2318.77
140,17,278,4563,2024-05-11 05:13:00,Pending,18F,450.66
141,17,88,1444,2024-07-17 14:16:00,Cancelled,44D,2764.27
142,17,24,399,2024-02-16 06:41:00,Completed,44A,4802.84
143,17,262,4334,2024-07-26 10:56:00,Confirmed,29D,6204.89
144,18,65,1082,2024-10-14 12:43:00,Confirmed,30A,967.08
145,18,55,914,2024-05-02 20:52:00,Completed,45C,7973.0
146,18,75,1250,2024-08-18 02:01:00,Confirmed,42E,3662.61
147,18,23,374,2024-01-01 04:30:00,Confirmed,9A,3073.21
148,18,154,2533,2024-03-11 14:42:00,Confirmed,28A,2419.78
149,18,301,4950,2024-05-08 18:44:00,Completed,14D,3495.23
150,18,262,4335,2024-11-23 02:31:00,Completed,13A,5036.74
151,18,99,1623,2024-07-20 11:22:00,Confirmed,26B,2364.97
152,18,13,220,2024-10-21 05:36:00,Completed,16C,1166.19
153,18,63,1048,2024-12-12 19:22:00,Completed,44B,847.23
154,19,73,1216,2024-03-05 20:44:00,Confirmed,45E,3166.91
155,19,95,1558,2024-09-20 19:11:00,Confirmed,31F,1742.36
156,19,110,1820,2024-06-08 04:14:00,Confirmed,23A,433.6
157,19,230,3847,2024-07-03 01:35:00,Confirmed,12D,6408.06
158,19,303,4974,2024-08-26 03:48:00,Confirmed,13D,159.34
159,19,19,317,2024-02-01 15:07:00,Confirmed,42E,4045.74
160,20,278,4574,2024-11-18 20:11:00,Pending,32F,7890.19
161,20,213,3562,2024-12-25 08:34:00,Completed,31B,7531.27
162,20,161,2657,2024-08-25 08:08:00,Pending,14F,2606.98
163,20,75,1252,2024-03-06 22:32:00,Confirmed,39C,4114.93
164,20,126,2079,2024-03-12 17:42:00,Cancelled,46F,7437.94
165,20,92,1509,2024-03-24 11:25:00,Confirmed,40C,3196.14
166,21,184,3045,2024-11-02 12:15:00,Cancelled,47D,2493.34
167,21,121,2005,2024-02-28 20:07:00,Confirmed,44D,6795.07
168,21,137,2260,2024-02-27 07:00:00,Confirmed,36C,4150.98
169,21,60,1000,2024-11-18 10:09:00,Cancelled,15D,2847.02
170,21,87,1430,2024-07-22 01:32:00,Cancelled,15E,3033.27
171,21,232,3880,2024-11-12 12:04:00,Confirmed,31A,1887.82
172,22,159,2609,2024-05-19 02:51:00,Cancelled,5C,659.15
173,22,43,709,2024-07-24 08:04:00,Completed,44C,388.38
174,22,164,2703,2024-07-09 00:36:00,Confirmed,47D,9783.85
175,22,295,4854,2024-04-19 10:28:00,Confirmed,12A,7134.13
176,22,233,3909,2024-01-26 04:01:00,Confirmed,11F,5217.13
177,22,8,123,2024-02-20 20:31:00,Completed,6B,496.84
178,22,153,2519,2024-02-07 18:15:00,Confirmed,40D,3142.04
179,22,227,3791,2024-09-19 20:29:00,Cancelled,34D,251.59
180,23,37,608,2024-03-14 15:57:00,Confirmed,39B,806.95
181,23,65,1081,2024-08-21 12:43:00,Confirmed,22F,1287.2
182,23,288,4725,2024-09-18 19:30:00,Confirmed,16F,2264.99
183,23,104,1704,2024-11-22 18:57:00,Cancelled,13A,248.43
184,23,300,4937,2024-02-21 12:21:00,Confirmed,33F,2881.44
185,23,289,4737,2024-11-11 05:14:00,Confirmed,8E,2452.53
186,24,174,2884,2024-01-25 11:31:00,Confirmed,19E,5355.03
187,24,223,3737,2024-05-16 00:45:00,Confirmed,36D,7411.3
188,24,195,3242,2024-05-10 17:42:00,Confirmed,20E,6235.14
189,24,220,3669,2024-10-15 09:56:00,Confirmed,13D,1879.98
190,25,210,3495,2024-12-02 08:54:00,Confirmed,16C,694.44
191,25,157,2579,2024-12-08 15:12:00,Completed,18E,151.14
192,25,210,3495,2024-10-06 14:28:00,Completed,37F,654.1
193,25,177,2934,2024-03-19 22:24:00,Confirmed,45C,3380.77
194,25,296,4863,2024-08-24 00:11:00,Confirmed,34B,1191.32
195,25,227,3791,2024-07-22 06:27:00,Pending,21E,245.52
196,25,144,2376,2024-09-20 17:53:00,Confirmed,26C,8551.17
197,25,141,2308,2024-07-22 13:15:00,Confirmed,17C,720.14
198,26,109,1814,2024-05-23 08:50:00,Completed,40A,7847.0
199,26,195,3241,2024-10-20 18:15:00,Confirmed,46C,8889.81
200,26,137,2260,2024-10-15 09:14:00,Confirmed,27C,4233.67
201,26,9,141,2024-09-25 21:53:00,Cancelled,10B,752.21
202,26,24,392,2024-10-11 16:26:00,Completed,47B,2354.3
203,26,287,4716,2024-11-27 17:41:00,Confirmed,18A,6871.33
204,26,124,2042,2024-03-04 00:57:00,Confirmed,4F,2972.92
205,26,86,1420,2024-02-28 15:48:00,Confirmed,34C,3860.96
206,26,96,1579,2024-05-21 22:50:00,Confirmed,38B,2411.79
207,26,62,1030,2024-01-08 00:02:00,Cancelled,20D,251.28
208,26,32,526,2024-03-24 19:14:00,Completed,10F,2847.32
209,26,176,2915,2024-02-05 03:13:00,Confirmed,26C,1729.41
210,26,262,4332,2024-12-20 12:12:00,Confirmed,44D,7741.05
211,26,2,19,2024-09-14 02:59:00,Confirmed,5C,816.88
212,27,179,2954,2024-09-10 06:16:00,Confirmed,15A,662.98
213,27,36,594,2024-04-18 17:23:00,Confirmed,12B,2093.83
214,27,201,3338,2024-03-22 23:08:00,Confirmed,20D,579.78
215,27,146,2399,2024-03-09 13:13:00,Confirmed,15F,450.66
216,27,221,3693,2024-12-19 13:32:00,Cancelled,43D,2379.68
217,27,268,4426,2024-01-02 17:50:00,Completed,21F,2458.92
218,27,70,1154,2024-10-28 08:24:00,Pending,10F,517.67
219,27,44,735,2024-11-22 15:28:00,Confirmed,17B,5927.3
220,27,19,308,2024-05-07 10:03:00,Confirmed,24A,3011.64
221,27,81,1339,2024-03-27 17:39:00,Confirmed,22B,8357.0
222,27,220,3674,2024-06-24 05:12:00,Confirmed,10E,2589.77
223,27,116,1916,2024-01-05 00:08:00,Cancelled,7B,6900.84
224,27,102,1675,2024-01-08 00:14:00,Confirmed,29A,144.98
225,27,61,1007,2024-11-14 14:23:00,Confirmed,28B,915.17
226,28,234,3919,2024-10-20 11:48:00,Confirmed,48A,1839.51
227,28,87,1422,2024-05-21 11:13:00,Completed,12B,155.23
228,28,291,4766,2024-09-25 08:52:00,Confirmed,14C,401.12
229,28,65,1080,2024-01-05 17:18:00,Completed,38F,3277.52
230,28,8,135,2024-02-15 22:10:00,Cancelled,9C,6303.42
231,28,26,427,2024-06-02 14:52:00,Confirmed,17F,1780.23
232,28,271,4477,2024-08-24 03:53:00,Cancelled,45D,8383.73
233,28,160,2631,2024-05-14 03:39:00,Cancelled,12C,236.72
234,28,25,410,2024-07-12 20:34:00,Completed,29B,2229.94
235,28,230,3844,2024-11-05 10:32:00,Confirmed,10C,2817.59
236,28,298,4906,2024-01-26 18:50:00,Confirmed,49E,2970.07
237,28,141,2309,2024-12-09 16:46:00,Completed,32B,555.24
238,28,94,1538,2024-08-19 02:50:00,Confirmed,6A,654.59
239,28,59,977,2024-09-15 16:02:00,Confirmed,45E,8281.76
240,28,205,3408,2024-12-20 01:42:00,Pending,5D,221.96
241,29,237,3971,2024-05-23 01:51:00,Confirmed,10C,5460.93
242,29,51,849,2024-10-20 19:16:00,Confirmed,21F,2669.74
243,29,54,897,2024-08-04 05:11:00,Confirmed,25F,4897.99
244,30,124,2047,2024-04-18 14:11:00,Confirmed,19B,7516.8
245,30,71,1183,2024-02-13 05:24:00,Cancelled,17E,4451.41
246,30,189,3134,2024-04-07 23:47:00,Confirmed,13B,337.74
247,30,144,2375,2024-05-10 14:56:00,Confirmed,33E,8689.96
248,30,246,4089,2024-09-20 18:59:00,Confirmed,2B,477.89
249,30,5,85,2024-06-20 21:24:00,Cancelled,5E,8536.12
250,30,156,2566,2024-04-26 21:28:00,Cancelled,12D,2115.82
251,31,104,1714,2024-03-20 23:20:00,Confirmed,29D,4405.6
252,31,232,3885,2024-06-26 05:10:00,Cancelled,2D,5178.69
253,31,40,660,2024-07-12 17:05:00,Cancelled,2F,1544.67
254,31,183,3022,2024-10-24 05:09:00,Confirmed,21D,474.68
255,31,108,1789,2024-01-05 18:20:00,Cancelled,38D,2006.75
256,31,116,1906,2024-07-08 14:42:00,Confirmed,27B,279.31
257,31,147,2431,2024-11-25 05:02:00,Confirmed,43C,8046.28
258,31,254,4214,2024-01-21 21:35:00,Confirmed,47A,2475.41
259,31,110,1828,2024-11-18 01:02:00,Confirmed,15F,8463.32
260,32,32,527,2024-11-03 05:54:00,Completed,12A,1298.57
261,32,184,3049,2024-12-10 16:42:00,Confirmed,24E,4833.54
262,32,76,1259,2024-07-18 13:34:00,Confirmed,1A,154.84
263,32,291,4775,2024-02-17 10:16:00,Confirmed,20C,3291.71
264,32,66,1095,2024-11-01 01:50:00,Cancelled,33D,2679.22
265,33,260,4297,2024-08-08 10:33:00,Completed,25F,2093.42
266,33,198,3291,2024-05-28 12:47:00,Completed,39D,3955.72
267,33,64,1060,2024-04-10 21:11:00,Confirmed,28B,243.43
268,33,90,1467,2024-02-07 05:01:00,Confirmed,19B,1171.46
269,33,305,5012,2024-05-18 06:50:00,Confirmed,32E,569.73
270,33,284,4656,2024-12-28 03:05:00,Cancelled,10D,691.06
271,33,293,4818,2024-10-20 19:17:00,Confirmed,42B,3742.74
272,33,253,4209,2024-12-07 03:47:00,Confirmed,28D,2302.14
273,33,202,3358,2024-01-24 22:47:00,Confirmed,1C,1971.31
274,33,98,1612,2024-12-06 17:21:00,Confirmed,7A,2606.3
275,34,23,381,2024-06-26 05:17:00,Confirmed,16E,7202.31
276,34,1,16,2024-06-18 22:10:00,Completed,40B,9476.35
277,34,282,4625,2024-10-02 01:28:00,Cancelled,11D,160.49
278,34,214,3573,2024-04-28 07:11:00,Pending,14E,1049.09
279,34,304,4993,2024-07-22 06:13:00,Confirmed,48A,358.24
280,34,249,4143,2024-06-21 03:56:00,Confirmed,49D,2861.12
281,34,89,1451,2024-07-15 03:15:00,Confirmed,50A,364.28
282,34,1,7,2024-02-07 04:42:00,Confirmed,15F,2797.47
283,35,75,1249,2024-02-22 17:54:00,Pending,23B,786.55
284,35,226,3778,2024-12-20 23:54:00,Confirmed,46F,744.84
285,35,10,163,2024-07-16 15:24:00,Confirmed,49F,964.25
286,35,184,3033,2024-10-06 00:40:00,Confirmed,7F,559.07
287,35,132,2183,2024-04-25 02:39:00,Cancelled,27A,7434.75
288,35,225,3774,2024-09-23 03:22:00,Confirmed,35F,6651.85
289,35,123,2024,2024-09-23 09:22:00,Confirmed,44A,680.95
290,35,74,1235,2024-12-13 12:23:00,Completed,35D,3177.91
291,35,85,1400,2024-10-28 11:36:00,Confirmed,29B,3176.99
292,35,153,2524,2024-10-17 18:36:00,Confirmed,21B,9212.71
293,35,300,4935,2024-05-22 13:40:00,Completed,48C,4117.07
294,35,68,1119,2024-10-28 19:01:00,Cancelled,10E,481.64
295,36,208,3466,2024-10-10 02:48:00,Cancelled,32A,1216.17
296,36,281,4608,2024-01-18 19:29:00,Cancelled,17E,376.49
297,36,174,2884,2024-11-20 18:18:00,Confirmed,33B,4907.33
298,36,303,4983,2024-09-28 09:07:00,Confirmed,30E,4001.83
299,36,170,2813,2024-04-13 23:37:00,Confirmed,25C,4461.95
300,36,292,4787,2024-09-01 08:18:00,Completed,11F,1709.44
301,36,254,4217,2024-07-01 10:10:00,Completed,3B,6268.49
302,36,197,3265,2024-03-15 01:25:00,Cancelled,4A,756.9
303,36,271,4460,2024-03-09 17:53:00,Confirmed,50B,718.52
304,37,277,4558,2024-09-19 17:12:00,Completed,22D,4033.42
305,37,152,2500,2024-11-27 17:35:00,Cancelled,31C,629.61
306,37,52,869,2024-09-12 13:55:00,Confirmed,29C,6525.39
307,38,24,388,2024-01-07 01:43:00,Confirmed,44D,726.85
308,38,51,835,2024-10-28 19:22:00,Confirmed,23D,485.21
309,38,146,2399,2024-02-18 08:49:00,Completed,35F,441.88
310,39,212,3539,2024-08-19 01:32:00,Completed,2F,1891.47
311,39,59,970,2024-09-16 05:26:00,Completed,2A,1813.72
312,39,102,1672,2024-07-12 22:07:00,Confirmed,19C,345.76
313,39,126,2065,2024-03-20 19:02:00,Confirmed,22D,263.8
314,39,278,4577,2024-07-27 11:10:00,Confirmed,10B,7793.63
315,39,58,958,2024-06-12 19:38:00,Confirmed,21D,6166.46
316,39,90,1461,2024-03-28 05:07:00,Confirmed,14F,189.56
317,40,147,2416,2024-08-26 00:16:00,Confirmed,25C,519.78
318,40,268,4434,2024-05-22 10:23:00,Cancelled,21B,4835.69
319,40,48,790,2024-04-18 07:20:00,Completed,9C,535.95
320,40,166,2729,2024-12-12 06:06:00,Completed,39A,745.33
321,40,2,28,2024-12-08 12:08:00,Completed,5F,2627.08
322,40,232,3870,2024-04-25 20:09:00,Confirmed,11D,738.03
323,40,134,2218,2024-09-21 17:46:00,Confirmed,21F,7688.77
324,40,160,2632,2024-09-11 05:11:00,Confirmed,44C,281.13
325,40,69,1147,2024-12-28 10:06:00,Pending,21D,3791.7
326,40,182,3017,2024-10-03 14:04:00,Completed,34F,8017.92
327,40,24,387,2024-06-10 19:05:00,Confirmed,18D,681.22
328,40,114,1887,2024-06-21 06:22:00,Confirmed,34F,5888.29
329,40,147,2424,2024-02-27 14:07:00,Confirmed,37D,2445.99
330,41,129,2130,2024-05-28 19:13:00,Confirmed,33E,7075.75
331,41,15,249,2024-04-07 03:33:00,Confirmed,5F,5765.61
332,41,100,1647,2024-04-27 20:33:00,Pending,28A,5179.01
333,41,253,4203,2024-08-17 17:56:00,Completed,5C,6798.92
334,41,87,1427,2024-08-18 15:12:00,Completed,28B,1962.55
335,41,157,2589,2024-11-03 10:11:00,Cancelled,27C,7628.75
336,42,106,1743,2024-06-24 07:30:00,Completed,4A,491.24
337,42,252,4194,2024-10-28 03:22:00,Confirmed,19C,8725.28
338,42,188,3126,2024-08-03 23:30:00,Confirmed,11E,1330.2
339,42,196,3257,2024-10-03 09:14:00,Confirmed,38E,4180.17
340,42,287,4716,2024-05-13 20:50:00,Pending,22A,6380.84
341,42,304,4994,2024-10-19 18:50:00,Confirmed,4E,671.26
342,42,297,4879,2024-09-11 15:14:00,Confirmed,15F,2796.64
343,42,169,2789,2024-03-04 22:05:00,Confirmed,34C,731.47
344,42,144,2356,2024-03-21 09:24:00,Completed,50E,320.05
345,42,148,2438,2024-10-25 21:39:00,Cancelled,29B,2638.72
346,42,280,4597,2024-06-27 15:21:00,Cancelled,49E,897.6
347,42,62,1036,2024-09-24 03:53:00,Confirmed,5D,971.05
348,42,292,4783,2024-08-24 17:38:00,Cancelled,41A,610.0
349,43,149,2452,2024-09-18 06:40:00,Completed,6D,2935.69
350,43,7,118,2024-06-25 18:33:00,Pending,22A,2477.58
351,43,132,2179,2024-04-14 15:48:00,Confirmed,26E,2554.3
352,43,52,859,2024-02-06 23:13:00,Confirmed,33C,1178.41
353,43,213,3559,2024-09-04 02:36:00,Pending,32E,5512.94
354,44,137,2254,2024-06-19 00:56:00,Completed,40F,1336.03
355,44,286,4693,2024-11-28 05:53:00,Confirmed,4C,2616.97
356,44,157,2586,2024-03-18 13:59:00,Confirmed,24A,8135.89
357,44,156,2565,2024-12-17 17:48:00,Completed,48A,415.57
358,45,159,2609,2024-04-05 21:25:00,Completed,8E,634.78
359,45,120,1976,2024-10-03 00:15:00,Confirmed,37D,759.11
360,45,153,2519,2024-03-21 10:22:00,Completed,3E,2725.05
361,45,29,484,2024-12-17 10:52:00,Confirmed,33F,2887.19
362,45,61,1008,2024-01-10 10:03:00,Confirmed,46D,300.66
363,45,103,1693,2024-07-03 10:59:00,Completed,32B,692.17
364,45,187,3106,2024-07-05 14:05:00,Confirmed,47E,8303.61
365,45,198,3285,2024-10-08 06:22:00,Cancelled,46A,1972.64
366,45,166,2736,2024-09-11 13:05:00,Pending,29F,2955.11
367,45,122,2018,2024-02-21 10:55:00,Confirmed,38D,2530.42
368,45,284,4654,2024-03-12 11:50:00,Confirmed,19B,2158.95
369,45,194,3219,2024-11-20 01:42:00,Confirmed,16D,3063.69
370,45,238,3983,2024-03-15 00:54:00,Cancelled,50F,1955.26
371,45,187,3099,2024-07-01 10:58:00,Confirmed,6D,1653.41
372,45,127,2089,2024-05-03 22:43:00,Confirmed,7E,2097.66
373,46,226,3784,2024-06-21 06:21:00,Completed,20D,2519.09
374,46,132,2176,2024-01-12 03:02:00,Cancelled,1B,2265.52
375,46,241,4018,2024-04-01 08:09:00,Confirmed,9E,555.32
376,46,51,840,2024-05-21 08:43:00,Confirmed,49E,595.23
377,46,114,1884,2024-10-11 06:59:00,Confirmed,3D,2475.34
378,46,244,4058,2024-07-09 22:48:00,Cancelled,39F,445.76
379,46,2,30,2024-10-06 05:32:00,Completed,40E,988.23
380,46,223,3722,2024-05-28 10:48:00,Confirmed,46B,639.31
381,46,164,2693,2024-09-24 14:08:00,Confirmed,18B,426.39
382,46,11,175,2024-11-14 17:35:00,Completed,49D,834.06
383,46,134,2220,2024-12-25 01:12:00,Confirmed,33E,3535.14
384,46,32,533,2024-09-16 06:35:00,Cancelled,23E,2825.11
385,46,110,1823,2024-12-08 06:25:00,Confirmed,1C,847.23
386,46,47,773,2024-04-23 00:38:00,Completed,23B,372.6
387,47,206,3434,2024-01-06 17:08:00,Confirmed,11A,3221.67
388,47,130,2147,2024-02-21 05:55:00,Completed,40A,7401.53
389,47,176,2918,2024-08-15 04:00:00,Confirmed,2A,5635.18
390,47,243,4053,2024-12-19 22:17:00,Confirmed,18C,6979.79
391,47,119,1968,2024-09-21 02:03:00,Completed,20A,4653.45
392,47,71,1184,2024-03-25 08:34:00,Confirmed,47F,4685.37
393,47,278,4572,2024-08-05 23:24:00,Completed,37D,3774.25
394,47,102,1677,2024-03-06 11:05:00,Completed,10B,1499.37
395,47,144,2373,2024-01-09 22:41:00,Confirmed,7A,8354.67
396,47,265,4372,2024-10-02 01:12:00,Confirmed,7F,429.39
397,47,188,3126,2024-04-02 15:00:00,Confirmed,45F,1242.36
398,48,28,460,2024-03-25 01:02:00,Completed,16D,650.91
399,48,204,3393,2024-12-05 02:36:00,Confirmed,35E,2144.67
400,48,16,256,2024-01-11 14:30:00,Confirmed,7D,461.64
401,48,121,1994,2024-03-11 18:00:00,Confirmed,40D,609.68
402,48,44,733,2024-04-25 01:41:00,Confirmed,7B,4936.9
403,49,188,3119,2024-10-02 23:32:00,Confirmed,25D,788.94
404,49,70,1168,2024-03-04 00:51:00,Confirmed,46C,8006.2
405,49,201,3339,2024-02-16 03:36:00,Completed,5D,872.12
406,49,3,52,2024-08-09 09:15:00,Pending,10B,7500.35
407,49,150,2471,2024-05-28 04:11:00,Confirmed,26A,510.51
408,49,71,1181,2024-06-06 06:58:00,Completed,10F,1384.53
409,49,9,140,2024-10-09 09:47:00,Completed,31B,317.53
410,49,186,3079,2024-10-01 06:43:00,Cancelled,23C,751.33
411,49,47,774,2024-04-05 15:26:00,Confirmed,20F,303.52
412,49,278,4565,2024-01-22 04:17:00,Completed,23E,528.42
413,49,268,4425,2024-06-04 12:02:00,Confirmed,43A,2653.23
414,50,267,4400,2024-10-27 02:10:00,Confirmed,26F,892.69
415,50,143,2340,2024-12-20 17:56:00,Confirmed,28E,763.91
416,50,207,3452,2024-03-07 14:24:00,Completed,33E,8279.88
417,50,134,2206,2024-05-15 08:01:00,Confirmed,43E,899.51
418,50,44,726,2024-10-04 18:02:00,Cancelled,37B,682.7
419,50,42,703,2024-07-10 01:03:00,Completed,49E,7274.47
420,50,101,1652,2024-07-20 23:40:00,Confirmed,21B,590.35
421,50,139,2283,2024-09-09 16:27:00,Completed,3E,687.4
422,51,58,961,2024-04-19 16:26:00,Confirmed,10F,3014.06
423,51,5,80,2024-03-03 05:12:00,Confirmed,48B,4318.44
424,51,7,120,2024-06-11 00:56:00,Confirmed,4A,5200.53
425,51,9,149,2024-09-17 12:15:00,Completed,26D,2851.32
426,51,119,1961,2024-10-04 19:00:00,Confirmed,50E,2315.92
427,52,60,994,2024-05-04 12:51:00,Cancelled,6D,1555.17
428,52,284,4651,2024-12-21 04:52:00,Cancelled,13D,530.18
429,52,291,4768,2024-11-18 18:46:00,Completed,3D,668.27
430,52,5,73,2024-09-26 23:21:00,Pending,6E,610.36
431,53,235,3933,2024-05-13 07:02:00,Completed,38E,261.41
432,53,138,2272,2024-11-08 07:27:00,Confirmed,16D,2043.55
433,53,41,676,2024-02-17 02:20:00,Cancelled,42C,1317.53
434,53,129,2123,2024-06-17 04:48:00,Completed,10A,2647.74
435,53,95,1550,2024-11-09 21:00:00,Confirmed,49B,335.54
436,53,138,2276,2024-07-14 00:28:00,Completed,39E,6237.61
437,53,125,2052,2024-05-19 22:17:00,Confirmed,10F,1594.25
438,53,27,440,2024-02-02 17:08:00,Cancelled,2B,173.95
439,53,268,4417,2024-02-23 16:09:00,Cancelled,33D,486.41
440,54,144,2368,2024-01-05 12:09:00,Confirmed,5D,2201.13
441,54,130,2147,2024-12-11 04:29:00,Completed,41B,6425.04
442,54,203,3372,2024-05-06 07:22:00,Confirmed,19A,3261.01
443,54,79,1307,2024-10-04 17:08:00,Confirmed,36A,204.36
444,54,206,3430,2024-02-21 05:50:00,Confirmed,37A,2937.89
445,54,143,2350,2024-11-28 12:07:00,Confirmed,39B,2792.08
446,54,109,1795,2024-01-09 13:26:00,Confirmed,36B,234.34
447,54,259,4280,2024-03-15 02:01:00,Completed,12B,265.19
448,54,62,1042,2024-10-24 20:27:00,Confirmed,2F,7464.29
449,54,131,2167,2024-09-23 11:00:00,Confirmed,49C,5623.66
450,54,111,1839,2024-12-25 08:19:00,Confirmed,20F,3724.78
451,54,89,1456,2024-03-15 13:14:00,Confirmed,2A,3327.63
452,55,44,722,2024-06-08 00:23:00,Completed,41B,577.01
453,55,154,2533,2024-08-28 04:16:00,Cancelled,27A,2114.33
454,55,241,4024,2024-07-18 05:10:00,Completed,48F,5459.5
455,55,62,1034,2024-08-22 05:25:00,Confirmed,26D,1419.86
456,55,191,3174,2024-06-23 12:09:00,Confirmed,5E,1308.14
457,55,217,3621,2024-07-28 17:28:00,Completed,40C,1267.29
458,55,232,3878,2024-08-27 02:42:00,Confirmed,14C,2711.35
459,55,8,124,2024-01-14 03:51:00,Confirmed,31C,403.21
460,55,72,1193,2024-03-08 10:55:00,Confirmed,4C,633.03
461,55,206,3435,2024-12-25 12:35:00,Confirmed,6C,7806.43
462,55,213,3546,2024-05-20 23:48:00,Confirmed,37B,477.7
463,55,9,141,2024-07-22 22:17:00,Cancelled,6A,775.41
464,56,305,5018,2024-08-25 06:34:00,Confirmed,30B,2779.41
465,56,2,21,2024-11-14 07:19:00,Cancelled,19E,351.38
466,56,247,4119,2024-03-24 02:33:00,Cancelled,27E,3688.4
467,56,12,191,2024-07-13 08:55:00,Confirmed,7A,251.88
468,57,91,1489,2024-02-06 11:19:00,Completed,6F,2898.93
469,57,93,1528,2024-04-28 00:07:00,Confirmed,40F,9017.78
470,57,262,4325,2024-07-01 07:31:00,Completed,42E,908.02
471,58,26,434,2024-01-07 05:03:00,Confirmed,39D,3662.32
472,58,274,4512,2024-10-20 19:58:00,Confirmed,18A,2447.98
473,58,7,109,2024-04-10 15:52:00,Confirmed,45D,2999.38
474,58,49,811,2024-10-27 14:48:00,Confirmed,50F,3477.89
475,58,52,860,2024-11-25 12:56:00,Completed,23F,1096.07
476,58,307,5054,2024-01-24 16:16:00,Cancelled,41D,6179.02
477,58,260,4292,2024-06-28 11:58:00,Confirmed,14D,234.14
478,58,169,2792,2024-04-11 16:10:00,Confirmed,11E,407.15
479,58,262,4330,2024-11-28 14:33:00,Confirmed,50D,8058.43
480,59,28,461,2024-12-08 14:07:00,Confirmed,2E,674.1
481,59,253,4195,2024-02-25 19:30:00,Confirmed,13F,659.29
482,59,297,4881,2024-10-21 12:16:00,Completed,35B,8945.34
483,59,238,3975,2024-06-27 07:02:00,Confirmed,7A,172.85
484,59,91,1492,2024-05-18 00:43:00,Confirmed,23D,7123.72
485,59,246,4101,2024-01-01 05:41:00,Completed,13B,8114.3
486,59,106,1748,2024-07-06 05:52:00,Cancelled,25E,402.68
487,59,189,3133,2024-09-12 14:16:00,Confirmed,25D,361.66
488,59,176,2921,2024-02-14 19:44:00,Cancelled,24F,6349.52
489,59,70,1164,2024-02-11 01:47:00,Confirmed,20B,1200.17
490,59,191,3182,2024-02-01 15:59:00,Confirmed,3F,2408.45
491,59,259,4282,2024-05-26 05:18:00,Completed,45A,2011.01
492,60,267,4409,2024-04-19 04:18:00,Confirmed,5B,1250.65
493,60,12,194,2024-01-10 03:47:00,Completed,5A,631.26
494,60,158,2592,2024-04-02 04:06:00,Confirmed,31F,222.2
495,60,181,2988,2024-12-18 12:44:00,Completed,16B,1484.41
496,60,306,5034,2024-06-08 09:35:00,Confirmed,2A,840.15
497,60,138,2263,2024-08-14 08:49:00,Confirmed,38D,434.27
498,60,60,1002,2024-06-16 07:35:00,Completed,8B,3520.2
499,60,271,4473,2024-02-15 15:21:00,Confirmed,38C,5659.49
500,60,281,4611,2024-08-17 03:21:00,Confirmed,41A,193.17
501,60,298,4904,2024-08-06 07:46:00,Confirmed,19D,7581.97
502,60,183,3030,2024-05-14 14:29:00,Confirmed,29A,4668.42
503,60,14,224,2024-08-07 01:52:00,Confirmed,25C,530.24
504,61,235,3938,2024-09-21 07:30:00,Confirmed,7D,8572.69
505,61,159,2606,2024-05-08 16:01:00,Completed,19A,732.6
506,61,150,2472,2024-09-28 10:45:00,Confirmed,4B,604.43
507,61,281,4610,2024-03-11 08:49:00,Cancelled,26B,651.07
508,61,221,3694,2024-03-18 16:53:00,Confirmed,27D,3111.94
509,61,125,2054,2024-03-01 14:41:00,Cancelled,10D,1391.18
510,61,34,554,2024-12-07 10:13:00,Pending,26D,1569.29
511,61,206,3421,2024-12-05 11:38:00,Completed,28F,518.86
512,61,248,4129,2024-08-20 01:26:00,Cancelled,17E,2128.31
513,61,260,4288,2024-07-19 21:14:00,Cancelled,50C,686.96
514,61,117,1928,2024-05-01 11:50:00,Confirmed,39B,763.12
515,61,232,3886,2024-04-19 13:47:00,Completed,39D,3762.21
516,61,211,3515,2024-05-25 00:20:00,Cancelled,21D,1599.75
517,61,221,3689,2024-01-24 15:32:00,Confirmed,46C,848.62
518,61,171,2821,2024-05-06 13:54:00,Completed,2B,342.5
519,62,261,4317,2024-05-05 05:30:00,Confirmed,9D,7782.13
520,62,103,1690,2024-03-02 22:11:00,Cancelled,31A,701.3
521,62,53,872,2024-02-27 14:53:00,Completed,28E,264.88
522,62,60,989,2024-08-04 13:10:00,Confirmed,40E,767.07
523,62,184,3048,2024-02-10 08:53:00,Cancelled,15A,3472.72
524,62,185,3071,2024-03-04 13:37:00,Cancelled,12B,6786.64
525,62,15,243,2024-03-24 13:36:00,Confirmed,18B,1953.25
526,62,196,3257,2024-05-16 02:03:00,Confirmed,5D,4391.07
527,62,228,3806,2024-01-07 02:25:00,Confirmed,50A,944.21
528,62,170,2806,2024-11-01 01:18:00,Confirmed,27D,430.22
529,62,92,1504,2024-05-09 12:36:00,Confirmed,29B,1637.4
530,62,281,4614,2024-05-26 14:27:00,Completed,1E,1946.71
531,62,110,1822,2024-10-02 23:25:00,Confirmed,4B,488.68
532,62,174,2866,2024-10-24 19:52:00,Confirmed,45E,891.31
533,62,108,1794,2024-12-20 07:08:00,Confirmed,49D,3473.49
534,63,268,4432,2024-02-06 18:07:00,Confirmed,42A,9041.75
535,63,149,2446,2024-10-27 13:03:00,Confirmed,27D,369.38
536,63,195,3237,2024-11-11 05:29:00,Cancelled,20C,2181.22
537,63,102,1683,2024-10-16 08:39:00,Cancelled,2D,3110.24
538,63,1,5,2024-09-28 17:27:00,Confirmed,48D,509.51
539,64,204,3382,2024-01-06 01:34:00,Completed,7E,670.64
540,64,86,1408,2024-10-02 05:11:00,Completed,50C,2688.39
541,64,118,1952,2024-10-02 08:16:00,Completed,38B,6595.36
542,64,87,1421,2024-03-12 06:15:00,Confirmed,11B,686.66
543,64,177,2929,2024-02-02 04:51:00,Cancelled,22C,1177.01
544,64,29,487,2024-02-20 23:14:00,Confirmed,46F,2914.49
545,64,17,274,2024-04-28 12:37:00,Cancelled,36C,354.13
546,64,104,1706,2024-10-07 07:12:00,Confirmed,16D,290.14
547,65,295,4851,2024-07-05 00:51:00,Confirmed,48F,3599.19
548,65,267,4411,2024-11-08 03:08:00,Completed,49C,5276.55
549,65,45,742,2024-03-19 01:28:00,Completed,26C,798.32
550,65,305,5012,2024-10-20 04:03:00,Confirmed,32D,471.81
551,65,99,1623,2024-02-16 14:19:00,Confirmed,5A,2304.1
552,66,91,1494,2024-10-25 08:41:00,Confirmed,29C,7126.57
553,66,48,802,2024-10-05 05:25:00,Completed,7D,8562.46
554,66,184,3051,2024-04-24 12:08:00,Completed,18D,4007.29
555,66,159,2610,2024-03-22 16:40:00,Confirmed,7B,610.1
556,66,13,209,2024-10-14 03:28:00,Confirmed,1E,939.39
557,66,296,4859,2024-03-22 23:56:00,Confirmed,9C,155.1
558,66,30,501,2024-04-06 22:06:00,Cancelled,22C,6573.49
559,66,5,82,2024-06-04 08:13:00,Confirmed,38F,8057.61
560,66,52,861,2024-05-08 21:53:00,Completed,32E,2447.97
561,67,69,1145,2024-05-15 19:08:00,Completed,9B,2054.34
562,67,46,766,2024-09-18 07:45:00,Cancelled,44C,2620.34
563,67,268,4422,2024-02-19 05:47:00,Confirmed,50E,2868.75
564,67,237,3958,2024-08-02 13:31:00,Completed,13B,700.77
565,67,117,1921,2024-03-19 18:35:00,Confirmed,40A,186.04
566,67,83,1360,2024-06-15 22:34:00,Pending,18A,334.53
567,67,257,4258,2024-06-21 16:50:00,Completed,34B,2180.81
568,67,269,4436,2024-03-25 10:44:00,Completed,9D,790.02
569,67,86,1409,2024-01-24 16:17:00,Confirmed,38B,2590.49
570,67,180,2969,2024-05-07 20:55:00,Confirmed,38D,519.95
571,68,277,4551,2024-03-06 05:55:00,Completed,35B,3072.66
572,68,175,2890,2024-12-26 21:59:00,Confirmed,20D,285.38
573,68,86,1410,2024-09-14 06:37:00,Completed,42A,3067.12
574,68,45,743,2024-03-26 05:15:00,Confirmed,37E,1874.47
575,68,88,1434,2024-10-01 00:38:00,Confirmed,11F,777.49
576,69,20,326,2024-03-14 12:00:00,Completed,22A,2721.53
577,69,290,4758,2024-06-14 06:11:00,Completed,42A,947.41
578,69,9,154,2024-12-08 19:04:00,Completed,37B,6673.88
579,69,122,2013,2024-06-25 06:34:00,Confirmed,20D,379.21
580,69,46,768,2024-02-19 07:24:00,Cancelled,27A,3349.13
581,69,262,4333,2024-03-15 15:42:00,Confirmed,26A,7374.61
582,69,206,3425,2024-01-16 13:55:00,Confirmed,46E,808.96
583,69,175,2900,2024-01-01 18:20:00,Confirmed,18D,4366.66
584,69,45,739,2024-08-27 13:42:00,Confirmed,8B,225.91
585,69,99,1624,2024-07-04 00:41:00,Cancelled,19F,2984.69
586,70,214,3566,2024-05-05 06:45:00,Confirmed,19A,531.45
587,70,98,1611,2024-08-06 14:30:00,Confirmed,24D,2132.08
588,70,207,3443,2024-01-14 22:13:00,Cancelled,12E,2371.32
589,70,23,369,2024-05-14 02:30:00,Confirmed,33E,457.11
590,71,10,162,2024-02-27 15:39:00,Confirmed,20F,1278.69
591,71,92,1498,2024-01-06 09:35:00,Confirmed,50C,787.46
592,71,39,638,2024-08-06 07:17:00,Completed,13E,388.65
593,71,191,3185,2024-10-09 14:36:00,Confirmed,23C,3510.35
594,71,266,4392,2024-06-24 07:24:00,Confirmed,36E,352.58
595,71,21,340,2024-05-23 14:11:00,Confirmed,46C,813.25
596,71,31,518,2024-11-01 00:38:00,Confirmed,22F,3751.3
597,71,156,2564,2024-08-24 08:11:00,Completed,16C,279.41
598,71,294,4834,2024-10-01 01:37:00,Confirmed,5C,8946.76
599,71,210,3501,2024-01-10 15:54:00,Confirmed,7C,3337.37
600,72,223,3733,2024-09-17 08:17:00,Confirmed,47D,6799.54
601,72,41,675,2024-09-25 14:53:00,Completed,27C,1593.38
602,72,204,3393,2024-08-05 21:56:00,Confirmed,36A,2158.1
603,72,182,3013,2024-11-10 22:05:00,Completed,48E,1089.5
604,72,285,4680,2024-01-02 04:28:00,Cancelled,37A,4937.64
605,72,6,91,2024-09-10 10:02:00,Cancelled,36D,3361.56
606,73,145,2377,2024-04-12 13:48:00,Confirmed,3B,793.87
607,73,123,2032,2024-08-09 13:37:00,Confirmed,26D,3296.21
608,73,216,3605,2024-11-07 00:52:00,Completed,8E,3428.34
609,74,92,1500,2024-12-06 13:26:00,Confirmed,37F,666.17
610,74,140,2304,2024-02-20 00:49:00,Confirmed,33D,2455.59
611,74,164,2696,2024-04-17 10:43:00,Completed,25D,360.89
612,74,102,1682,2024-10-14 06:19:00,Confirmed,33F,1095.77
613,74,308,5062,2024-09-25 15:25:00,Completed,41C,794.36
614,75,150,2480,2024-10-05 04:53:00,Confirmed,17F,6392.54
615,75,280,4596,2024-07-25 22:48:00,Completed,44F,517.07
616,75,218,3628,2024-01-14 12:13:00,Confirmed,5D,777.82
617,76,81,1335,2024-10-22 00:30:00,Completed,38B,3042.65
618,76,251,4170,2024-10-03 21:36:00,Completed,32A,793.51
619,76,280,4603,2024-03-14 22:20:00,Completed,50B,3427.92
620,76,227,3799,2024-02-15 23:58:00,Confirmed,20E,4078.45
621,76,131,2150,2024-03-13 18:18:00,Confirmed,45E,649.99
622,76,266,4388,2024-11-22 07:56:00,Completed,21C,620.78
623,76,300,4928,2024-12-01 03:18:00,Cancelled,27D,1989.96
624,76,13,220,2024-07-20 05:04:00,Completed,29B,1139.22
625,76,1,17,2024-06-09 19:33:00,Pending,15E,2549.78
626,76,253,4200,2024-12-25 08:42:00,Completed,45B,1612.49
627,76,38,618,2024-08-24 17:07:00,Confirmed,1D,831.44
628,76,186,3088,2024-11-09 21:14:00,Confirmed,42E,5186.59
629,76,290,4751,2024-01-04 12:41:00,Completed,38F,556.3
630,76,70,1163,2024-11-17 02:21:00,Completed,50A,1553.12
631,76,57,938,2024-08-02 19:09:00,Confirmed,29A,1293.59
632,77,16,255,2024-09-21 17:02:00,Completed,5D,440.77
633,77,79,1306,2024-07-05 16:10:00,Confirmed,12F,446.95
634,77,147,2425,2024-05-27 16:20:00,Confirmed,2D,771.95
635,77,72,1207,2024-09-17 21:37:00,Pending,12F,3959.84
636,77,229,3826,2024-11-09 02:04:00,Confirmed,38F,1302.83
637,77,56,921,2024-12-20 12:54:00,Completed,26D,1799.72
638,78,8,128,2024-09-02 16:08:00,Confirmed,8D,581.78
639,78,28,466,2024-11-25 05:59:00,Cancelled,17C,2079.5
640,78,134,2207,2024-04-11 19:24:00,Confirmed,17C,306.28
641,78,258,4276,2024-11-27 15:57:00,Confirmed,48F,5202.54
642,78,147,2419,2024-11-22 04:19:00,Completed,14D,362.39
643,79,9,153,2024-10-03 04:14:00,Confirmed,12E,6285.86
644,79,132,2182,2024-10-15 12:52:00,Completed,16E,2476.21
645,79,186,3087,2024-11-25 14:00:00,Completed,16D,6535.4
646,79,159,2608,2024-03-28 22:19:00,Confirmed,45D,659.03
647,79,127,2096,2024-09-25 02:44:00,Confirmed,24C,3230.76
648,79,8,134,2024-04-28 12:52:00,Completed,33E,8148.79
649,79,72,1204,2024-02-12 22:36:00,Confirmed,34C,1198.41
650,79,138,2265,2024-12-13 13:09:00,Pending,15D,622.26
651,79,19,315,2024-07-13 14:38:00,Pending,27C,5662.72
652,79,292,4795,2024-02-05 11:37:00,Completed,43B,6983.56
653,79,67,1106,2024-12-02 08:11:00,Confirmed,11D,534.79
654,79,281,4618,2024-10-05 00:24:00,Confirmed,30E,1860.44
655,80,201,3344,2024-03-07 11:24:00,Cancelled,39F,4125.09
656,80,76,1265,2024-10-24 19:50:00,Confirmed,14C,1707.97
657,80,276,4529,2024-12-16 12:35:00,Completed,29E,178.41
658,80,94,1535,2024-06-25 13:00:00,Confirmed,34B,1681.78
659,80,24,401,2024-09-28 08:57:00,Confirmed,21B,7121.23
660,80,300,4941,2024-09-24 06:48:00,Confirmed,9D,6150.82
661,80,5,81,2024-01-01 02:18:00,Cancelled,43F,8404.76
662,80,228,3821,2024-07-05 19:46:00,Confirmed,20F,9131.71
663,80,112,1859,2024-01-28 09:46:00,Confirmed,20A,3598.45
664,80,8,137,2024-04-17 18:31:00,Completed,35D,4082.21
665,80,65,1085,2024-01-19 19:34:00,Confirmed,43D,2244.84
666,80,148,2435,2024-03-24 21:44:00,Completed,22E,365.4
667,81,74,1240,2024-01-17 05:14:00,Confirmed,37D,4008.91
668,81,210,3495,2024-07-20 03:39:00,Cancelled,40D,792.68
669,81,62,1025,2024-10-27 17:58:00,Completed,42C,190.37
670,81,199,3296,2024-09-05 00:05:00,Confirmed,41A,179.26
671,81,220,3675,2024-10-14 13:06:00,Confirmed,22D,4891.14
672,81,75,1253,2024-11-24 20:49:00,Completed,20B,7732.38
673,81,153,2518,2024-08-09 03:45:00,Confirmed,5F,793.3
674,81,97,1591,2024-08-22 19:20:00,Confirmed,4D,792.52
675,81,241,4016,2024-08-07 20:10:00,Pending,23A,176.29
676,81,112,1850,2024-07-03 18:48:00,Pending,10F,608.24
677,81,166,2733,2024-10-24 18:38:00,Cancelled,34D,1785.83
678,81,96,1585,2024-04-15 01:12:00,Confirmed,19C,7069.03
679,81,137,2254,2024-08-10 17:38:00,Confirmed,28A,1108.51
680,81,218,3637,2024-12-18 13:55:00,Confirmed,5A,1767.79
681,82,231,3854,2024-07-11 02:49:00,Confirmed,31F,273.72
682,82,17,280,2024-12-18 11:05:00,Confirmed,43B,2769.81
683,82,267,4410,2024-10-12 02:17:00,Confirmed,17A,7942.76
684,82,302,4957,2024-02-18 11:32:00,Confirmed,48A,482.42
685,82,47,782,2024-06-27 14:16:00,Completed,26F,775.3
686,82,181,2997,2024-04-20 21:07:00,Confirmed,32D,8767.57
687,82,2,23,2024-01-10 00:37:00,Completed,1F,769.98
688,82,155,2552,2024-06-10 03:34:00,Confirmed,49B,2330.44
689,82,301,4950,2024-12-18 04:11:00,Confirmed,44B,2977.1
690,82,294,4822,2024-07-13 05:49:00,Completed,16E,664.02
691,82,184,3046,2024-09-18 12:43:00,Cancelled,45F,2432.61
692,82,10,173,2024-11-15 17:34:00,Confirmed,11E,3918.88
693,82,168,2769,2024-02-13 09:44:00,Cancelled,14F,165.01
694,82,118,1940,2024-06-24 13:08:00,Completed,39D,817.17
695,83,131,2160,2024-01-17 16:57:00,Completed,28D,1003.85
696,83,21,349,2024-09-24 19:35:00,Pending,39B,2773.47
697,83,21,337,2024-11-23 03:38:00,Confirmed,47F,885.41
698,83,141,2312,2024-04-03 02:12:00,Completed,25D,1577.18
699,83,50,822,2024-02-11 17:17:00,Cancelled,22B,391.92
700,83,197,3272,2024-04-06 21:07:00,Cancelled,3C,6146.08
701,83,223,3726,2024-11-22 05:09:00,Confirmed,31F,628.92
702,84,233,3900,2024-08-09 11:45:00,Confirmed,45A,1729.85
703,84,264,4357,2024-11-22 04:58:00,Confirmed,29A,565.23
704,84,144,2370,2024-07-24 02:52:00,Confirmed,16E,3610.38
705,85,207,3451,2024-08-26 12:26:00,Confirmed,16C,5150.55
706,85,288,4721,2024-07-01 11:14:00,Confirmed,25A,2732.42
707,85,265,4380,2024-05-01 04:23:00,Cancelled,29A,5713.1
708,85,107,1771,2024-07-17 12:03:00,Completed,26B,2461.9
709,85,21,341,2024-07-13 07:27:00,Confirmed,9F,618.46
710,85,263,4350,2024-11-03 20:40:00,Completed,40E,4682.76
711,85,293,4815,2024-02-01 06:37:00,Confirmed,11A,7694.35
712,86,118,1944,2024-11-01 04:23:00,Cancelled,22B,751.46
713,86,100,1639,2024-08-25 11:36:00,Cancelled,15A,1174.96
714,86,287,4707,2024-11-27 05:25:00,Cancelled,35D,2519.16
715,86,22,353,2024-03-28 14:22:00,Completed,19F,493.58
716,86,160,2636,2024-05-26 08:40:00,Confirmed,21C,2177.13
717,86,278,4562,2024-10-10 22:18:00,Confirmed,6A,575.05
718,86,278,4567,2024-01-21 17:07:00,Cancelled,23F,461.08
719,86,174,2871,2024-09-07 09:56:00,Confirmed,22D,290.7
720,86,200,3328,2024-03-28 05:38:00,Confirmed,8D,5099.75
721,86,307,5051,2024-08-02 10:44:00,Confirmed,27A,3319.68
722,86,207,3441,2024-03-10 17:27:00,Confirmed,29F,748.96
723,86,76,1264,2024-07-13 00:08:00,Completed,5C,2281.78
724,86,248,4129,2024-06-01 02:23:00,Cancelled,5D,2153.94
725,86,114,1888,2024-11-24 20:05:00,Completed,21D,3703.97
726,86,27,443,2024-06-17 14:36:00,Confirmed,17C,843.87
727,87,104,1714,2024-04-19 10:19:00,Confirmed,46D,4433.76
728,87,131,2165,2024-12-24 11:13:00,Completed,45D,2100.64
729,87,292,4781,2024-01-11 23:29:00,Completed,6F,414.99
730,87,260,4299,2024-11-19 17:25:00,Completed,20F,3274.7
731,88,290,4758,2024-04-14 10:24:00,Cancelled,13C,1138.07
732,88,303,4975,2024-08-09 20:42:00,Confirmed,1C,677.06
733,88,230,3840,2024-01-25 05:15:00,Cancelled,31F,3063.6
734,88,44,727,2024-09-09 07:54:00,Cancelled,37B,794.59
735,88,82,1344,2024-01-20 11:27:00,Confirmed,10F,392.39
736,88,301,4946,2024-12-16 06:50:00,Confirmed,26C,1497.62
737,88,129,2123,2024-01-06 17:58:00,Confirmed,11D,2393.03
738,88,225,3770,2024-07-20 18:41:00,Confirmed,31B,1137.23
739,88,79,1307,2024-04-24 17:55:00,Confirmed,9B,194.77
740,89,91,1494,2024-01-19 03:16:00,Confirmed,28E,8164.03
741,89,94,1548,2024-04-25 05:33:00,Confirmed,20D,2527.71
742,89,35,579,2024-10-19 16:09:00,Confirmed,44D,3619.65
743,89,165,2715,2024-06-28 02:21:00,Cancelled,9D,2852.28
744,89,28,472,2024-08-11 13:36:00,Cancelled,13E,8859.92
745,89,109,1812,2024-02-01 00:45:00,Completed,16B,2602.31
746,89,76,1268,2024-03-25 13:40:00,Confirmed,9D,3018.27
747,89,220,3682,2024-08-15 06:13:00,Confirmed,47E,6952.58
748,89,17,277,2024-07-13 09:46:00,Completed,29A,602.68
749,89,103,1699,2024-09-12 01:15:00,Confirmed,40C,3637.85
750,89,85,1389,2024-10-17 09:08:00,Confirmed,3F,378.15
751,89,232,3875,2024-12-10 23:03:00,Confirmed,2F,782.62
752,89,213,3559,2024-08-26 11:32:00,Confirmed,9C,5410.68
753,90,2,20,2024-07-27 05:00:00,Confirmed,26B,441.84
754,90,250,4165,2024-11-12 20:54:00,Completed,17D,8181.02
755,90,35,582,2024-05-19 14:17:00,Confirmed,38B,5143.64
756,90,52,856,2024-09-07 18:44:00,Cancelled,48E,2277.85
757,90,269,4438,2024-12-09 19:50:00,Cancelled,46E,197.77
758,90,210,3501,2024-01-19 23:39:00,Completed,1C,3510.57
759,90,298,4893,2024-12-26 21:13:00,Confirmed,28C,413.67
760,90,107,1774,2024-03-05 23:14:00,Confirmed,25A,1505.41
761,90,64,1072,2024-02-06 22:35:00,Completed,35F,6422.7
762,90,37,612,2024-11-28 03:21:00,Cancelled,22B,1095.01
763,90,125,2061,2024-01-01 22:04:00,Confirmed,48F,4127.42
764,90,81,1339,2024-03-07 18:33:00,Confirmed,32C,7949.45
765,91,80,1324,2024-06-13 22:29:00,Cancelled,5E,4024.38
766,91,246,4106,2024-09-05 04:13:00,Cancelled,42D,4825.57
767,91,28,474,2024-06-22 17:54:00,Confirmed,4D,5024.81
768,91,38,632,2024-12-07 22:46:00,Cancelled,26C,6782.19
769,91,229,3831,2024-12-19 19:34:00,Pending,26A,9464.13
770,92,161,2659,2024-09-14 21:28:00,Cancelled,25B,3997.55
771,92,269,4437,2024-04-01 19:54:00,Confirmed,26A,792.92
772,92,25,416,2024-09-02 18:56:00,Confirmed,26B,5701.94
773,92,4,61,2024-02-14 10:22:00,Completed,44E,2126.39
774,92,200,3329,2024-05-11 15:42:00,Completed,21C,8895.76
775,92,178,2937,2024-08-12 03:11:00,Confirmed,1A,529.34
776,92,26,429,2024-07-17 14:21:00,Completed,34B,1994.59
777,92,145,2386,2024-11-02 11:04:00,Confirmed,21A,884.89
778,92,76,1261,2024-03-09 09:16:00,Confirmed,40D,1718.76
779,92,147,2426,2024-01-05 06:12:00,Completed,28A,3006.36
780,92,253,4199,2024-04-27 10:52:00,Confirmed,5D,1291.43
781,92,10,163,2024-04-14 06:02:00,Confirmed,18B,1149.55
782,92,105,1739,2024-09-21 13:03:00,Completed,22F,7960.32
783,92,24,398,2024-09-20 23:34:00,Pending,50C,3487.56
784,92,34,567,2024-04-09 21:37:00,Completed,41A,3345.43
785,93,233,3897,2024-10-16 18:56:00,Completed,22B,1189.53
786,93,277,4549,2024-05-04 06:23:00,Confirmed,1C,843.67
787,93,158,2604,2024-01-15 06:22:00,Confirmed,45D,9059.41
788,93,149,2451,2024-09-01 18:20:00,Cancelled,15E,3192.69
789,93,125,2058,2024-11-01 10:37:00,Completed,3B,3254.48
790,93,212,3541,2024-01-06 22:39:00,Confirmed,3B,3275.26
791,93,44,738,2024-06-17 19:48:00,Confirmed,40A,3861.33
792,93,230,3840,2024-04-28 09:09:00,Confirmed,48D,2478.98
793,93,225,3767,2024-08-10 17:27:00,Cancelled,8F,763.5
794,93,154,2530,2024-02-17 13:47:00,Completed,34F,270.0
795,93,79,1303,2024-04-01 16:33:00,Confirmed,39C,642.56
796,93,257,4260,2024-07-23 16:51:00,Confirmed,27B,4481.91
797,94,109,1801,2024-03-14 00:47:00,Completed,25F,187.48
798,94,140,2294,2024-03-15 13:53:00,Completed,14A,617.0
799,94,218,3633,2024-04-23 00:24:00,Completed,14F,1263.04
800,94,43,709,2024-06-03 16:59:00,Completed,30E,466.11
801,94,246,4102,2024-03-10 04:56:00,Confirmed,22E,8076.76
802,94,156,2560,2024-07-20 17:37:00,Completed,10B,874.72
803,95,225,3770,2024-12-05 07:41:00,Confirmed,33E,1215.16
804,95,13,221,2024-03-06 07:30:00,Cancelled,3F,6364.94
805,95,210,3510,2024-06-27 08:55:00,Confirmed,41D,5066.1
806,95,27,456,2024-11-18 08:51:00,Confirmed,21F,7750.61
807,95,129,2126,2024-02-21 14:26:00,Confirmed,38E,8706.93
808,96,271,4462,2024-09-20 21:02:00,Completed,30E,616.26
809,96,33,544,2024-06-19 02:20:00,Confirmed,38C,5060.37
810,96,183,3028,2024-09-20 22:40:00,Confirmed,36B,2162.14
811,96,249,4142,2024-05-18 16:28:00,Confirmed,10A,504.74
812,97,234,3924,2024-07-03 04:15:00,Cancelled,12A,6200.78
813,97,300,4937,2024-01-21 10:47:00,Completed,35A,2733.95
814,97,76,1268,2024-10-21 17:33:00,Completed,49A,2966.44
815,97,252,4185,2024-03-27 00:41:00,Confirmed,26D,790.0
816,97,297,4883,2024-01-28 03:03:00,Confirmed,31B,2509.97
817,97,294,4830,2024-09-05 12:35:00,Confirmed,18F,3324.87
818,97,252,4190,2024-11-28 13:42:00,Completed,3B,3225.98
819,97,158,2591,2024-01-14 15:20:00,Cancelled,34F,696.36
820,97,112,1846,2024-04-11 11:44:00,Completed,29B,426.76
821,97,50,832,2024-03-27 21:57:00,Confirmed,22C,8006.28
822,97,21,350,2024-11-28 10:28:00,Confirmed,9F,3938.82
823,97,46,767,2024-09-16 19:38:00,Completed,34C,2970.52
824,97,140,2296,2024-05-02 09:23:00,Confirmed,7A,2560.64
825,98,32,524,2024-05-16 01:41:00,Confirmed,10B,866.32
826,98,160,2644,2024-01-07 12:34:00,Confirmed,41D,9794.55
827,98,265,4374,2024-10-03 23:02:00,Confirmed,29E,1033.23
828,98,219,3657,2024-09-02 04:14:00,Confirmed,50F,7935.55
829,98,132,2188,2024-06-14 16:18:00,Pending,37C,2702.34
830,98,12,203,2024-04-27 13:46:00,Pending,2A,8849.63
831,98,212,3539,2024-04-05 19:20:00,Completed,33F,1779.68
832,99,59,976,2024-06-19 15:23:00,Completed,39F,3127.17
833,99,72,1207,2024-11-15 07:06:00,Pending,50F,3595.51
834,99,104,1708,2024-12-02 04:36:00,Confirmed,24F,464.45
835,99,151,2493,2024-11-06 07:14:00,Confirmed,48C,2332.99
836,99,34,566,2024-09-12 20:47:00,Confirmed,28D,8032.75
837,99,12,197,2024-08-07 09:18:00,Completed,46C,2836.32
838,100,88,1448,2024-12-04 11:47:00,Confirmed,19F,4521.35
839,100,41,675,2024-11-16 08:47:00,Completed,8D,1689.31
840,100,32,522,2024-08-01 10:00:00,Completed,5E,319.88
841,100,47,771,2024-07-19 17:04:00,Completed,7B,858.13
842,100,149,2457,2024-05-22 15:24:00,Confirmed,38C,2294.76
843,100,281,4608,2024-04-23 15:51:00,Confirmed,9E,388.96
844,100,62,1028,2024-09-13 09:42:00,Confirmed,13A,634.17
845,100,75,1242,2024-07-28 20:22:00,Completed,37F,794.21
846,100,292,4794,2024-07-23 05:07:00,Confirmed,25D,3632.26
847,101,61,1009,2024-10-24 12:26:00,Pending,1B,349.61
848,101,156,2568,2024-12-13 07:17:00,Pending,3B,2009.72
849,101,63,1049,2024-03-22 22:14:00,Cancelled,3A,724.29
850,101,104,1711,2024-12-15 13:35:00,Confirmed,23E,1396.72
851,101,8,133,2024-02-16 14:39:00,Confirmed,20C,2186.99
852,101,199,3307,2024-02-09 09:01:00,Confirmed,50C,722.35
853,101,31,514,2024-08-10 12:58:00,Completed,9D,2473.79
854,101,26,431,2024-02-18 12:15:00,Confirmed,14A,2551.1
855,101,283,4650,2024-10-26 11:47:00,Confirmed,40F,8203.06
856,101,166,2744,2024-06-19 05:40:00,Cancelled,25C,4272.08
857,102,46,760,2024-05-20 01:01:00,Completed,36C,379.45
858,102,2,21,2024-03-24 10:21:00,Completed,14C,337.92
859,102,144,2364,2024-11-09 17:25:00,Confirmed,35B,2749.55
860,102,286,4692,2024-01-10 15:48:00,Confirmed,17C,2953.12
861,102,137,2261,2024-07-24 23:44:00,Cancelled,19E,3924.82
862,102,99,1622,2024-03-12 02:07:00,Completed,30E,1851.97
863,102,255,4236,2024-08-19 10:13:00,Completed,1C,4551.29
864,102,7,115,2024-10-11 09:15:00,Cancelled,28A,1012.68
865,102,254,4210,2024-04-02 22:33:00,Confirmed,4A,586.78
866,102,266,4391,2024-08-08 02:19:00,Confirmed,6A,347.55
867,102,125,2050,2024-04-14 15:34:00,Cancelled,1D,270.46
868,102,272,4494,2024-02-18 14:06:00,Cancelled,41E,4475.43
869,102,159,2623,2024-07-10 04:21:00,Completed,27F,6934.92
870,102,272,4489,2024-11-27 00:09:00,Completed,43B,1029.98
871,102,121,2003,2024-12-03 11:16:00,Completed,1D,6896.08
872,103,26,433,2024-03-07 01:11:00,Confirmed,22F,3672.17
873,103,166,2746,2024-12-01 21:20:00,Confirmed,19F,8652.19
874,103,47,783,2024-02-10 04:01:00,Confirmed,7C,6716.83
875,104,128,2098,2024-06-24 18:36:00,Confirmed,26D,607.79
876,104,124,2047,2024-04-28 23:33:00,Confirmed,9C,7475.46
877,104,19,307,2024-01-11 07:55:00,Confirmed,43B,766.38
878,104,24,387,2024-06-13 04:41:00,Pending,48E,644.29
879,105,23,380,2024-02-04 06:16:00,Confirmed,37A,4304.82
880,105,96,1577,2024-04-21 05:23:00,Confirmed,8B,1392.63
881,105,78,1297,2024-04-24 19:16:00,Completed,44C,2273.06
882,105,166,2731,2024-03-07 09:11:00,Confirmed,20E,298.9
883,105,218,3627,2024-07-26 00:11:00,Confirmed,28B,358.7
884,105,133,2193,2024-03-24 01:46:00,Pending,16D,894.3
885,105,222,3718,2024-11-22 15:40:00,Completed,18F,6206.53
886,105,286,4693,2024-09-21 20:23:00,Confirmed,15C,2662.85
887,105,200,3316,2024-02-11 22:11:00,Pending,26C,662.45
888,105,165,2724,2024-10-28 02:17:00,Completed,11C,2483.86
889,105,122,2018,2024-11-17 01:39:00,Confirmed,7C,2836.37
890,105,232,3873,2024-06-08 07:25:00,Cancelled,11C,662.28
891,105,217,3618,2024-05-25 12:27:00,Cancelled,22B,2506.99
892,105,280,4598,2024-10-23 22:44:00,Confirmed,41E,1148.96
893,105,275,4518,2024-06-24 07:09:00,Completed,46D,419.42
894,106,295,4853,2024-03-10 03:21:00,Confirmed,30F,3892.0
895,106,206,3428,2024-04-24 20:35:00,Confirmed,14F,2580.26
896,106,143,2348,2024-07-18 10:32:00,Confirmed,37A,5038.11
897,106,204,3383,2024-02-13 23:34:00,Cancelled,38F,285.03
898,106,118,1937,2024-10-20 17:50:00,Confirmed,23B,391.49
899,106,246,4097,2024-02-04 12:57:00,Cancelled,45D,1079.04
900,106,44,725,2024-01-08 00:31:00,Confirmed,25A,393.03
901,106,231,3863,2024-12-06 00:06:00,Cancelled,31E,7780.91
902,106,10,157,2024-09-05 12:46:00,Confirmed,9A,344.87
903,106,142,2339,2024-07-26 06:37:00,Completed,29D,4422.78
904,107,161,2649,2024-11-09 04:47:00,Completed,11D,694.41
905,107,147,2430,2024-06-25 12:13:00,Confirmed,7D,7169.71
906,107,69,1137,2024-12-19 18:40:00,Confirmed,26E,436.26
907,107,131,2149,2024-09-28 21:05:00,Confirmed,42D,592.5
908,107,189,3140,2024-12-10 18:29:00,Confirmed,44A,1412.19
909,108,274,4512,2024-04-07 10:14:00,Confirmed,25A,2271.28
910,108,85,1392,2024-06-26 18:01:00,Completed,16E,2484.34
911,108,300,4929,2024-05-24 18:02:00,Confirmed,15B,2640.71
912,108,135,2230,2024-05-07 15:58:00,Completed,43B,7876.13
913,108,136,2242,2024-09-26 03:18:00,Cancelled,45C,1461.78
914,108,44,726,2024-12-02 02:55:00,Cancelled,3A,674.1
915,108,125,2057,2024-09-03 03:25:00,Confirmed,42F,2832.76
916,108,294,4836,2024-11-22 02:49:00,Completed,42B,7404.09
917,108,19,317,2024-03-17 17:53:00,Completed,8D,4752.23
918,109,17,271,2024-12-03 19:38:00,Confirmed,8B,460.68
919,109,128,2113,2024-09-24 10:19:00,Completed,4B,7841.04
920,109,159,2616,2024-04-03 13:03:00,Cancelled,43A,1655.21
921,109,238,3979,2024-10-04 06:58:00,Confirmed,21D,1414.98
922,109,49,811,2024-12-03 15:07:00,Confirmed,46A,3142.27
923,109,291,4776,2024-11-10 00:08:00,Confirmed,1B,2965.62
924,109,258,4267,2024-09-26 20:05:00,Confirmed,35D,1723.6
925,109,149,2451,2024-06-05 15:59:00,Completed,39B,3333.88
926,109,214,3573,2024-08-28 16:23:00,Confirmed,28B,972.64
927,109,302,4958,2024-02-08 17:50:00,Confirmed,41D,341.29
928,109,150,2472,2024-10-04 21:24:00,Cancelled,19B,558.76
929,110,75,1244,2024-02-12 09:56:00,Completed,6C,559.54
930,110,108,1785,2024-06-02 13:38:00,Pending,12D,772.18
931,110,33,545,2024-07-18 08:52:00,Confirmed,21B,3167.6
932,110,245,4071,2024-12-10 02:00:00,Confirmed,32F,181.93
933,110,32,533,2024-12-15 18:34:00,Cancelled,34E,2905.58
934,110,178,2941,2024-07-13 19:18:00,Pending,39B,2739.31
935,111,16,251,2024-06-04 18:40:00,Confirmed,29C,661.71
936,111,198,3293,2024-04-12 11:49:00,Completed,12D,8820.58
937,111,43,708,2024-08-05 12:25:00,Cancelled,26C,235.73
938,112,129,2122,2024-07-28 00:30:00,Confirmed,19F,1531.7
939,112,136,2249,2024-02-27 07:00:00,Confirmed,42D,9509.15
940,112,90,1475,2024-05-02 22:32:00,Completed,1A,8885.1
941,113,203,3374,2024-07-18 19:03:00,Pending,49A,1239.76
942,113,238,3981,2024-03-18 04:00:00,Confirmed,33F,2155.64
943,113,55,912,2024-02-12 21:10:00,Confirmed,10B,7946.24
944,113,88,1434,2024-09-05 09:00:00,Confirmed,10E,750.02
945,113,96,1578,2024-06-20 18:38:00,Confirmed,6A,1597.62
946,113,276,4541,2024-05-15 19:51:00,Confirmed,7F,2178.06
947,113,57,946,2024-04-12 21:01:00,Completed,21B,8924.21
948,113,159,2611,2024-08-05 05:49:00,Cancelled,1D,1998.4
949,113,144,2370,2024-02-21 22:59:00,Pending,36A,3647.37
950,113,298,4906,2024-08-17 07:01:00,Confirmed,5A,2615.0
951,113,149,2459,2024-02-20 09:58:00,Completed,16C,3058.24
952,113,38,633,2024-10-11 04:50:00,Completed,7F,5899.1
953,113,131,2152,2024-05-16 17:26:00,Confirmed,41B,464.1
954,114,18,299,2024-03-03 20:32:00,Completed,15A,4077.66
955,114,190,3159,2024-04-25 11:31:00,Cancelled,46A,2802.9
956,114,113,1863,2024-08-18 18:49:00,Confirmed,15F,761.78
957,114,309,5084,2024-12-23 14:16:00,Completed,47D,3452.18
958,114,297,4885,2024-10-01 10:52:00,Confirmed,23D,7415.18
959,114,184,3049,2024-10-19 09:44:00,Confirmed,18B,4692.28
960,114,288,4718,2024-12-01 13:38:00,Cancelled,4F,355.51
961,114,148,2442,2024-06-05 16:38:00,Confirmed,25A,906.29
962,114,24,398,2024-07-11 13:29:00,Confirmed,18C,3501.81
963,114,218,3638,2024-01-03 12:20:00,Confirmed,15D,6971.69
964,114,279,4589,2024-02-10 18:57:00,Confirmed,15F,2851.86
965,115,253,4195,2024-05-07 15:46:00,Cancelled,41E,582.78
966,115,196,3259,2024-05-09 09:29:00,Confirmed,12C,6088.39
967,115,5,75,2024-09-10 21:11:00,Confirmed,17B,130.34
968,116,150,2470,2024-09-01 01:17:00,Completed,20A,668.01
969,116,165,2712,2024-06-08 12:38:00,Confirmed,21D,1711.57
970,116,141,2309,2024-10-01 12:11:00,Cancelled,25A,566.33
971,116,81,1329,2024-05-06 11:28:00,Pending,14B,423.04
972,116,71,1183,2024-10-26 10:43:00,Confirmed,15A,4375.92
973,116,160,2640,2024-11-18 04:33:00,Confirmed,2B,2663.23
974,117,214,3565,2024-07-06 22:39:00,Confirmed,7D,271.3
975,117,147,2421,2024-03-20 04:53:00,Confirmed,27D,2379.86
976,117,269,4437,2024-03-04 11:43:00,Confirmed,26D,683.68
977,117,301,4949,2024-04-16 00:25:00,Confirmed,23A,2520.7
978,117,107,1765,2024-02-27 07:37:00,Confirmed,35C,239.45
979,117,4,63,2024-03-05 01:26:00,Cancelled,7E,853.7
980,117,119,1961,2024-11-08 06:23:00,Confirmed,32A,2672.07
981,117,301,4946,2024-01-01 01:41:00,Completed,42C,1286.23
982,117,211,3525,2024-02-13 04:11:00,Confirmed,46F,8606.22
983,117,140,2301,2024-12-16 02:32:00,Confirmed,39C,6008.46
984,117,2,21,2024-12-15 18:39:00,Confirmed,1C,400.16
985,117,171,2820,2024-12-26 06:08:00,Confirmed,25F,811.04
986,118,230,3840,2024-08-26 17:49:00,Confirmed,19D,2500.21
987,118,144,2359,2024-04-15 00:50:00,Cancelled,49C,887.46
988,118,98,1605,2024-11-20 22:58:00,Confirmed,29D,480.56
989,118,210,3506,2024-07-23 13:21:00,Confirmed,31F,2374.46
990,118,206,3425,2024-02-05 00:50:00,Cancelled,45F,896.26
991,118,160,2631,2024-08-18 01:26:00,Completed,40A,230.57
992,118,77,1277,2024-03-08 02:43:00,Confirmed,36F,1793.1
993,118,217,3620,2024-01-13 20:52:00,Confirmed,22B,2032.9
994,118,67,1110,2024-03-07 21:31:00,Confirmed,10A,809.05
995,118,68,1131,2024-07-27 20:33:00,Cancelled,24D,9414.22
996,118,109,1808,2024-08-03 02:18:00,Cancelled,13A,3632.74
997,118,20,329,2024-01-24 07:29:00,Completed,16E,1292.74
998,118,267,4407,2024-10-23 04:55:00,Cancelled,14B,782.95
999,119,215,3583,2024-06-20 21:40:00,Confirmed,40B,709.1
1000,119,62,1039,2024-08-25 17:45:00,Confirmed,36B,8026.55
1001,119,245,4071,2024-07-11 18:04:00,Confirmed,14E,214.61
1002,119,69,1143,2024-01-04 03:49:00,Completed,25C,1921.61
1003,119,81,1341,2024-12-14 12:18:00,Confirmed,15C,5586.65
1004,119,32,522,2024-03-16 05:17:00,Confirmed,16D,279.0
1005,119,181,2994,2024-11-13 10:59:00,Cancelled,27C,1855.15
1006,120,217,3616,2024-09-10 18:27:00,Confirmed,37C,619.78
1007,120,182,3012,2024-02-01 09:26:00,Confirmed,27E,1580.92
1008,120,64,1062,2024-10-14 10:24:00,Confirmed,8B,212.08
1009,120,27,445,2024-07-25 04:48:00,Confirmed,32B,1143.77
1010,120,298,4893,2024-04-24 10:44:00,Confirmed,50B,401.58
1011,120,128,2109,2024-11-09 04:04:00,Confirmed,28F,6953.63
1012,120,184,3042,2024-01-06 04:50:00,Completed,30E,3144.16
1013,120,3,52,2024-05-12 15:46:00,Completed,9C,7772.95
1014,120,58,953,2024-09-10 22:41:00,Confirmed,15F,2872.96
1015,120,304,5006,2024-09-05 02:18:00,Cancelled,10B,5469.19
1016,120,96,1582,2024-08-21 23:56:00,Confirmed,37F,6406.69
1017,121,134,2210,2024-06-03 22:59:00,Confirmed,47D,248.19
1018,121,6,97,2024-07-07 13:40:00,Confirmed,34D,1139.08
1019,121,100,1643,2024-01-04 02:08:00,Completed,2A,2950.66
1020,121,256,4244,2024-05-17 08:08:00,Confirmed,35B,1809.79
1021,121,102,1677,2024-04-14 14:43:00,Confirmed,33B,1374.54
1022,121,268,4426,2024-10-13 15:46:00,Confirmed,14D,2377.88
1023,121,4,72,2024-06-21 21:16:00,Confirmed,28E,8706.18
1024,121,66,1091,2024-01-18 11:58:00,Cancelled,4A,506.82
1025,121,94,1539,2024-03-09 19:23:00,Confirmed,37B,2041.32
1026,121,185,3066,2024-01-27 20:56:00,Confirmed,22C,7979.31
1027,121,193,3208,2024-02-16 11:50:00,Completed,46F,3005.47
1028,121,30,492,2024-09-02 06:33:00,Cancelled,49F,652.12
1029,121,18,293,2024-05-09 20:04:00,Confirmed,16A,2951.48
1030,121,173,2856,2024-07-13 16:21:00,Confirmed,22B,1546.68
1031,122,51,845,2024-05-17 20:13:00,Confirmed,23E,2839.79
1032,122,25,410,2024-04-02 19:40:00,Completed,34C,2116.33
1033,122,188,3125,2024-05-15 03:31:00,Confirmed,17A,1493.48
1034,122,45,748,2024-10-02 04:56:00,Completed,7D,1769.43
1035,122,302,4967,2024-09-23 17:41:00,Confirmed,7D,8661.86
1036,122,46,766,2024-02-12 16:59:00,Pending,34D,2386.85
1037,122,56,925,2024-02-19 18:30:00,Confirmed,23E,2067.03
1038,122,258,4271,2024-04-22 06:10:00,Confirmed,3F,1327.24
1039,122,160,2629,2024-01-11 17:13:00,Confirmed,42E,240.5
1040,122,33,549,2024-10-12 13:20:00,Confirmed,24B,6089.29
1041,122,181,2988,2024-04-08 18:41:00,Completed,11C,1589.05
1042,123,191,3178,2024-07-22 04:06:00,Completed,31C,2809.81
1043,123,279,4584,2024-01-03 21:21:00,Confirmed,28D,661.52
1044,123,272,4490,2024-08-20 06:00:00,Completed,1B,2953.29
1045,123,255,4223,2024-06-07 05:57:00,Confirmed,49D,482.39
1046,123,211,3523,2024-10-18 20:14:00,Confirmed,24F,3046.51
1047,124,30,502,2024-03-11 04:55:00,Completed,28A,4964.17
1048,124,119,1955,2024-01-26 17:29:00,Completed,1E,806.66
1049,124,282,4623,2024-08-05 23:53:00,Confirmed,15E,471.9
1050,124,83,1368,2024-08-26 15:30:00,Completed,49A,8535.08
1051,124,60,991,2024-09-10 04:20:00,Completed,42E,1834.11
1052,124,192,3195,2024-04-01 19:03:00,Completed,10A,3942.79
1053,124,24,394,2024-03-23 08:09:00,Cancelled,32B,1011.84
1054,124,26,425,2024-06-24 21:30:00,Cancelled,29D,406.54
1055,124,46,770,2024-10-27 22:57:00,Confirmed,38E,3887.42
1056,124,233,3890,2024-02-13 11:45:00,Confirmed,26D,209.6
1057,124,223,3730,2024-07-10 01:38:00,Cancelled,34B,1777.29
1058,124,97,1596,2024-05-25 08:01:00,Completed,10B,1744.6
1059,124,141,2307,2024-03-22 12:43:00,Confirmed,30E,377.18
1060,124,100,1641,2024-12-06 04:53:00,Confirmed,17B,2180.68
1061,125,7,109,2024-08-01 11:44:00,Cancelled,27A,3121.59
1062,125,57,935,2024-06-16 20:37:00,Completed,22A,379.12
1063,125,47,788,2024-01-03 12:45:00,Confirmed,1A,9380.65
1064,125,248,4129,2024-01-05 12:22:00,Completed,43C,1982.51
1065,125,230,3840,2024-06-20 14:55:00,Completed,15C,2795.19
1066,125,144,2368,2024-09-17 22:13:00,Completed,39B,2378.19
1067,125,54,884,2024-05-19 12:30:00,Completed,25B,299.94
1068,125,249,4140,2024-07-21 12:54:00,Completed,10A,702.34
1069,125,104,1702,2024-02-16 22:08:00,Confirmed,24B,314.14
1070,125,256,4248,2024-03-10 12:34:00,Completed,38B,3081.02
1071,125,245,4081,2024-11-05 09:00:00,Confirmed,48F,606.42
1072,125,70,1158,2024-01-18 12:42:00,Confirmed,48D,215.41
1073,126,9,144,2024-06-03 18:01:00,Confirmed,14B,832.38
1074,126,244,4060,2024-02-13 20:12:00,Completed,45F,408.19
1075,126,99,1624,2024-04-11 13:54:00,Confirmed,39F,2814.56
1076,126,100,1645,2024-01-03 01:03:00,Cancelled,34E,4423.25
1077,126,294,4823,2024-04-03 17:28:00,Completed,20E,313.03
1078,126,23,368,2024-03-17 20:14:00,Pending,5C,819.16
1079,126,270,4455,2024-10-25 05:39:00,Cancelled,15A,1717.67
1080,126,131,2151,2024-12-08 20:28:00,Confirmed,50D,597.37
1081,126,195,3227,2024-03-18 20:01:00,Completed,9B,271.39
1082,126,211,3516,2024-09-03 11:54:00,Completed,20D,1904.24
1083,126,128,2101,2024-08-28 00:55:00,Completed,5A,296.37
1084,126,18,298,2024-06-22 17:13:00,Completed,1E,6092.9
1085,126,213,3545,2024-08-07 19:28:00,Confirmed,9A,256.87
1086,126,278,4569,2024-10-04 23:19:00,Confirmed,15D,2894.24
1087,126,201,3344,2024-12-28 11:41:00,Completed,26D,3604.79
1088,127,234,3924,2024-12-28 03:32:00,Confirmed,9F,6067.9
1089,127,263,4349,2024-09-26 06:26:00,Confirmed,34F,2772.7
1090,127,177,2929,2024-01-03 23:41:00,Completed,41B,1183.0
1091,127,225,3768,2024-07-06 18:10:00,Confirmed,29E,3036.21
1092,127,254,4218,2024-01-19 22:44:00,Cancelled,6D,5725.93
1093,127,161,2662,2024-03-06 17:58:00,Cancelled,46E,7145.06
1094,127,304,4991,2024-01-15 09:37:00,Completed,37E,674.16
1095,127,53,870,2024-03-11 10:39:00,Confirmed,28C,848.21
1096,127,300,4942,2024-08-13 09:01:00,Confirmed,36C,7207.04
1097,128,264,4360,2024-01-11 00:59:00,Completed,19A,1752.73
1098,128,217,3612,2024-02-25 12:21:00,Cancelled,37A,275.41
1099,128,69,1140,2024-10-28 11:55:00,Completed,35E,1135.88
1100,128,217,3616,2024-02-21 03:53:00,Confirmed,3A,741.55
1101,128,179,2958,2024-01-01 22:38:00,Confirmed,46F,2651.33
1102,128,91,1483,2024-09-15 17:53:00,Confirmed,30A,674.58
1103,128,116,1909,2024-11-01 04:37:00,Confirmed,47B,2082.32
1104,128,168,2785,2024-11-01 02:41:00,Completed,3D,8390.1
1105,128,137,2255,2024-03-19 00:25:00,Cancelled,10B,2241.99
1106,128,81,1328,2024-04-28 06:26:00,Completed,41E,409.59
1107,128,8,129,2024-07-06 01:00:00,Confirmed,13A,813.15
1108,128,67,1115,2024-05-26 05:57:00,Completed,9C,6541.65
1109,128,287,4704,2024-08-12 07:30:00,Completed,19A,2481.79
1110,128,162,2676,2024-08-26 22:05:00,Completed,20D,7532.54
1111,129,298,4896,2024-06-14 21:49:00,Confirmed,47D,1467.32
1112,129,269,4447,2024-08-26 06:23:00,Confirmed,24B,5161.05
1113,129,127,2084,2024-06-24 02:17:00,Confirmed,36E,747.0
1114,129,206,3432,2024-06-28 16:12:00,Completed,33B,1677.2
1115,129,147,2431,2024-09-24 07:42:00,Confirmed,36D,8969.23
1116,129,79,1311,2024-07-27 15:13:00,Confirmed,20E,2905.52
1117,129,156,2566,2024-04-05 00:55:00,Confirmed,24E,2194.0
1118,129,231,3859,2024-01-17 19:18:00,Completed,42D,261.15
1119,129,304,4998,2024-09-07 21:53:00,Confirmed,47D,893.64
1120,129,298,4892,2024-12-11 17:02:00,Completed,20C,686.01
1121,129,29,489,2024-06-24 01:38:00,Confirmed,30B,2321.47
1122,129,4,68,2024-01-15 06:17:00,Pending,39B,7907.7
1123,129,283,4647,2024-01-23 14:28:00,Completed,10E,3203.37
1124,130,134,2209,2024-11-26 11:42:00,Cancelled,16E,496.58
1125,130,15,235,2024-02-14 04:21:00,Confirmed,23A,802.99
1126,130,65,1087,2024-12-23 20:00:00,Confirmed,43B,7103.43
1127,130,281,4607,2024-02-10 06:21:00,Confirmed,30E,341.04
1128,130,131,2170,2024-11-22 21:43:00,Confirmed,32E,4219.75
1129,130,165,2709,2024-04-03 23:46:00,Confirmed,16F,455.35
1130,130,175,2889,2024-10-01 08:55:00,Confirmed,30C,254.28
1131,130,73,1221,2024-09-14 21:24:00,Completed,23A,6742.74
1132,131,26,419,2024-09-12 15:14:00,Cancelled,44C,520.72
1133,131,173,2856,2024-05-11 02:16:00,Confirmed,3E,1757.7
1134,131,40,663,2024-10-08 10:06:00,Cancelled,20C,2532.55
1135,131,177,2929,2024-06-25 21:14:00,Cancelled,49D,1261.61
1136,131,67,1112,2024-08-06 17:54:00,Confirmed,16D,1475.98
1137,131,125,2050,2024-07-04 04:54:00,Confirmed,31C,250.49
1138,131,208,3467,2024-12-24 23:10:00,Confirmed,7B,8839.33
1139,131,209,3476,2024-01-17 08:33:00,Pending,42D,695.38
1140,131,194,3214,2024-03-01 18:39:00,Confirmed,15A,572.91
1141,131,301,4944,2024-07-08 00:50:00,Completed,39C,697.09
1142,131,36,605,2024-07-24 15:03:00,Confirmed,22F,7376.51
1143,131,307,5043,2024-10-18 04:58:00,Completed,46F,959.44
1144,131,206,3431,2024-08-08 21:51:00,Confirmed,49B,2915.15
1145,131,140,2298,2024-04-27 16:58:00,Pending,20E,3399.92
1146,132,45,741,2024-11-10 20:09:00,Confirmed,16D,180.11
1147,132,148,2440,2024-06-02 21:09:00,Completed,16A,2207.67
1148,132,122,2018,2024-05-05 15:23:00,Confirmed,30B,2750.4
1149,132,302,4968,2024-10-03 03:45:00,Cancelled,48C,3377.8
1150,132,129,2120,2024-04-03 16:54:00,Cancelled,16D,2213.64
1151,132,306,5039,2024-06-08 02:56:00,Cancelled,11F,4933.79
1152,132,292,4795,2024-08-16 03:43:00,Confirmed,27B,7521.62
1153,132,292,4789,2024-02-22 14:38:00,Completed,22A,2528.83
1154,133,106,1751,2024-03-17 03:53:00,Cancelled,6F,1799.45
1155,133,27,439,2024-12-17 15:14:00,Confirmed,7E,340.26
1156,133,273,4506,2024-04-13 18:57:00,Confirmed,14F,7906.62
1157,133,225,3773,2024-07-25 15:07:00,Confirmed,37E,8640.25
1158,133,221,3697,2024-08-01 14:41:00,Completed,48E,1008.85
1159,133,40,664,2024-06-28 06:03:00,Confirmed,1B,7226.08
1160,133,3,49,2024-03-25 20:24:00,Confirmed,36D,6287.2
1161,133,277,4547,2024-10-02 06:47:00,Cancelled,4B,314.86
1162,133,296,4870,2024-06-17 12:28:00,Confirmed,42A,2516.17
1163,133,135,2230,2024-01-20 23:50:00,Confirmed,45D,7099.35
1164,134,173,2851,2024-05-21 02:34:00,Confirmed,28E,698.01
1165,134,248,4137,2024-02-02 02:56:00,Confirmed,9D,4858.97
1166,134,86,1414,2024-02-02 10:06:00,Confirmed,4A,4472.83
1167,134,271,4469,2024-05-06 04:00:00,Confirmed,36B,1348.69
1168,134,179,2963,2024-04-06 01:49:00,Confirmed,47A,2354.18
1169,134,191,3169,2024-09-04 23:49:00,Confirmed,1B,747.78
1170,134,267,4403,2024-10-22 21:43:00,Completed,31B,508.84
1171,134,188,3117,2024-10-01 14:47:00,Completed,42D,508.89
1172,134,210,3510,2024-08-06 01:02:00,Confirmed,17F,4246.65
1173,134,49,817,2024-01-16 00:29:00,Confirmed,36C,6027.25
1174,134,14,226,2024-11-22 17:53:00,Confirmed,14D,637.54
1175,134,3,53,2024-09-12 02:48:00,Completed,49A,2597.72
1176,134,131,2170,2024-11-10 11:16:00,Confirmed,31B,4919.82
1177,135,195,3240,2024-06-11 12:52:00,Confirmed,28D,2268.68
1178,135,39,642,2024-04-15 14:46:00,Confirmed,49F,1022.61
1179,135,246,4105,2024-09-14 04:54:00,Cancelled,26A,2537.53
1180,135,66,1102,2024-12-13 12:59:00,Confirmed,2C,8726.65
1181,135,180,2978,2024-08-07 14:06:00,Completed,34D,2328.55
1182,135,143,2347,2024-01-06 23:08:00,Cancelled,46C,2592.73
1183,135,188,3120,2024-02-10 09:50:00,Confirmed,32D,669.17
1184,135,102,1678,2024-12-07 00:18:00,Confirmed,30D,1714.51
1185,135,48,793,2024-11-10 05:40:00,Confirmed,19E,2758.6
1186,135,112,1858,2024-02-20 12:34:00,Confirmed,27C,2786.47
1187,135,234,3926,2024-01-27 08:24:00,Confirmed,37D,6812.07
1188,135,296,4860,2024-09-16 00:13:00,Cancelled,15A,455.11
1189,136,139,2280,2024-09-08 15:43:00,Cancelled,26F,370.47
1190,136,112,1860,2024-12-27 02:48:00,Pending,48B,7698.94
1191,136,296,4865,2024-02-22 20:10:00,Confirmed,22E,3361.27
1192,137,140,2296,2024-02-02 08:03:00,Completed,10E,2249.81
1193,137,47,772,2024-02-18 14:10:00,Confirmed,31A,229.91
1194,137,256,4249,2024-04-01 02:34:00,Cancelled,50D,3149.8
1195,137,26,438,2024-08-11 21:28:00,Completed,47E,4836.13
1196,137,126,2065,2024-10-16 09:37:00,Cancelled,4C,277.07
1197,137,80,1321,2024-03-04 15:07:00,Confirmed,27C,2419.56
1198,138,176,2916,2024-09-24 03:35:00,Cancelled,1D,1133.01
1199,138,38,631,2024-08-07 20:51:00,Pending,46C,6296.03
1200,138,200,3330,2024-04-04 13:12:00,Confirmed,30C,2719.51
1201,138,175,2887,2024-08-27 05:47:00,Confirmed,27E,217.23
1202,138,152,2500,2024-10-14 06:31:00,Confirmed,6E,730.2
1203,138,105,1731,2024-09-28 22:45:00,Cancelled,38A,2755.5
1204,138,193,3211,2024-09-06 22:03:00,Confirmed,1D,4404.37
1205,138,38,630,2024-07-16 11:12:00,Cancelled,8D,9066.35
1206,138,110,1818,2024-12-07 13:58:00,Completed,5D,351.65
1207,139,261,4317,2024-06-09 18:02:00,Confirmed,45E,8788.17
1208,139,28,462,2024-04-16 21:10:00,Completed,24E,574.86
1209,139,166,2728,2024-09-08 10:44:00,Pending,16F,231.69
1210,139,298,4897,2024-10-18 03:09:00,Confirmed,47B,2721.89
1211,139,301,4946,2024-11-05 04:58:00,Pending,22A,1382.33
1212,139,215,3588,2024-05-03 19:44:00,Confirmed,5F,2688.27
1213,139,127,2082,2024-08-28 13:57:00,Completed,46B,554.04
1214,139,94,1540,2024-07-26 01:07:00,Confirmed,37E,3183.86
1215,139,130,2140,2024-06-09 03:52:00,Completed,17C,1817.23
1216,139,116,1915,2024-02-11 12:13:00,Cancelled,1D,4960.32
1217,139,298,4898,2024-07-17 21:47:00,Pending,3F,1126.97
1218,139,293,4810,2024-07-23 21:19:00,Completed,35D,2775.68
1219,140,138,2274,2024-12-02 17:47:00,Completed,45A,3227.9
1220,140,226,3776,2024-08-21 06:21:00,Completed,6D,788.42
1221,140,198,3281,2024-09-03 02:56:00,Pending,31B,2589.11
1222,140,211,3513,2024-08-01 15:44:00,Confirmed,15F,664.58
1223,140,146,2407,2024-01-23 05:19:00,Confirmed,11F,1041.99
1224,141,47,771,2024-12-20 16:56:00,Completed,4D,885.17
1225,141,122,2013,2024-03-24 07:27:00,Completed,7E,354.05
1226,141,49,819,2024-11-26 09:18:00,Confirmed,36C,2357.44
1227,141,77,1273,2024-11-22 00:10:00,Confirmed,49C,727.9
1228,141,4,60,2024-12-20 09:28:00,Completed,6A,2692.91
1229,141,254,4217,2024-07-22 02:21:00,Confirmed,40E,6722.48
1230,141,142,2335,2024-02-10 15:22:00,Confirmed,46A,4745.2
1231,142,229,3830,2024-01-11 09:53:00,Confirmed,21A,8317.85
1232,142,28,458,2024-09-27 05:24:00,Cancelled,50A,336.67
1233,142,13,223,2024-11-07 10:24:00,Confirmed,48E,2413.7
1234,142,296,4864,2024-03-02 20:11:00,Confirmed,25D,650.19
1235,142,291,4777,2024-11-14 19:11:00,Cancelled,15B,6522.11
1236,142,267,4402,2024-07-03 18:16:00,Confirmed,35B,198.61
1237,143,8,134,2024-10-26 07:50:00,Confirmed,42F,8308.77
1238,143,73,1219,2024-05-01 12:27:00,Confirmed,13C,3987.43
1239,143,202,3360,2024-04-07 09:43:00,Cancelled,16C,1215.96
1240,143,104,1710,2024-08-12 03:47:00,Confirmed,40C,3084.0
1241,143,19,306,2024-09-14 11:51:00,Confirmed,47E,295.72
1242,143,88,1447,2024-07-20 04:35:00,Confirmed,18B,4859.75
1243,143,169,2786,2024-01-19 11:10:00,Completed,41E,611.41
1244,143,309,5092,2024-06-20 08:56:00,Confirmed,41A,5906.53
1245,143,124,2038,2024-10-14 19:55:00,Confirmed,14C,900.62
1246,143,300,4923,2024-02-27 15:25:00,Confirmed,8E,320.78
1247,143,259,4285,2024-04-01 01:48:00,Cancelled,18B,5114.05
1248,143,274,4510,2024-09-15 06:59:00,Confirmed,47E,523.94
1249,144,198,3293,2024-11-13 16:27:00,Cancelled,40E,8673.41
1250,144,129,2116,2024-08-01 13:44:00,Completed,42A,346.11
1251,144,213,3550,2024-10-02 02:54:00,Confirmed,6A,1486.64
1252,144,13,216,2024-04-26 16:16:00,Pending,29A,2621.87
1253,144,167,2759,2024-07-16 11:26:00,Confirmed,42C,2273.59
1254,144,38,628,2024-09-24 16:27:00,Cancelled,25D,4397.36
1255,144,146,2397,2024-05-19 23:43:00,Confirmed,14C,752.7
1256,144,304,5003,2024-11-14 18:33:00,Completed,18C,1742.97
1257,144,8,137,2024-11-11 13:26:00,Cancelled,15D,4588.04
1258,144,170,2812,2024-05-02 04:52:00,Completed,12E,1888.96
1259,144,213,3561,2024-02-16 22:34:00,Completed,29A,6094.85
1260,144,149,2464,2024-01-28 04:21:00,Completed,16E,4716.18
1261,144,161,2652,2024-12-16 13:47:00,Confirmed,20E,3025.74
1262,145,35,585,2024-11-14 07:33:00,Cancelled,49F,5554.66
1263,145,201,3336,2024-09-28 01:42:00,Confirmed,23B,832.48
1264,145,10,156,2024-12-27 02:01:00,Completed,10D,921.63
1265,145,273,4500,2024-10-13 19:21:00,Completed,42B,642.74
1266,145,1,13,2024-05-21 16:55:00,Completed,46D,2267.99
1267,145,225,3766,2024-06-17 12:48:00,Completed,25C,162.52
1268,145,204,3400,2024-03-02 06:47:00,Confirmed,44C,4297.25
1269,145,105,1731,2024-11-20 08:25:00,Cancelled,48F,2706.69
1270,145,121,2004,2024-04-04 17:04:00,Confirmed,15C,9308.26
1271,145,216,3603,2024-11-14 02:30:00,Completed,4D,2478.07
1272,145,109,1801,2024-02-15 09:17:00,Confirmed,28B,196.5
1273,145,204,3388,2024-03-13 07:25:00,Confirmed,3E,600.88
1274,145,306,5032,2024-09-20 15:52:00,Completed,50C,749.24
1275,145,305,5024,2024-05-22 09:41:00,Confirmed,33F,2464.33
1276,145,166,2739,2024-03-19 11:54:00,Completed,17A,1614.61
1277,146,119,1967,2024-08-13 14:26:00,Confirmed,17B,3444.27
1278,146,11,185,2024-08-14 14:22:00,Cancelled,23B,7240.39
1279,146,148,2442,2024-02-03 10:48:00,Confirmed,50B,844.03
1280,146,29,487,2024-10-19 01:50:00,Completed,37C,2355.47
1281,146,17,275,2024-07-12 12:22:00,Confirmed,48C,771.62
1282,146,131,2158,2024-06-08 16:51:00,Cancelled,24B,2218.4
1283,146,170,2802,2024-03-07 21:08:00,Confirmed,3F,553.99
1284,146,7,111,2024-01-09 14:01:00,Cancelled,6A,1273.03
1285,146,29,491,2024-12-08 09:37:00,Cancelled,27A,9394.46
1286,146,39,645,2024-10-23 19:32:00,Completed,21A,2965.46
1287,146,43,711,2024-09-04 21:56:00,Confirmed,29C,2364.55
1288,146,198,3292,2024-07-03 09:46:00,Confirmed,6E,4068.46
1289,146,201,3346,2024-09-16 21:00:00,Confirmed,38D,6302.98
1290,146,197,3276,2024-11-21 12:35:00,Completed,2F,9512.58
1291,146,185,3055,2024-12-05 11:25:00,Cancelled,24A,663.4
1292,147,308,5070,2024-02-09 22:10:00,Cancelled,1F,1702.74
1293,147,91,1479,2024-10-23 05:31:00,Confirmed,2C,551.09
1294,147,139,2280,2024-08-22 07:39:00,Confirmed,10A,364.97
1295,147,126,2076,2024-01-12 02:13:00,Confirmed,25A,2075.26
1296,147,153,2526,2024-08-10 14:55:00,Cancelled,6C,2360.0
1297,147,222,3718,2024-12-24 16:21:00,Confirmed,20B,5273.63
1298,147,2,22,2024-04-11 19:16:00,Confirmed,48F,212.83
1299,147,83,1364,2024-12-08 16:30:00,Completed,6E,1872.14
1300,147,200,3329,2024-07-10 15:30:00,Confirmed,14C,7768.45
1301,147,38,626,2024-09-22 06:00:00,Confirmed,13C,2040.94
1302,147,206,3428,2024-06-18 02:22:00,Cancelled,34E,2202.9
1303,148,84,1375,2024-12-04 15:35:00,Confirmed,40E,2682.83
1304,148,28,475,2024-10-17 09:45:00,Completed,5B,2444.53
1305,148,276,4539,2024-07-11 11:51:00,Completed,8D,835.58
1306,148,225,3775,2024-06-25 19:11:00,Confirmed,7E,7114.91
1307,148,109,1806,2024-05-18 18:05:00,Completed,3F,1853.99
1308,148,27,455,2024-04-18 02:52:00,Confirmed,17B,7379.63
1309,148,302,4971,2024-03-10 05:06:00,Completed,37D,3008.52
1310,148,120,1984,2024-01-27 18:47:00,Confirmed,33C,8455.61
1311,149,231,3869,2024-04-10 02:05:00,Confirmed,13B,5711.38
1312,149,42,687,2024-06-21 11:23:00,Confirmed,5C,164.24
1313,149,111,1831,2024-01-07 01:51:00,Confirmed,29E,254.01
1314,149,44,721,2024-11-23 03:57:00,Pending,48D,322.0
1315,149,179,2954,2024-10-18 09:42:00,Confirmed,27F,673.19
1316,150,212,3541,2024-04-24 09:20:00,Confirmed,36F,3843.08
1317,150,92,1506,2024-10-19 03:09:00,Cancelled,39C,3045.62
1318,150,169,2796,2024-03-02 13:19:00,Completed,47A,4113.1
1319,150,11,188,2024-07-04 22:47:00,Cancelled,45E,3589.84
1320,150,46,765,2024-01-02 22:46:00,Confirmed,43C,1138.16
1321,150,66,1098,2024-12-04 12:34:00,Completed,9B,4453.84
1322,150,42,686,2024-11-26 15:22:00,Confirmed,42D,190.1
1323,150,308,5065,2024-10-25 12:09:00,Confirmed,18D,2211.52
1324,150,286,4694,2024-12-03 23:00:00,Cancelled,9F,2943.82
1325,150,174,2882,2024-08-05 04:35:00,Confirmed,13B,5391.25
1326,150,72,1195,2024-01-02 20:42:00,Completed,36C,273.31
1327,150,307,5044,2024-08-24 04:16:00,Cancelled,8B,791.54
1328,150,304,4998,2024-06-03 09:21:00,Completed,3C,804.73
1329,150,252,4193,2024-11-01 22:59:00,Cancelled,34D,4604.91
1330,151,188,3114,2024-01-10 17:01:00,Completed,12C,438.73
1331,151,7,105,2024-07-26 11:54:00,Confirmed,29D,168.35
1332,151,303,4973,2024-06-02 22:37:00,Completed,41E,414.06
1333,152,292,4788,2024-09-11 13:25:00,Confirmed,3A,903.76
1334,152,191,3187,2024-06-21 11:27:00,Confirmed,36D,6539.42
1335,152,263,4349,2024-09-17 14:46:00,Confirmed,45E,2746.38
1336,152,118,1947,2024-02-07 12:42:00,Confirmed,9B,2846.81
1337,152,295,4847,2024-01-03 03:51:00,Confirmed,25A,2173.28
1338,152,139,2290,2024-08-27 18:17:00,Confirmed,6E,5067.57
1339,152,306,5042,2024-01-07 16:01:00,Confirmed,47F,3194.75
1340,152,128,2101,2024-09-19 10:46:00,Confirmed,46E,289.44
1341,152,144,2375,2024-05-03 18:45:00,Confirmed,37F,8421.8
1342,152,24,392,2024-06-08 09:28:00,Confirmed,23A,2354.21
1343,152,202,3350,2024-08-07 20:03:00,Confirmed,15B,218.7
1344,152,195,3227,2024-08-01 17:16:00,Completed,26F,292.6
1345,152,262,4332,2024-12-25 13:53:00,Confirmed,43B,8579.2
1346,152,296,4858,2024-03-12 21:42:00,Confirmed,11E,224.09
1347,153,266,4396,2024-01-25 03:33:00,Confirmed,14A,4260.07
1348,153,214,3579,2024-09-17 10:27:00,Confirmed,28D,8419.19
1349,153,202,3355,2024-11-16 16:01:00,Confirmed,21E,2301.29
1350,153,108,1793,2024-08-09 23:17:00,Completed,31C,6178.53
1351,153,72,1201,2024-02-08 11:40:00,Completed,21C,1768.04
1352,154,164,2702,2024-10-21 05:59:00,Cancelled,18E,8595.26
1353,154,224,3747,2024-05-03 21:04:00,Confirmed,34D,3126.03
1354,154,77,1282,2024-07-15 10:48:00,Completed,8E,7812.1
1355,154,308,5070,2024-08-14 08:21:00,Cancelled,23C,1529.84
1356,154,36,590,2024-06-25 20:27:00,Confirmed,26D,966.14
1357,154,262,4337,2024-10-14 07:59:00,Completed,4E,4713.72
1358,154,103,1693,2024-06-24 16:52:00,Completed,26B,616.51
1359,154,19,309,2024-02-25 23:20:00,Cancelled,10B,1705.41
1360,154,140,2301,2024-03-05 16:17:00,Completed,14C,6033.0
1361,154,299,4917,2024-03-16 12:26:00,Cancelled,34C,8383.74
1362,154,214,3571,2024-11-23 01:05:00,Completed,3C,1109.66
1363,154,4,67,2024-04-07 09:35:00,Completed,22B,3179.51
1364,154,215,3594,2024-12-08 11:50:00,Confirmed,48D,9167.59
1365,155,172,2834,2024-06-09 08:26:00,Confirmed,38B,752.67
1366,155,194,3220,2024-01-20 13:31:00,Completed,26F,2545.49
1367,155,68,1129,2024-08-05 01:40:00,Confirmed,45C,2852.69
1368,155,286,4698,2024-02-04 19:44:00,Confirmed,23D,2893.47
1369,156,76,1258,2024-09-12 23:02:00,Confirmed,23C,605.07
1370,156,108,1782,2024-09-08 00:43:00,Confirmed,21E,710.18
1371,156,69,1137,2024-02-06 12:11:00,Confirmed,39C,393.29
1372,156,196,3258,2024-08-21 16:17:00,Confirmed,29E,6443.73
1373,156,304,4994,2024-01-27 15:53:00,Cancelled,37F,723.64
1374,156,284,4666,2024-02-20 16:04:00,Confirmed,5B,2946.74
1375,156,286,4691,2024-11-23 08:19:00,Confirmed,50B,931.17
1376,156,168,2778,2024-04-22 03:27:00,Cancelled,12E,3076.35
1377,156,121,2004,2024-09-25 20:21:00,Confirmed,29D,9285.76
1378,156,213,3559,2024-06-13 10:37:00,Confirmed,24C,6359.7
1379,157,305,5020,2024-05-21 22:13:00,Confirmed,50D,2937.01
1380,157,267,4400,2024-08-22 15:06:00,Confirmed,37B,805.54
1381,157,70,1154,2024-12-01 18:17:00,Completed,4D,519.24
1382,157,200,3318,2024-12-08 09:55:00,Confirmed,38D,731.18
1383,157,229,3823,2024-02-02 21:03:00,Completed,42C,299.47
1384,157,226,3788,2024-08-28 07:49:00,Pending,16F,6991.39
1385,157,36,588,2024-11-09 22:34:00,Confirmed,24D,381.06
1386,158,167,2759,2024-07-09 03:14:00,Cancelled,47F,2227.66
1387,158,239,3997,2024-05-04 12:34:00,Cancelled,30B,5914.04
1388,158,309,5076,2024-11-11 04:15:00,Confirmed,24C,419.36
1389,158,275,4528,2024-01-27 21:47:00,Pending,23D,4592.44
1390,158,298,4898,2024-05-27 15:23:00,Confirmed,27D,1280.33
1391,158,22,363,2024-03-26 16:49:00,Cancelled,8B,4732.63
1392,158,202,3364,2024-03-08 06:47:00,Completed,41C,6725.82
1393,158,218,3638,2024-01-10 00:29:00,Confirmed,38D,6900.79
1394,158,47,787,2024-05-24 15:42:00,Completed,45B,4924.95
1395,158,145,2383,2024-02-18 11:45:00,Confirmed,3E,1882.13
1396,158,107,1776,2024-08-10 11:45:00,Confirmed,30A,7471.21
1397,159,303,4985,2024-07-04 00:04:00,Cancelled,2F,7901.93
1398,159,20,323,2024-02-15 23:02:00,Confirmed,42C,567.08
1399,159,287,4708,2024-01-16 17:27:00,Confirmed,34C,2519.06
1400,159,156,2571,2024-11-04 12:57:00,Confirmed,24E,4833.84
1401,159,118,1937,2024-11-18 18:27:00,Cancelled,23B,373.66
1402,159,210,3510,2024-08-08 11:56:00,Confirmed,34E,4933.47
1403,160,23,373,2024-08-02 14:08:00,Confirmed,18A,1814.28
1404,160,106,1751,2024-04-26 11:52:00,Confirmed,1A,1669.02
1405,160,135,2230,2024-04-02 19:29:00,Confirmed,32F,8289.51
1406,160,154,2538,2024-10-08 13:25:00,Completed,21D,6575.89
1407,160,284,4652,2024-07-15 02:44:00,Pending,13F,395.95
1408,160,6,91,2024-11-02 14:43:00,Completed,50F,3378.31
1409,160,214,3580,2024-06-18 04:24:00,Confirmed,22B,5955.25
1410,160,204,3401,2024-04-24 15:51:00,Confirmed,50A,8982.1
1411,160,70,1160,2024-09-28 16:24:00,Cancelled,6B,1498.57
1412,161,63,1053,2024-04-26 05:04:00,Cancelled,21B,2347.48
1413,161,187,3094,2024-02-04 18:31:00,Confirmed,10C,422.47
1414,161,308,5069,2024-05-13 10:28:00,Cancelled,18D,3185.68
1415,161,184,3050,2024-12-07 05:23:00,Confirmed,19A,2798.84
1416,161,54,897,2024-09-04 22:34:00,Completed,45C,5517.17
1417,161,42,700,2024-04-13 14:12:00,Confirmed,22B,2697.92
1418,161,28,475,2024-04-18 20:41:00,Cancelled,14D,2271.27
1419,161,211,3514,2024-09-10 03:34:00,Confirmed,32A,839.55
1420,161,130,2132,2024-07-22 04:10:00,Confirmed,43E,218.81
1421,161,121,1998,2024-04-08 10:17:00,Completed,8B,901.55
1422,161,218,3629,2024-03-18 06:58:00,Confirmed,33D,652.55
1423,161,195,3235,2024-05-15 15:02:00,Confirmed,27F,1746.41
1424,161,237,3959,2024-07-04 17:15:00,Confirmed,48E,458.96
1425,162,2,22,2024-08-14 20:30:00,Confirmed,27B,233.06
1426,162,46,769,2024-08-05 01:18:00,Completed,26E,8078.29
1427,162,25,405,2024-11-10 03:32:00,Cancelled,3B,222.71
1428,162,81,1326,2024-07-28 09:41:00,Confirmed,40D,784.13
1429,162,229,3828,2024-05-04 18:39:00,Confirmed,46F,1966.42
1430,162,114,1890,2024-10-22 00:24:00,Confirmed,37A,5833.65
1431,162,282,4625,2024-12-23 15:41:00,Confirmed,22F,146.52
1432,162,57,938,2024-12-20 14:43:00,Cancelled,48C,1188.28
1433,163,287,4702,2024-02-07 12:34:00,Confirmed,1D,644.06
1434,163,138,2272,2024-03-04 10:59:00,Cancelled,41D,2106.99
1435,163,69,1135,2024-06-06 12:50:00,Confirmed,28E,165.88
1436,163,13,206,2024-09-23 16:29:00,Confirmed,1B,412.0
1437,163,301,4944,2024-04-07 11:34:00,Confirmed,20B,608.83
1438,163,309,5092,2024-11-03 00:26:00,Confirmed,21A,5167.94
1439,163,235,3933,2024-05-11 08:24:00,Completed,46C,295.18
1440,163,60,1001,2024-01-06 23:05:00,Completed,49A,6012.63
1441,163,74,1234,2024-09-08 06:05:00,Confirmed,41E,2037.48
1442,163,236,3951,2024-10-19 00:59:00,Completed,39D,2414.47
1443,163,49,819,2024-08-16 02:54:00,Confirmed,3C,2477.55
1444,164,246,4099,2024-08-02 18:19:00,Confirmed,45D,6120.37
1445,164,3,40,2024-06-03 12:16:00,Confirmed,41F,694.95
1446,164,277,4549,2024-10-11 06:15:00,Cancelled,8E,855.0
1447,164,222,3716,2024-07-15 14:55:00,Completed,1D,5046.62
1448,164,140,2293,2024-04-10 10:41:00,Completed,46D,454.22
1449,164,116,1911,2024-02-21 15:48:00,Confirmed,12C,3313.28
1450,164,290,4753,2024-07-24 23:46:00,Completed,32C,1100.57
1451,164,169,2788,2024-02-25 00:19:00,Completed,3E,889.41
1452,164,151,2487,2024-12-28 14:46:00,Completed,35A,2177.62
1453,165,191,3171,2024-01-28 10:54:00,Confirmed,30E,647.45
1454,165,292,4782,2024-06-27 18:45:00,Completed,27A,215.39
1455,165,52,862,2024-02-02 15:36:00,Confirmed,29C,7543.48
1456,165,144,2376,2024-11-24 11:26:00,Confirmed,37D,8123.61
1457,165,75,1243,2024-03-13 21:36:00,Confirmed,18F,524.01
1458,165,12,203,2024-04-19 00:38:00,Pending,25E,8214.09
1459,165,173,2858,2024-12-14 00:53:00,Completed,47E,1186.07
1460,165,91,1491,2024-11-23 13:04:00,Confirmed,27E,7757.19
1461,166,17,277,2024-10-25 14:56:00,Confirmed,39C,597.64
1462,166,230,3838,2024-01-25 20:13:00,Completed,27B,394.53
1463,166,186,3083,2024-04-16 14:37:00,Completed,49D,995.37
1464,166,35,572,2024-11-26 02:03:00,Completed,23A,754.0
1465,166,64,1066,2024-09-20 13:11:00,Completed,27E,1166.47
1466,166,84,1376,2024-05-07 05:14:00,Completed,16A,2916.11
1467,166,71,1173,2024-04-20 18:59:00,Confirmed,2D,747.37
1468,166,14,226,2024-07-19 08:45:00,Completed,26E,584.94
1469,166,170,2817,2024-11-05 06:21:00,Completed,21B,8555.75
1470,166,298,4906,2024-05-03 04:32:00,Confirmed,4A,2751.84
1471,167,189,3134,2024-05-09 16:56:00,Confirmed,35D,407.5
1472,167,169,2791,2024-04-04 03:37:00,Completed,34A,224.73
1473,167,127,2097,2024-03-12 11:19:00,Confirmed,1C,2628.83
1474,167,123,2029,2024-08-14 09:08:00,Completed,31E,1660.64
1475,167,209,3476,2024-09-17 20:28:00,Confirmed,12A,767.28
1476,167,113,1874,2024-12-19 04:10:00,Completed,31A,4301.0
1477,167,46,763,2024-10-23 10:35:00,Confirmed,14E,692.77
1478,167,288,4725,2024-11-05 17:51:00,Confirmed,31B,2178.86
1479,167,257,4255,2024-08-07 22:04:00,Confirmed,20E,444.22
1480,167,180,2968,2024-07-06 18:52:00,Completed,37D,672.64
1481,167,154,2538,2024-05-04 13:00:00,Completed,35E,5740.04
1482,167,250,4150,2024-01-16 00:01:00,Completed,12E,435.22
1483,167,239,3995,2024-05-11 21:05:00,Confirmed,44B,4979.79
1484,167,2,30,2024-02-24 15:23:00,Completed,5D,936.16
1485,167,137,2257,2024-09-16 19:08:00,Cancelled,4C,3355.69
1486,168,204,3401,2024-03-28 14:20:00,Confirmed,7C,9097.4
1487,168,85,1402,2024-07-22 21:36:00,Confirmed,4B,5254.35
1488,168,197,3263,2024-01-16 17:58:00,Confirmed,35B,936.81
1489,168,101,1653,2024-01-19 11:32:00,Confirmed,16F,656.83
1490,168,277,4550,2024-04-13 17:45:00,Confirmed,6C,999.57
1491,168,167,2750,2024-08-20 04:14:00,Confirmed,18F,598.47
1492,168,264,4355,2024-06-17 22:06:00,Confirmed,7C,205.44
1493,168,22,363,2024-12-04 18:27:00,Pending,31F,4334.73
1494,168,65,1084,2024-01-20 04:22:00,Confirmed,8E,2480.38
1495,169,273,4504,2024-12-24 11:08:00,Completed,37D,2920.65
1496,169,2,31,2024-05-19 20:54:00,Confirmed,22E,3101.86
1497,169,80,1324,2024-10-04 10:34:00,Cancelled,24C,4209.33
1498,169,62,1024,2024-02-14 06:51:00,Confirmed,19E,852.07
1499,169,82,1351,2024-01-26 14:21:00,Confirmed,45A,3549.42
1500,170,154,2538,2024-03-10 17:51:00,Confirmed,27B,6056.27
1501,170,190,3158,2024-03-12 19:05:00,Confirmed,45A,2794.92
1502,170,89,1457,2024-05-21 18:50:00,Completed,16F,1844.61
1503,170,213,3558,2024-12-26 14:30:00,Completed,20B,3107.55
1504,170,152,2505,2024-04-21 10:55:00,Completed,34D,3132.14
1505,170,82,1350,2024-10-28 12:23:00,Confirmed,26F,2817.51
1506,170,153,2519,2024-04-17 21:41:00,Confirmed,37A,2673.31
1507,170,112,1855,2024-05-18 20:01:00,Confirmed,31E,2363.64
1508,170,206,3431,2024-01-21 00:46:00,Confirmed,39A,2879.52
1509,170,206,3433,2024-12-12 15:14:00,Confirmed,11D,2257.14
1510,170,188,3129,2024-12-25 22:53:00,Confirmed,39B,2109.66
1511,170,17,271,2024-04-14 19:14:00,Completed,46C,462.22
1512,170,29,481,2024-02-22 10:09:00,Confirmed,46A,837.1
1513,170,225,3770,2024-03-27 05:25:00,Confirmed,32C,1170.88
1514,170,207,3450,2024-10-26 00:56:00,Confirmed,18B,800.03
1515,171,110,1825,2024-04-11 19:33:00,Confirmed,20B,3349.53
1516,171,78,1294,2024-10-18 20:15:00,Pending,42C,966.69
1517,171,307,5051,2024-07-22 13:58:00,Completed,6C,3535.2
1518,171,124,2042,2024-10-01 05:10:00,Completed,48C,2767.46
1519,171,228,3810,2024-12-25 07:25:00,Confirmed,13B,630.0
1520,171,302,4958,2024-10-01 18:02:00,Cancelled,28C,323.35
1521,171,222,3714,2024-07-03 20:19:00,Confirmed,32B,1880.51
1522,171,161,2662,2024-06-09 21:03:00,Confirmed,42B,7258.34
1523,171,62,1024,2024-07-20 15:38:00,Completed,4F,766.81
1524,171,213,3547,2024-08-12 08:36:00,Confirmed,15F,220.5
1525,171,287,4707,2024-07-19 00:17:00,Confirmed,50F,2692.31
1526,171,294,4833,2024-03-26 22:22:00,Confirmed,45B,8077.2
1527,172,224,3742,2024-04-08 16:06:00,Confirmed,31B,469.91
1528,172,138,2272,2024-06-08 20:57:00,Confirmed,12B,2400.55
1529,172,208,3467,2024-05-04 05:09:00,Confirmed,17A,7970.57
1530,172,285,4670,2024-09-12 06:45:00,Confirmed,16B,224.35
1531,172,172,2842,2024-01-11 02:25:00,Confirmed,9C,1392.59
1532,172,47,786,2024-01-16 22:05:00,Confirmed,35D,2260.51
1533,172,27,444,2024-10-09 20:44:00,Confirmed,42F,714.29
1534,172,149,2451,2024-06-13 09:04:00,Cancelled,24C,2894.9
1535,173,65,1079,2024-06-08 16:51:00,Completed,50E,241.92
1536,173,38,618,2024-10-03 07:52:00,Pending,23A,937.48
1537,173,173,2862,2024-12-24 07:46:00,Cancelled,17A,6857.1
1538,173,307,5051,2024-12-28 15:07:00,Confirmed,49C,3263.77
1539,174,244,4065,2024-02-13 13:51:00,Pending,41F,8003.27
1540,174,65,1077,2024-05-14 07:01:00,Confirmed,48D,471.32
1541,174,66,1099,2024-02-22 21:55:00,Confirmed,46D,8071.76
1542,174,118,1946,2024-06-05 00:55:00,Confirmed,5C,2661.63
1543,174,21,341,2024-05-05 01:20:00,Cancelled,33C,590.01
1544,174,207,3441,2024-10-15 14:56:00,Confirmed,14F,757.67
1545,174,208,3461,2024-01-17 01:47:00,Confirmed,3A,554.81
1546,174,142,2331,2024-07-24 03:54:00,Confirmed,10D,1970.66
1547,175,260,4297,2024-09-18 03:34:00,Confirmed,26F,2222.4
1548,175,57,939,2024-07-08 17:33:00,Pending,31F,2219.12
1549,175,266,4389,2024-12-12 02:33:00,Confirmed,27E,736.0
1550,175,23,375,2024-06-21 01:42:00,Confirmed,26E,1536.77
1551,175,266,4394,2024-03-13 15:11:00,Confirmed,10F,3246.81
1552,175,239,4000,2024-03-27 00:46:00,Cancelled,44F,5819.84
1553,175,145,2379,2024-08-05 20:12:00,Confirmed,19A,258.18
1554,175,228,3819,2024-09-08 23:46:00,Confirmed,35B,5343.57
1555,175,25,408,2024-07-20 14:56:00,Cancelled,41E,1960.49
1556,175,184,3042,2024-02-21 08:22:00,Cancelled,14D,3729.45
1557,175,226,3781,2024-02-09 12:30:00,Confirmed,28D,1835.37
1558,176,254,4220,2024-12-14 14:23:00,Cancelled,49D,2396.51
1559,176,50,828,2024-02-14 09:22:00,Confirmed,39C,986.91
1560,176,199,3295,2024-04-10 07:59:00,Confirmed,41F,637.66
1561,176,215,3596,2024-04-19 04:01:00,Confirmed,34C,8458.83
1562,176,210,3511,2024-06-25 06:15:00,Completed,31B,8836.36
1563,176,9,151,2024-11-07 03:24:00,Cancelled,7E,4659.43
1564,176,80,1318,2024-07-04 11:18:00,Cancelled,1A,175.8
1565,176,71,1177,2024-05-22 01:08:00,Pending,19C,2870.32
1566,176,160,2632,2024-01-22 01:21:00,Pending,33F,263.43
1567,176,18,299,2024-11-19 18:58:00,Confirmed,32D,3969.85
1568,176,224,3754,2024-04-17 16:30:00,Confirmed,26B,809.07
1569,177,101,1657,2024-05-08 16:14:00,Confirmed,2E,3028.31
1570,177,40,652,2024-05-08 10:10:00,Cancelled,15A,190.4
1571,177,242,4029,2024-12-23 08:06:00,Cancelled,42D,698.14
1572,178,135,2224,2024-07-25 12:09:00,Confirmed,13C,500.09
1573,178,49,818,2024-09-20 12:10:00,Confirmed,50C,6520.93
1574,178,199,3312,2024-01-01 05:08:00,Confirmed,19A,7704.28
1575,178,184,3050,2024-07-24 14:28:00,Pending,7B,2898.38
1576,178,178,2945,2024-02-22 11:33:00,Confirmed,17A,3143.65
1577,178,255,4232,2024-11-06 16:56:00,Confirmed,27D,2929.85
1578,178,212,3534,2024-01-23 17:51:00,Confirmed,38B,584.65
1579,178,239,3997,2024-09-18 09:49:00,Cancelled,3E,5841.1
1580,179,188,3127,2024-04-14 02:20:00,Confirmed,21E,2305.06
1581,179,141,2309,2024-05-10 04:00:00,Completed,17F,485.57
1582,179,277,4550,2024-03-09 17:34:00,Confirmed,5B,1040.92
1583,179,226,3781,2024-04-15 02:19:00,Confirmed,5A,1879.95
1584,179,264,4367,2024-01-23 04:24:00,Cancelled,8C,5930.8
1585,179,60,996,2024-10-25 07:42:00,Confirmed,6A,719.52
1586,179,131,2161,2024-08-26 02:55:00,Completed,8A,851.62
1587,179,290,4753,2024-10-05 23:20:00,Confirmed,43F,1198.43
1588,179,299,4910,2024-03-10 23:31:00,Cancelled,50B,839.66
1589,179,144,2372,2024-02-02 07:16:00,Confirmed,49A,6698.54
1590,179,255,4225,2024-02-04 17:40:00,Confirmed,22A,553.1
1591,180,115,1897,2024-03-11 20:07:00,Cancelled,1C,747.07
1592,180,155,2555,2024-08-02 16:23:00,Cancelled,18A,3129.28
1593,180,190,3166,2024-08-04 09:42:00,Confirmed,14A,6670.89
1594,180,11,179,2024-04-04 08:51:00,Completed,25C,2005.65
1595,180,157,2579,2024-08-05 04:29:00,Pending,39C,162.01
1596,180,27,448,2024-08-24 08:01:00,Completed,29C,2080.03
1597,180,129,2116,2024-10-21 18:39:00,Confirmed,1E,414.76
1598,180,114,1882,2024-04-20 03:45:00,Completed,40C,1402.32
1599,180,44,729,2024-03-27 20:25:00,Confirmed,25A,930.39
1600,180,111,1837,2024-03-14 14:22:00,Confirmed,42E,864.81
1601,180,23,373,2024-06-16 12:15:00,Completed,6A,1794.41
1602,180,265,4374,2024-10-13 20:21:00,Completed,11C,968.42
1603,180,112,1851,2024-07-02 12:59:00,Confirmed,29C,416.86
1604,180,258,4269,2024-07-15 19:19:00,Confirmed,41F,1279.79
1605,181,257,4251,2024-10-09 16:16:00,Confirmed,42B,480.53
1606,181,200,3321,2024-02-01 01:58:00,Completed,1A,3206.21
1607,181,218,3642,2024-08-25 07:41:00,Cancelled,20E,3255.32
1608,181,99,1617,2024-04-27 01:28:00,Confirmed,5D,728.58
1609,181,53,874,2024-10-23 13:53:00,Confirmed,40A,553.6
1610,181,85,1395,2024-02-09 09:18:00,Pending,23C,1443.99
1611,181,295,4849,2024-07-15 08:14:00,Cancelled,34C,2697.72
1612,181,282,4626,2024-12-14 22:59:00,Completed,15E,523.11
1613,181,54,893,2024-08-25 21:01:00,Completed,24B,1408.32
1614,181,1,11,2024-01-10 19:44:00,Cancelled,25F,2744.17
1615,181,199,3312,2024-06-07 23:24:00,Pending,40D,8552.37
1616,181,224,3739,2024-04-04 14:13:00,Completed,49D,331.39
1617,182,76,1268,2024-05-17 15:45:00,Completed,13F,3017.04
1618,182,279,4589,2024-06-28 16:24:00,Pending,16E,3043.57
1619,182,76,1257,2024-08-22 12:35:00,Confirmed,45A,319.95
1620,182,120,1978,2024-05-19 06:50:00,Completed,39D,869.43
1621,182,216,3608,2024-01-14 00:23:00,Cancelled,31B,4714.48
1622,182,159,2617,2024-08-20 04:07:00,Confirmed,9C,845.18
1623,182,12,201,2024-07-23 18:35:00,Completed,24C,8586.31
1624,182,194,3221,2024-05-13 06:52:00,Cancelled,29A,7830.8
1625,182,50,833,2024-05-22 20:41:00,Confirmed,15E,6368.97
1626,182,118,1945,2024-05-22 04:30:00,Pending,47E,3449.86
1627,182,195,3237,2024-07-24 18:09:00,Confirmed,42A,1956.55
1628,182,164,2698,2024-01-20 05:24:00,Confirmed,43A,2300.44
1629,182,55,911,2024-11-25 23:03:00,Confirmed,5D,7503.77
1630,182,35,577,2024-10-15 06:35:00,Confirmed,50F,2881.2
1631,183,254,4213,2024-02-05 02:54:00,Confirmed,48E,2280.89
1632,183,253,4195,2024-03-21 06:33:00,Cancelled,25E,643.09
1633,183,26,420,2024-11-22 22:52:00,Confirmed,9B,616.47
1634,183,108,1787,2024-02-02 08:42:00,Confirmed,44D,643.4
1635,183,122,2008,2024-11-14 11:20:00,Confirmed,9B,361.71
1636,183,36,589,2024-09-18 04:56:00,Confirmed,49A,250.08
1637,183,261,4312,2024-12-13 09:07:00,Confirmed,41F,963.86
1638,183,111,1830,2024-01-05 06:26:00,Confirmed,41D,302.39
1639,183,303,4978,2024-04-14 16:12:00,Cancelled,38A,474.46
1640,183,204,3391,2024-08-14 08:00:00,Confirmed,37F,910.56
1641,183,34,555,2024-12-19 23:14:00,Pending,9E,3307.37
1642,183,73,1223,2024-11-26 12:51:00,Confirmed,25E,3117.09
1643,184,226,3778,2024-10-09 19:54:00,Confirmed,11B,847.74
1644,184,156,2565,2024-03-20 13:48:00,Confirmed,34C,440.02
1645,184,123,2035,2024-12-21 13:49:00,Confirmed,33A,9333.89
1646,184,58,952,2024-02-10 07:14:00,Confirmed,39F,2960.88
1647,184,257,4258,2024-01-11 17:31:00,Completed,21F,2041.56
1648,184,172,2849,2024-10-22 21:50:00,Completed,25F,8566.67
1649,185,236,3945,2024-09-16 19:03:00,Confirmed,7F,394.76
1650,185,75,1245,2024-01-23 23:17:00,Pending,30B,193.46
1651,185,58,953,2024-07-06 23:25:00,Confirmed,10B,3116.39
1652,185,161,2655,2024-09-10 02:34:00,Confirmed,21C,2270.47
1653,185,308,5073,2024-10-19 15:29:00,Completed,37B,4738.21
1654,186,178,2941,2024-08-28 18:20:00,Confirmed,42B,2895.5
1655,186,127,2088,2024-12-15 08:43:00,Confirmed,44B,2960.11
1656,186,193,3208,2024-08-01 06:45:00,Confirmed,23D,2777.33
1657,186,227,3794,2024-07-04 03:10:00,Cancelled,47B,764.65
1658,186,102,1682,2024-04-01 00:34:00,Confirmed,16A,946.67
1659,186,250,4163,2024-12-05 18:10:00,Pending,36B,8874.31
1660,186,252,4189,2024-08-08 05:51:00,Completed,44F,2332.97
1661,186,258,4274,2024-09-07 02:10:00,Confirmed,28C,2636.9
1662,186,145,2381,2024-09-12 04:11:00,Confirmed,5E,561.27
1663,186,220,3680,2024-01-18 09:08:00,Confirmed,44A,3636.21
1664,186,214,3579,2024-11-23 05:31:00,Confirmed,14F,8563.8
1665,186,195,3241,2024-06-03 05:39:00,Confirmed,22A,8849.39
1666,187,10,160,2024-01-12 02:02:00,Cancelled,45E,243.86
1667,187,127,2097,2024-12-05 04:27:00,Confirmed,4A,2614.15
1668,187,104,1719,2024-07-01 14:08:00,Confirmed,10F,4844.84
1669,187,262,4334,2024-04-01 22:57:00,Confirmed,10F,5483.16
1670,187,137,2250,2024-04-15 10:51:00,Confirmed,28E,590.49
1671,187,70,1160,2024-09-01 19:07:00,Completed,15A,1648.13
1672,187,208,3458,2024-07-20 12:53:00,Completed,20A,282.61
1673,187,124,2038,2024-04-28 00:16:00,Completed,5A,794.15
1674,187,192,3192,2024-02-14 12:16:00,Confirmed,44E,1620.89
1675,187,144,2355,2024-05-26 23:21:00,Confirmed,47F,869.56
1676,187,47,779,2024-08-14 09:09:00,Confirmed,45B,1266.47
1677,187,255,4225,2024-01-19 04:18:00,Confirmed,21A,552.06
1678,187,304,4996,2024-07-20 18:45:00,Completed,50B,233.63
1679,188,164,2703,2024-03-23 10:23:00,Confirmed,11B,8249.74
1680,188,275,4528,2024-01-11 16:53:00,Pending,42D,4558.54
1681,188,151,2492,2024-04-12 08:47:00,Cancelled,46C,1242.18
1682,188,245,4071,2024-07-06 10:47:00,Confirmed,24A,214.08
1683,189,53,873,2024-02-04 10:49:00,Confirmed,33F,557.52
1684,189,214,3567,2024-03-15 14:45:00,Confirmed,26A,855.32
1685,189,109,1811,2024-02-15 08:34:00,Pending,2C,7284.27
1686,189,178,2939,2024-09-26 16:00:00,Cancelled,8E,268.68
1687,189,212,3538,2024-02-26 09:52:00,Confirmed,15C,3395.5
1688,189,163,2691,2024-12-25 09:42:00,Cancelled,12A,5057.56
1689,189,162,2671,2024-12-26 11:36:00,Confirmed,32E,1490.84
1690,189,303,4975,2024-02-04 21:12:00,Pending,36B,710.57
1691,189,9,151,2024-12-10 10:29:00,Confirmed,17C,4572.92
1692,189,52,853,2024-02-13 00:35:00,Completed,23E,772.44
1693,189,285,4674,2024-08-02 03:56:00,Completed,11B,1114.97
1694,189,58,953,2024-04-07 12:45:00,Completed,4A,3206.02
1695,189,254,4211,2024-04-09 14:27:00,Confirmed,43E,266.79
1696,189,289,4734,2024-09-19 19:46:00,Cancelled,32C,650.21
1697,189,192,3199,2024-02-24 03:47:00,Completed,39F,7027.36
1698,190,288,4730,2024-10-05 14:06:00,Completed,45D,3992.29
1699,190,24,399,2024-04-07 16:43:00,Confirmed,34F,4339.36
1700,190,175,2890,2024-03-17 11:46:00,Completed,40E,285.82
1701,190,196,3249,2024-09-21 03:34:00,Confirmed,16E,1083.08
1702,190,229,3830,2024-07-23 07:03:00,Completed,1F,8453.26
1703,190,2,34,2024-08-08 15:37:00,Cancelled,40F,2327.48
1704,190,148,2435,2024-05-11 14:43:00,Cancelled,20C,433.01
1705,190,55,904,2024-01-15 12:37:00,Confirmed,28B,650.57
1706,190,190,3159,2024-11-25 10:18:00,Confirmed,29C,2618.82
1707,190,284,4654,2024-02-23 12:01:00,Completed,16C,2185.27
1708,191,255,4223,2024-04-20 16:21:00,Cancelled,37F,495.29
1709,191,27,444,2024-08-26 19:45:00,Pending,24E,843.06
1710,191,156,2575,2024-08-17 07:59:00,Confirmed,43E,5230.68
1711,191,36,591,2024-07-16 16:19:00,Confirmed,20F,2866.38
1712,191,19,320,2024-08-27 22:13:00,Confirmed,43A,4008.74
1713,191,228,3818,2024-08-13 03:56:00,Cancelled,13C,8018.5
1714,191,13,210,2024-11-21 00:31:00,Confirmed,38B,530.95
1715,191,73,1218,2024-04-07 22:45:00,Confirmed,16B,2637.73
1716,191,202,3349,2024-10-19 19:21:00,Cancelled,44A,195.01
1717,191,94,1535,2024-04-03 04:59:00,Completed,21B,1885.2
1718,191,78,1300,2024-08-08 10:44:00,Confirmed,8C,5374.88
1719,191,221,3691,2024-03-09 19:44:00,Confirmed,9B,1279.2
1720,192,236,3950,2024-08-03 09:27:00,Confirmed,3E,1309.63
1721,192,121,1991,2024-12-12 10:23:00,Confirmed,3B,856.32
1722,192,18,302,2024-01-14 03:30:00,Confirmed,20C,5164.83
1723,192,179,2953,2024-10-09 15:51:00,Completed,7E,201.07
1724,192,281,4618,2024-04-22 19:05:00,Confirmed,44F,2087.72
1725,192,7,117,2024-07-11 00:28:00,Confirmed,10B,8962.97
1726,192,74,1225,2024-09-21 07:41:00,Confirmed,25C,188.34
1727,193,206,3435,2024-09-23 11:15:00,Completed,24C,8781.84
1728,193,161,2653,2024-06-19 10:03:00,Confirmed,46C,2018.65
1729,193,211,3512,2024-01-16 15:31:00,Cancelled,44C,190.39
1730,193,107,1773,2024-04-21 04:31:00,Pending,37F,3159.99
1731,193,300,4921,2024-01-09 21:52:00,Confirmed,12F,831.6
1732,193,121,2001,2024-07-19 12:46:00,Completed,10D,6648.1
1733,193,281,4611,2024-01-06 21:11:00,Cancelled,24C,183.76
1734,194,12,192,2024-07-04 14:49:00,Confirmed,30A,537.78
1735,194,34,550,2024-06-22 03:11:00,Confirmed,14C,416.43
1736,194,154,2535,2024-10-02 14:27:00,Completed,8D,1251.54
1737,194,91,1494,2024-12-03 17:41:00,Confirmed,44B,7301.96
1738,194,293,4819,2024-12-21 02:47:00,Cancelled,25F,4086.24
1739,194,304,4993,2024-03-04 00:54:00,Confirmed,6B,322.72
1740,194,86,1420,2024-07-02 01:57:00,Completed,33B,4353.56
1741,194,227,3796,2024-08-24 08:11:00,Confirmed,19E,7116.57
1742,194,279,4585,2024-06-16 23:34:00,Confirmed,11E,485.78
1743,194,72,1191,2024-01-13 06:09:00,Cancelled,45F,550.46
1744,194,13,212,2024-02-06 13:36:00,Completed,17D,513.48
1745,194,206,3434,2024-06-17 18:20:00,Completed,32D,3032.18
1746,194,7,108,2024-10-14 22:52:00,Confirmed,17D,687.72
1747,195,128,2106,2024-06-06 11:29:00,Cancelled,45C,2351.94
1748,195,230,3845,2024-08-18 17:16:00,Confirmed,45F,846.66
1749,195,302,4965,2024-05-14 10:30:00,Completed,4D,4964.37
1750,195,43,708,2024-03-20 16:32:00,Pending,10E,262.73
1751,195,152,2510,2024-03-13 16:03:00,Confirmed,10D,4928.88
1752,196,35,584,2024-12-21 12:16:00,Confirmed,22B,6323.18
1753,196,242,4037,2024-02-21 16:27:00,Confirmed,46D,1338.02
1754,196,269,4447,2024-09-01 06:04:00,Pending,26D,5209.96
1755,196,152,2504,2024-08-28 18:53:00,Confirmed,30E,1819.96
1756,196,260,4291,2024-04-04 05:48:00,Confirmed,36F,700.6
1757,196,179,2958,2024-04-12 21:43:00,Completed,2A,2706.1
1758,196,288,4726,2024-10-03 19:35:00,Cancelled,34D,2061.01
1759,196,2,23,2024-12-04 15:00:00,Completed,44D,850.92
1760,196,238,3981,2024-02-12 05:02:00,Cancelled,47A,2159.42
1761,196,231,3861,2024-05-02 09:14:00,Pending,38C,971.44
1762,196,218,3627,2024-10-13 14:44:00,Completed,27A,349.27
1763,196,27,440,2024-06-03 02:02:00,Cancelled,1A,200.84
1764,196,230,3842,2024-01-27 03:31:00,Confirmed,47B,1612.76
1765,197,184,3050,2024-01-05 11:42:00,Confirmed,44F,2561.51
1766,197,114,1882,2024-12-22 19:11:00,Confirmed,44B,1337.33
1767,197,309,5080,2024-08-12 19:50:00,Confirmed,30F,219.35
1768,198,166,2735,2024-11-08 19:27:00,Completed,29F,1903.7
1769,198,154,2534,2024-05-27 05:22:00,Cancelled,44E,3013.46
1770,198,128,2113,2024-11-21 05:03:00,Confirmed,8C,7372.26
1771,198,105,1731,2024-08-10 01:50:00,Completed,6B,2873.72
1772,198,118,1953,2024-08-25 19:49:00,Confirmed,28D,6746.19
1773,198,286,4698,2024-11-20 14:24:00,Completed,25A,3158.51
1774,198,263,4344,2024-06-11 15:49:00,Completed,20E,2526.75
1775,198,23,381,2024-06-17 09:39:00,Confirmed,6C,8015.68
1776,198,135,2236,2024-10-20 01:32:00,Pending,22E,4586.97
1777,198,198,3284,2024-03-10 23:02:00,Confirmed,17C,2279.57
1778,198,13,220,2024-10-20 18:35:00,Confirmed,24B,1094.75
1779,198,158,2600,2024-03-15 23:37:00,Completed,6F,1711.16
1780,198,28,465,2024-12-17 11:51:00,Confirmed,35C,1654.31
1781,198,202,3362,2024-11-14 16:39:00,Pending,21E,4987.14
1782,199,83,1360,2024-02-08 11:52:00,Confirmed,43B,328.17
1783,199,26,429,2024-11-15 23:44:00,Confirmed,35A,1852.33
1784,199,20,327,2024-03-05 21:54:00,Confirmed,40D,2794.55
1785,199,66,1100,2024-01-11 10:18:00,Confirmed,37E,5408.17
1786,199,237,3968,2024-09-28 03:45:00,Pending,49C,6560.49
1787,199,231,3855,2024-11-09 19:46:00,Confirmed,25A,280.36
1788,200,87,1430,2024-10-08 14:06:00,Confirmed,17F,2841.32
1789,200,232,3887,2024-03-03 08:27:00,Confirmed,22E,3895.99
1790,200,24,389,2024-05-12 04:39:00,Confirmed,29D,368.3
1791,200,309,5077,2024-09-17 20:39:00,Pending,34D,800.95
1792,200,231,3856,2024-06-10 08:21:00,Completed,49C,477.62
1793,200,34,568,2024-04-09 00:07:00,Completed,9F,8049.23
1794,200,290,4762,2024-12-07 13:56:00,Cancelled,39D,6500.05
1795,201,222,3717,2024-06-22 02:44:00,Confirmed,16E,6896.86
1796,201,300,4939,2024-01-04 04:53:00,Pending,19C,6261.98
1797,201,234,3921,2024-10-08 13:46:00,Confirmed,8A,1756.36
1798,201,178,2951,2024-07-18 12:08:00,Completed,16A,8807.67
1799,201,228,3813,2024-01-22 13:21:00,Confirmed,21B,1729.75
1800,202,187,3103,2024-01-05 22:08:00,Completed,16B,2997.06
1801,202,26,434,2024-04-27 14:43:00,Completed,42F,3059.27
1802,202,242,4031,2024-02-18 13:40:00,Confirmed,30C,876.74
1803,202,206,3428,2024-04-28 02:51:00,Confirmed,5B,2514.99
1804,203,7,118,2024-08-18 05:35:00,Confirmed,4D,2826.13
1805,203,205,3410,2024-02-11 22:56:00,Cancelled,33C,1116.81
1806,203,253,4208,2024-07-13 07:22:00,Completed,19A,8526.78
1807,203,259,4284,2024-01-06 20:54:00,Confirmed,22B,1279.2
1808,203,38,623,2024-03-22 16:45:00,Confirmed,3C,1577.87
1809,203,305,5026,2024-05-13 18:59:00,Confirmed,20B,6658.93
1810,203,266,4398,2024-09-06 22:53:00,Confirmed,3C,6812.51
1811,203,76,1263,2024-01-08 02:42:00,Cancelled,40E,1467.18
1812,203,277,4551,2024-08-03 23:48:00,Confirmed,11A,3436.06
1813,203,104,1704,2024-07-13 16:27:00,Confirmed,29F,251.68
1814,203,235,3937,2024-09-13 04:27:00,Completed,50C,1025.59
1815,204,231,3861,2024-03-17 14:47:00,Confirmed,16B,1006.8
1816,204,3,52,2024-09-16 14:35:00,Confirmed,6F,7193.04
1817,204,4,60,2024-07-06 21:34:00,Confirmed,41F,2580.71
1818,204,172,2843,2024-11-23 11:30:00,Completed,12B,985.1
1819,204,64,1058,2024-08-16 20:45:00,Confirmed,22B,154.35
1820,205,263,4348,2024-06-23 18:30:00,Completed,50D,2115.51
1821,205,109,1808,2024-12-21 21:52:00,Cancelled,29A,3093.55
1822,205,155,2558,2024-12-06 08:02:00,Pending,22C,4065.12
1823,205,167,2767,2024-05-14 16:38:00,Completed,15E,7562.32
1824,205,221,3686,2024-08-21 01:18:00,Confirmed,36E,143.24
1825,205,34,567,2024-06-26 18:26:00,Completed,26F,3867.01
1826,205,225,3771,2024-04-17 12:53:00,Completed,25E,788.13
1827,205,5,84,2024-05-09 16:42:00,Confirmed,43D,4673.03
1828,206,113,1870,2024-04-06 22:11:00,Confirmed,45B,3051.04
1829,206,142,2322,2024-09-20 10:22:00,Completed,29A,745.74
1830,206,6,87,2024-11-28 13:57:00,Cancelled,17C,776.58
1831,206,291,4774,2024-10-22 08:10:00,Confirmed,27A,839.45
1832,206,277,4548,2024-10-11 06:03:00,Completed,4B,283.75
1833,206,122,2007,2024-10-17 00:44:00,Completed,33D,216.12
1834,206,45,747,2024-07-05 17:14:00,Confirmed,40A,2452.13
1835,206,159,2626,2024-09-25 02:02:00,Confirmed,8C,4153.36
1836,206,108,1790,2024-04-15 08:53:00,Confirmed,30A,2835.95
1837,206,64,1060,2024-11-21 14:31:00,Completed,5C,246.62
1838,207,181,2997,2024-10-14 21:39:00,Cancelled,38F,7781.16
1839,207,147,2424,2024-06-16 10:36:00,Cancelled,24A,2438.61
1840,207,170,2807,2024-06-21 07:44:00,Confirmed,46F,149.59
1841,207,41,680,2024-08-04 09:32:00,Completed,19A,5547.74
1842,207,279,4581,2024-04-20 11:10:00,Confirmed,43C,158.96
1843,207,71,1175,2024-01-15 21:49:00,Pending,11A,674.62
1844,207,195,3231,2024-11-11 03:55:00,Cancelled,12A,534.23
1845,207,149,2453,2024-06-16 09:45:00,Confirmed,14A,1639.92
1846,207,67,1111,2024-08-21 12:48:00,Confirmed,13A,1049.04
1847,208,272,4481,2024-03-10 01:12:00,Confirmed,16B,614.21
1848,208,45,751,2024-03-24 09:56:00,Confirmed,45B,3559.44
1849,208,291,4774,2024-04-25 13:14:00,Completed,2E,814.35
1850,208,125,2053,2024-02-06 22:05:00,Completed,24F,2321.14
1851,208,82,1350,2024-06-16 18:20:00,Confirmed,2C,2884.5
1852,208,234,3920,2024-10-09 02:08:00,Cancelled,10C,1122.53
1853,208,150,2478,2024-07-01 02:35:00,Confirmed,8B,7892.55
1854,208,150,2479,2024-12-24 07:16:00,Completed,31A,7725.1
1855,208,101,1656,2024-04-20 21:39:00,Confirmed,30D,340.52
1856,208,272,4480,2024-07-03 05:31:00,Completed,8A,430.39
1857,208,74,1235,2024-01-25 05:39:00,Cancelled,14E,2765.36
1858,209,111,1834,2024-01-03 09:37:00,Cancelled,11E,2670.48
1859,209,261,4307,2024-10-02 17:34:00,Completed,38D,736.75
1860,209,203,3377,2024-05-26 11:10:00,Completed,7F,4803.81
1861,209,288,4717,2024-10-02 16:09:00,Confirmed,21D,734.79
1862,210,103,1695,2024-02-15 04:14:00,Completed,41D,3366.98
1863,210,240,4007,2024-01-10 22:56:00,Confirmed,31A,3142.02
1864,210,6,93,2024-11-07 22:35:00,Confirmed,8E,1576.25
1865,210,234,3926,2024-05-02 10:52:00,Confirmed,47B,7686.43
1866,210,78,1302,2024-01-25 07:17:00,Confirmed,24D,2575.19
1867,210,14,228,2024-08-03 08:57:00,Completed,23A,3369.84
1868,210,244,4063,2024-08-12 22:09:00,Completed,30B,1056.52
1869,210,112,1853,2024-02-27 12:48:00,Confirmed,2B,1131.8
1870,210,245,4076,2024-11-17 23:04:00,Pending,43F,2249.56
1871,210,27,450,2024-06-25 22:48:00,Completed,2B,2306.89
1872,210,286,4697,2024-10-13 06:03:00,Completed,2A,2695.08
1873,211,296,4865,2024-10-09 12:58:00,Completed,26D,3447.23
1874,211,301,4953,2024-04-28 22:08:00,Confirmed,45D,6831.91
1875,211,29,486,2024-01-16 03:47:00,Confirmed,1A,3280.25
1876,211,290,4752,2024-08-28 02:17:00,Cancelled,13B,1185.4
1877,211,91,1496,2024-04-10 06:54:00,Completed,22E,2769.62
1878,211,241,4022,2024-05-10 22:34:00,Cancelled,40F,1115.0
1879,211,85,1402,2024-04-15 10:38:00,Completed,32B,5590.94
1880,211,70,1165,2024-09-28 10:58:00,Cancelled,44C,2682.75
1881,212,167,2767,2024-12-09 11:20:00,Confirmed,40A,7998.31
1882,212,288,4720,2024-07-26 00:13:00,Confirmed,11B,1930.42
1883,212,210,3510,2024-08-18 17:58:00,Completed,13D,4439.88
1884,212,281,4609,2024-11-07 04:15:00,Confirmed,45B,605.71
1885,212,203,3369,2024-05-15 11:33:00,Confirmed,18E,309.16
1886,212,212,3529,2024-12-16 22:17:00,Confirmed,50A,358.29
1887,212,64,1068,2024-01-13 07:06:00,Confirmed,11E,999.21
1888,212,217,3624,2024-08-13 01:07:00,Confirmed,1E,5286.35
1889,212,51,848,2024-02-24 08:16:00,Confirmed,12E,5791.88
1890,212,56,924,2024-12-10 22:13:00,Completed,5D,774.35
1891,212,268,4416,2024-07-04 03:19:00,Confirmed,13D,498.94
1892,213,44,732,2024-09-20 05:25:00,Confirmed,22C,4640.2
1893,213,168,2784,2024-12-21 08:24:00,Completed,12F,4562.89
1894,213,197,3263,2024-09-08 12:32:00,Completed,50B,934.07
1895,213,246,4095,2024-08-03 08:51:00,Confirmed,44C,2024.16
1896,214,157,2579,2024-05-11 18:22:00,Completed,2A,174.98
1897,214,115,1892,2024-01-28 02:05:00,Confirmed,9B,392.42
1898,214,244,4068,2024-03-08 16:24:00,Confirmed,18F,4462.44
1899,214,62,1030,2024-12-04 20:54:00,Completed,48B,276.1
1900,214,192,3200,2024-09-08 17:23:00,Completed,38C,8794.69
1901,214,221,3695,2024-01-26 18:12:00,Completed,39E,772.75
1902,214,42,697,2024-07-22 11:02:00,Confirmed,27F,1964.32
1903,214,129,2127,2024-01-08 08:52:00,Confirmed,18B,2668.46
1904,214,232,3882,2024-08-02 00:44:00,Completed,37C,1080.11
1905,214,288,4722,2024-06-23 03:19:00,Cancelled,23C,2993.38
1906,214,142,2336,2024-10-24 12:27:00,Confirmed,6F,5396.01
1907,214,233,3900,2024-12-23 11:54:00,Confirmed,11E,1793.16
1908,214,4,64,2024-01-04 13:59:00,Pending,46A,717.62
1909,215,219,3661,2024-04-09 09:29:00,Completed,45C,3728.93
1910,215,292,4793,2024-03-08 10:43:00,Confirmed,14E,916.46
1911,215,113,1868,2024-03-14 08:58:00,Cancelled,46A,1628.14
1912,215,23,379,2024-01-03 14:00:00,Pending,7B,8574.99
1913,215,142,2326,2024-11-21 10:28:00,Confirmed,48B,223.74
1914,215,21,336,2024-05-28 18:19:00,Confirmed,19B,416.06
1915,215,122,2009,2024-06-23 11:49:00,Pending,35B,779.94
1916,215,106,1748,2024-08-06 21:34:00,Completed,26F,469.92
1917,215,242,4030,2024-10-18 03:42:00,Completed,27C,174.38
1918,215,187,3100,2024-05-21 14:45:00,Completed,22E,3225.54
1919,215,279,4591,2024-03-24 23:04:00,Completed,30A,4951.63
1920,215,258,4275,2024-10-09 02:59:00,Confirmed,47E,4888.3
1921,215,60,990,2024-02-14 03:04:00,Confirmed,17D,272.12
1922,216,41,670,2024-02-19 16:15:00,Cancelled,24C,718.75
1923,216,86,1413,2024-12-25 09:55:00,Confirmed,47F,3616.24
1924,216,255,4229,2024-09-28 20:48:00,Completed,16D,962.64
1925,216,236,3956,2024-05-18 21:53:00,Confirmed,1A,6963.05
1926,216,230,3841,2024-09-18 03:40:00,Confirmed,22A,1374.18
1927,216,78,1285,2024-02-25 20:46:00,Completed,36B,825.66
1928,216,83,1360,2024-07-16 18:37:00,Confirmed,26D,291.14
1929,216,10,160,2024-03-18 13:23:00,Completed,36B,265.33
1930,216,285,4679,2024-11-12 14:04:00,Confirmed,43E,5689.5
1931,216,66,1095,2024-02-25 22:00:00,Confirmed,48D,2948.38
1932,216,5,79,2024-12-19 00:28:00,Confirmed,34A,7582.86
1933,216,262,4324,2024-11-17 23:26:00,Completed,28E,3474.56
1934,216,111,1842,2024-03-02 15:51:00,Completed,3E,7797.67
1935,216,254,4218,2024-04-09 16:17:00,Cancelled,45D,6270.79
1936,217,151,2495,2024-09-15 13:59:00,Cancelled,23A,8093.33
1937,217,233,3890,2024-05-22 08:51:00,Confirmed,9D,197.34
1938,217,231,3858,2024-07-12 21:17:00,Cancelled,11E,454.95
1939,217,51,844,2024-08-19 08:31:00,Confirmed,3B,1760.68
1940,217,153,2518,2024-06-25 04:48:00,Confirmed,12D,790.59
1941,217,304,5010,2024-04-02 06:08:00,Confirmed,17C,4241.1
1942,217,86,1408,2024-06-15 07:15:00,Completed,49A,2259.34
1943,217,226,3781,2024-05-25 01:46:00,Confirmed,28E,1886.02
1944,217,170,2809,2024-03-21 04:17:00,Completed,24A,1996.34
1945,217,62,1026,2024-06-23 17:12:00,Cancelled,38A,538.02
1946,218,178,2935,2024-04-13 23:59:00,Cancelled,14B,496.79
1947,218,67,1115,2024-08-14 07:13:00,Confirmed,35C,7448.72
1948,218,198,3279,2024-03-25 16:14:00,Completed,15D,367.03
1949,219,88,1448,2024-03-11 18:13:00,Confirmed,15F,4003.86
1950,219,231,3863,2024-12-23 22:56:00,Confirmed,38C,7379.18
1951,219,70,1168,2024-11-07 08:59:00,Confirmed,29A,8126.51
1952,219,132,2189,2024-04-07 07:56:00,Cancelled,41F,7456.68
1953,219,267,4403,2024-09-07 17:17:00,Cancelled,6B,543.86
1954,219,178,2950,2024-11-16 17:40:00,Confirmed,15D,6884.56
1955,219,50,828,2024-10-17 22:41:00,Completed,44F,1030.38
1956,219,56,932,2024-08-14 18:42:00,Confirmed,42F,7032.99
1957,219,190,3164,2024-05-12 22:22:00,Completed,45B,4250.38
1958,219,47,786,2024-06-16 21:44:00,Confirmed,40F,2350.47
1959,219,78,1289,2024-07-10 00:20:00,Confirmed,29B,203.15
1960,219,300,4936,2024-07-17 16:23:00,Confirmed,9E,7780.02
1961,219,277,4556,2024-04-21 18:02:00,Confirmed,39D,5568.15
1962,220,256,4243,2024-04-22 06:05:00,Confirmed,11A,2083.62
1963,220,296,4865,2024-09-12 18:52:00,Pending,24A,3504.97
1964,220,15,245,2024-03-11 00:25:00,Completed,48F,8273.54
1965,220,260,4293,2024-07-21 21:49:00,Cancelled,15C,1825.53
1966,220,243,4049,2024-07-16 02:55:00,Cancelled,44E,2723.6
1967,220,210,3511,2024-04-05 17:37:00,Cancelled,47A,8072.93
1968,220,115,1894,2024-09-11 05:19:00,Confirmed,11B,254.74
1969,220,51,846,2024-06-12 18:48:00,Completed,29C,2443.64
1970,220,103,1687,2024-10-22 13:14:00,Confirmed,22E,835.46
1971,220,144,2368,2024-01-07 17:36:00,Completed,19D,2372.58
1972,220,180,2968,2024-07-25 21:41:00,Confirmed,4E,714.32
1973,220,241,4019,2024-04-02 01:09:00,Confirmed,43B,894.48
1974,220,229,3832,2024-04-13 21:24:00,Completed,11C,2548.28
1975,221,192,3200,2024-11-26 14:13:00,Completed,11F,8911.18
1976,221,102,1676,2024-05-17 14:17:00,Cancelled,5D,1770.96
1977,221,193,3207,2024-01-26 03:37:00,Cancelled,20E,1195.04
1978,221,257,4255,2024-07-13 23:46:00,Confirmed,48B,420.32
1979,221,204,3387,2024-05-10 14:49:00,Completed,41F,821.31
1980,221,99,1620,2024-11-16 16:22:00,Cancelled,18A,1792.57
1981,221,237,3968,2024-07-26 01:50:00,Cancelled,39B,6854.14
1982,221,244,4061,2024-02-14 09:58:00,Completed,43C,3036.59
1983,221,279,4582,2024-02-01 09:22:00,Completed,46C,617.97
1984,221,206,3429,2024-07-19 09:16:00,Completed,45B,3356.08
1985,221,268,4421,2024-08-25 17:56:00,Completed,46C,2697.99
1986,221,64,1072,2024-09-19 00:42:00,Confirmed,6E,6066.99
1987,221,96,1568,2024-08-18 09:47:00,Confirmed,34E,466.6
1988,221,247,4117,2024-04-15 08:15:00,Confirmed,39D,2546.91
1989,222,159,2613,2024-10-07 16:02:00,Completed,4B,1399.48
1990,222,119,1964,2024-01-17 18:41:00,Cancelled,18D,2813.25
1991,222,303,4983,2024-11-06 08:59:00,Completed,15C,3830.66
1992,222,125,2058,2024-09-13 19:21:00,Confirmed,7F,2815.29
1993,222,176,2914,2024-07-02 07:32:00,Confirmed,35A,2541.01
1994,222,104,1717,2024-06-28 09:26:00,Confirmed,1C,2779.01
1995,222,293,4813,2024-01-07 15:25:00,Confirmed,28F,2162.67
1996,222,291,4775,2024-02-22 23:56:00,Confirmed,12A,2949.01
1997,222,168,2770,2024-01-25 07:46:00,Cancelled,45C,371.68
1998,222,174,2877,2024-09-26 13:45:00,Completed,5F,3122.34
1999,222,281,4613,2024-11-02 01:50:00,Confirmed,34E,1405.92
2000,223,107,1761,2024-04-12 04:54:00,Completed,43D,631.49
2001,223,1,11,2024-02-27 07:32:00,Completed,50A,2467.76
2002,223,83,1371,2024-10-11 15:12:00,Confirmed,2A,5513.6
2003,223,92,1511,2024-05-26 11:54:00,Pending,6C,6348.82
2004,223,279,4579,2024-01-13 23:58:00,Confirmed,19E,320.74
2005,223,284,4655,2024-10-04 06:58:00,Completed,24A,2838.39
2006,224,167,2753,2024-02-19 03:42:00,Completed,15E,890.89
2007,224,203,3374,2024-09-15 02:32:00,Cancelled,5D,1176.29
2008,224,4,64,2024-09-01 20:19:00,Confirmed,14F,697.62
2009,224,81,1335,2024-09-23 11:01:00,Completed,7E,3259.5
2010,224,208,3462,2024-02-05 18:14:00,Confirmed,49B,490.13
2011,224,139,2290,2024-10-12 05:08:00,Completed,50C,4390.52
2012,224,21,339,2024-11-02 06:30:00,Confirmed,31D,246.61
2013,224,180,2976,2024-09-18 11:24:00,Confirmed,35A,2839.6
2014,225,197,3273,2024-02-03 22:58:00,Pending,27F,8053.94
2015,225,65,1076,2024-12-02 20:14:00,Pending,38C,558.46
2016,225,36,602,2024-07-11 15:43:00,Confirmed,36D,5869.14
2017,225,24,394,2024-11-03 17:05:00,Cancelled,9F,1182.13
2018,225,114,1885,2024-11-20 19:59:00,Confirmed,21C,2603.23
2019,225,292,4782,2024-12-17 15:37:00,Confirmed,28B,207.94
2020,225,109,1812,2024-02-26 09:52:00,Cancelled,36F,2510.98
2021,225,248,4137,2024-12-20 03:54:00,Cancelled,25F,4603.15
2022,225,53,883,2024-10-25 12:55:00,Pending,23A,6845.07
2023,226,81,1338,2024-02-03 04:48:00,Confirmed,28A,5703.45
2024,226,257,4251,2024-02-13 08:49:00,Cancelled,36A,436.53
2025,226,126,2074,2024-05-24 13:53:00,Confirmed,5F,1500.52
2026,226,304,5007,2024-08-04 08:02:00,Cancelled,16C,2580.75
2027,226,209,3481,2024-10-11 08:17:00,Confirmed,26A,672.19
2028,226,294,4839,2024-11-26 23:21:00,Completed,3D,5108.48
2029,226,65,1079,2024-12-15 08:21:00,Cancelled,15F,221.1
2030,226,308,5065,2024-11-18 11:36:00,Confirmed,10E,2553.57
2031,227,39,641,2024-05-05 21:39:00,Confirmed,23D,2235.78
2032,227,218,3630,2024-07-06 10:54:00,Completed,35C,1559.99
2033,227,223,3721,2024-07-25 12:38:00,Cancelled,23B,365.23
2034,227,23,368,2024-02-13 09:31:00,Pending,26A,781.96
2035,227,230,3846,2024-05-22 22:24:00,Confirmed,1B,1120.82
2036,227,191,3174,2024-03-20 14:24:00,Completed,25B,1100.4
2037,227,268,4425,2024-07-14 00:49:00,Cancelled,9C,2690.63
2038,228,198,3277,2024-09-20 20:50:00,Confirmed,3A,235.85
2039,228,195,3243,2024-06-13 05:53:00,Confirmed,44C,7123.29
2040,228,23,368,2024-03-03 11:52:00,Pending,14A,932.3
2041,228,72,1209,2024-06-05 08:11:00,Confirmed,22F,5672.21
2042,228,192,3198,2024-01-01 16:20:00,Confirmed,40C,6161.77
2043,228,299,4917,2024-07-03 14:11:00,Pending,4C,7563.84
2044,228,74,1231,2024-01-21 11:58:00,Confirmed,13A,640.46
2045,228,94,1544,2024-12-04 16:17:00,Confirmed,22E,3866.26
2046,228,114,1884,2024-05-22 04:15:00,Completed,46A,2554.01
2047,228,4,55,2024-10-03 04:58:00,Confirmed,17F,601.71
2048,228,112,1854,2024-12-04 08:58:00,Completed,18A,1115.96
2049,228,267,4410,2024-08-17 07:16:00,Completed,13F,8568.8
2050,228,228,3815,2024-08-19 17:09:00,Confirmed,49B,3290.55
2051,228,48,792,2024-02-14 16:09:00,Confirmed,40E,1803.98
2052,228,255,4236,2024-02-17 03:41:00,Confirmed,44E,4497.49
2053,229,74,1234,2024-05-06 13:22:00,Confirmed,40D,2225.57
2054,229,108,1779,2024-11-11 11:32:00,Pending,50C,870.11
2055,229,63,1045,2024-07-07 22:19:00,Pending,10B,244.02
2056,229,243,4047,2024-11-05 10:19:00,Confirmed,41C,1045.34
2057,229,101,1660,2024-06-04 02:57:00,Confirmed,36B,1909.71
2058,229,276,4535,2024-01-11 01:15:00,Confirmed,36F,2264.08
2059,229,262,4320,2024-03-17 15:10:00,Confirmed,26D,409.65
2060,229,214,3565,2024-07-13 22:02:00,Confirmed,32C,267.3
2061,229,160,2630,2024-12-23 16:28:00,Cancelled,4F,577.25
2062,230,156,2568,2024-04-03 21:53:00,Completed,25E,2321.56
2063,230,178,2949,2024-10-07 03:23:00,Completed,26B,8287.65
2064,230,47,781,2024-11-21 01:30:00,Completed,6C,2920.77
2065,230,131,2158,2024-04-01 20:52:00,Completed,6C,2110.0
2066,230,143,2345,2024-06-05 18:50:00,Confirmed,20C,1656.4
2067,230,226,3780,2024-05-09 06:13:00,Completed,31A,343.92
2068,230,60,1004,2024-11-28 11:14:00,Confirmed,18E,8369.44
2069,230,221,3694,2024-03-20 13:53:00,Confirmed,2A,3339.89
2070,230,103,1688,2024-11-10 07:18:00,Cancelled,24F,287.12
2071,230,269,4447,2024-12-12 17:45:00,Confirmed,34E,4902.68
2072,231,46,757,2024-08-17 12:03:00,Pending,9A,542.84
2073,231,181,3002,2024-10-19 04:31:00,Confirmed,28B,4216.7
2074,231,254,4219,2024-03-16 09:37:00,Pending,14B,6030.72
2075,231,58,963,2024-03-06 05:14:00,Confirmed,36A,4092.43
2076,231,215,3597,2024-01-10 14:13:00,Pending,47F,2504.59
2077,231,260,4304,2024-04-26 12:35:00,Confirmed,47D,2641.9
2078,231,127,2096,2024-01-15 00:14:00,Confirmed,49C,3138.03
2079,231,199,3295,2024-01-01 21:28:00,Completed,11E,587.61
2080,231,76,1267,2024-02-28 05:50:00,Confirmed,8E,2957.47
2081,231,105,1742,2024-09-14 17:10:00,Completed,49D,3828.65
2082,231,66,1095,2024-07-09 22:50:00,Confirmed,1C,2573.74
2083,232,178,2951,2024-11-19 13:36:00,Completed,26D,7798.44
2084,232,196,3253,2024-01-09 17:22:00,Confirmed,13C,1335.79
2085,232,131,2168,2024-04-11 16:51:00,Cancelled,36A,7694.44
2086,232,56,922,2024-09-22 09:55:00,Confirmed,10C,1185.59
2087,232,91,1486,2024-02-01 12:47:00,Cancelled,6D,2957.79
2088,232,10,156,2024-05-18 22:46:00,Completed,17F,954.13
2089,232,262,4334,2024-02-03 22:26:00,Cancelled,24F,6184.79
2090,232,275,4526,2024-11-23 11:36:00,Confirmed,40B,3960.87
2091,232,246,4094,2024-10-25 06:58:00,Completed,27B,706.28
2092,232,195,3227,2024-06-19 15:11:00,Confirmed,34D,270.0
2093,232,233,3902,2024-08-12 18:13:00,Cancelled,5B,5985.84
2094,232,154,2529,2024-02-16 08:38:00,Confirmed,50E,519.48
2095,232,12,193,2024-09-21 17:51:00,Confirmed,32B,394.78
2096,232,96,1573,2024-04-20 19:00:00,Confirmed,26A,712.24
2097,233,14,226,2024-01-04 02:05:00,Confirmed,20E,584.57
2098,233,1,2,2024-05-10 05:47:00,Pending,32E,622.19
2099,233,77,1281,2024-02-09 18:38:00,Confirmed,47E,6077.98
2100,233,195,3226,2024-02-26 12:49:00,Completed,30F,181.75
2101,233,302,4962,2024-01-10 20:51:00,Cancelled,6C,3027.26
2102,233,236,3943,2024-04-17 21:59:00,Confirmed,37D,223.75
2103,233,226,3783,2024-11-08 12:28:00,Confirmed,44D,2670.05
2104,233,59,969,2024-01-26 05:48:00,Confirmed,20B,947.29
2105,234,87,1421,2024-01-12 16:51:00,Cancelled,11C,716.15
2106,234,180,2975,2024-10-16 03:42:00,Cancelled,24F,2064.38
2107,234,218,3637,2024-10-07 05:49:00,Confirmed,8A,2087.97
2108,234,167,2750,2024-05-22 19:06:00,Confirmed,32B,699.64
2109,234,92,1499,2024-12-27 13:00:00,Cancelled,33C,301.35
2110,234,200,3329,2024-09-18 22:34:00,Cancelled,27A,8788.68
2111,234,17,287,2024-09-11 21:38:00,Completed,33D,6095.58
2112,234,234,3923,2024-10-10 06:44:00,Pending,27C,1555.42
2113,234,135,2225,2024-08-02 05:24:00,Confirmed,32F,1610.92
2114,234,209,3476,2024-06-20 12:51:00,Confirmed,22E,822.58
2115,234,218,3641,2024-11-24 12:24:00,Completed,41C,2406.16
2116,234,217,3626,2024-12-03 11:22:00,Completed,16C,3001.66
2117,234,218,3632,2024-05-28 10:41:00,Cancelled,17A,1927.43
2118,235,181,2987,2024-04-15 15:10:00,Confirmed,47C,898.09
2119,235,260,4295,2024-10-13 10:56:00,Cancelled,22A,634.28
2120,235,118,1942,2024-08-26 11:17:00,Completed,50D,2479.81
2121,235,260,4301,2024-01-12 07:34:00,Completed,24D,6739.81
2122,235,290,4755,2024-04-06 23:38:00,Confirmed,25C,1776.54
2123,235,260,4300,2024-01-23 08:51:00,Confirmed,30B,778.4
2124,235,27,454,2024-05-03 11:00:00,Confirmed,12F,7626.58
2125,235,128,2110,2024-01-11 03:02:00,Completed,27C,8003.65
2126,235,255,4232,2024-04-28 17:28:00,Confirmed,13C,2764.75
2127,235,195,3233,2024-08-09 20:27:00,Pending,26D,1081.35
2128,235,19,306,2024-04-07 04:57:00,Completed,37E,309.36
2129,235,232,3888,2024-05-04 10:38:00,Confirmed,49E,5838.24
2130,235,142,2324,2024-02-02 02:01:00,Confirmed,3D,592.1
2131,235,265,4369,2024-02-22 19:20:00,Confirmed,34C,509.98
2132,235,295,4849,2024-08-16 18:40:00,Confirmed,16A,2848.76
2133,236,43,715,2024-05-09 06:56:00,Completed,24C,1491.88
2134,236,232,3876,2024-09-19 06:54:00,Completed,23F,430.18
2135,236,92,1503,2024-07-02 05:48:00,Completed,34D,3308.32
2136,236,166,2738,2024-07-25 15:03:00,Cancelled,45E,1990.11
2137,236,59,981,2024-03-20 05:15:00,Confirmed,7B,9543.46
2138,236,285,4670,2024-02-05 06:31:00,Confirmed,42E,207.72
2139,236,258,4268,2024-05-22 03:44:00,Confirmed,16D,714.62
2140,236,203,3369,2024-09-15 00:21:00,Confirmed,1D,352.57
2141,236,289,4742,2024-02-25 01:40:00,Confirmed,42C,7461.89
2142,237,15,246,2024-07-09 01:31:00,Confirmed,14E,3732.72
2143,237,150,2469,2024-08-17 23:17:00,Confirmed,1B,607.29
2144,237,127,2084,2024-09-27 11:29:00,Completed,22F,718.39
2145,237,142,2333,2024-12-22 00:55:00,Confirmed,9D,3414.33
2146,238,254,4212,2024-01-20 00:12:00,Confirmed,33B,750.06
2147,238,192,3195,2024-05-08 23:05:00,Completed,21F,4355.3
2148,238,247,4118,2024-05-09 08:56:00,Cancelled,37C,2546.74
2149,238,293,4814,2024-04-01 06:11:00,Confirmed,41C,4540.14
2150,238,214,3570,2024-01-28 22:52:00,Confirmed,40A,829.04
2151,239,179,2963,2024-03-07 20:02:00,Cancelled,39F,2534.62
2152,239,199,3295,2024-07-07 07:01:00,Completed,11B,665.7
2153,239,178,2935,2024-07-12 08:00:00,Confirmed,39F,518.82
2154,239,296,4860,2024-02-26 11:17:00,Completed,12F,499.57
2155,240,104,1708,2024-03-01 03:09:00,Cancelled,23B,467.96
2156,240,46,766,2024-09-11 00:01:00,Confirmed,43E,2334.07
2157,240,69,1148,2024-12-02 22:54:00,Confirmed,4C,7743.84
2158,240,262,4329,2024-02-26 22:02:00,Completed,4C,2219.56
2159,240,148,2436,2024-09-10 22:28:00,Confirmed,29D,214.68
2160,240,299,4916,2024-08-07 18:51:00,Completed,18F,8850.68
2161,240,164,2700,2024-11-22 10:15:00,Confirmed,6E,949.07
2162,240,78,1285,2024-08-05 21:12:00,Completed,28C,824.59
2163,240,65,1078,2024-10-12 03:32:00,Completed,24F,616.54
2164,240,229,3826,2024-11-14 16:50:00,Completed,22C,1334.37
2165,241,21,337,2024-04-02 16:07:00,Completed,40C,862.02
2166,241,151,2485,2024-05-24 16:29:00,Cancelled,22A,181.72
2167,241,146,2410,2024-09-18 09:37:00,Completed,21F,3631.71
2168,241,16,250,2024-09-19 04:41:00,Confirmed,19A,204.77
2169,241,118,1945,2024-06-01 14:59:00,Cancelled,24C,3563.79
2170,241,175,2887,2024-10-23 06:23:00,Confirmed,5A,216.97
2171,241,250,4160,2024-12-05 21:09:00,Completed,20D,1908.4
2172,241,221,3703,2024-11-16 15:17:00,Completed,24C,5443.33
2173,241,58,963,2024-03-07 16:28:00,Confirmed,38B,3485.36
2174,241,236,3953,2024-10-16 19:02:00,Confirmed,19C,1008.39
2175,241,181,2984,2024-10-10 17:53:00,Cancelled,27D,221.69
2176,241,132,2173,2024-12-28 03:27:00,Confirmed,37C,351.1
2177,242,207,3456,2024-11-28 15:07:00,Confirmed,15C,6736.93
2178,242,15,245,2024-03-25 14:27:00,Cancelled,2D,8293.76
2179,242,150,2467,2024-02-26 04:58:00,Confirmed,10F,920.64
2180,242,236,3955,2024-07-12 06:51:00,Confirmed,24A,7506.67
2181,242,101,1655,2024-05-04 15:58:00,Completed,4C,748.45
2182,242,141,2318,2024-06-11 17:15:00,Confirmed,40C,3596.91
2183,242,180,2979,2024-07-26 05:07:00,Cancelled,43B,2104.26
2184,242,101,1668,2024-06-26 21:30:00,Completed,27D,4279.54
2185,242,251,4170,2024-01-18 19:22:00,Confirmed,48E,784.0
2186,242,45,751,2024-01-17 13:48:00,Confirmed,6D,3364.22
2187,242,44,728,2024-06-11 21:30:00,Completed,6F,3002.58
2188,242,289,4744,2024-08-19 07:14:00,Confirmed,3E,3533.76
2189,242,121,1988,2024-02-22 21:26:00,Cancelled,34E,631.51
2190,242,271,4476,2024-06-21 21:01:00,Confirmed,24E,6828.24
2191,242,98,1614,2024-10-03 02:06:00,Confirmed,3B,4372.21
2192,243,142,2336,2024-01-02 19:45:00,Cancelled,16F,4940.59
2193,243,108,1779,2024-10-14 07:31:00,Confirmed,1F,892.28
2194,243,118,1935,2024-09-18 20:28:00,Completed,5E,343.79
2195,243,264,4361,2024-10-07 16:19:00,Completed,34A,2182.47
2196,243,203,3377,2024-08-14 12:15:00,Confirmed,9F,5445.52
2197,243,4,65,2024-09-08 09:32:00,Confirmed,12F,5820.78
2198,243,200,3316,2024-07-10 15:17:00,Completed,20C,549.99
2199,243,15,246,2024-05-15 20:35:00,Cancelled,11D,3879.15
2200,243,299,4910,2024-07-14 07:28:00,Cancelled,34A,874.82
2201,244,273,4503,2024-08-15 09:17:00,Confirmed,25E,3202.21
2202,244,219,3653,2024-11-03 09:59:00,Confirmed,40B,3129.17
2203,244,284,4662,2024-10-23 10:15:00,Confirmed,28D,6915.96
2204,244,155,2548,2024-11-05 06:39:00,Completed,41D,412.39
2205,244,291,4779,2024-01-28 17:36:00,Confirmed,38D,3069.14
2206,244,192,3199,2024-07-22 16:04:00,Confirmed,35B,8206.18
2207,244,69,1140,2024-10-26 04:15:00,Cancelled,42B,1205.25
2208,244,132,2182,2024-07-18 15:08:00,Confirmed,30B,2151.99
2209,244,114,1888,2024-08-23 17:49:00,Pending,44F,3575.58
2210,244,32,527,2024-04-17 13:31:00,Completed,34C,1538.8
2211,244,244,4062,2024-09-08 01:59:00,Confirmed,38D,1754.72
2212,244,162,2667,2024-11-25 14:42:00,Completed,24D,557.79
2213,244,247,4116,2024-07-18 21:00:00,Confirmed,5F,1624.57
2214,245,195,3241,2024-11-24 15:41:00,Cancelled,39C,8275.15
2215,245,107,1760,2024-07-08 05:29:00,Confirmed,17D,384.62
2216,245,176,2910,2024-04-09 08:11:00,Confirmed,6F,300.53
2217,245,251,4179,2024-07-15 08:29:00,Completed,9A,7660.57
2218,245,124,2045,2024-06-03 20:36:00,Pending,23F,6593.62
2219,246,11,178,2024-06-14 11:40:00,Confirmed,36C,619.6
2220,246,25,407,2024-09-03 20:16:00,Completed,12F,2308.27
2221,246,281,4610,2024-09-28 15:57:00,Completed,14B,606.07
2222,246,240,4014,2024-11-19 22:45:00,Confirmed,14B,7470.12
2223,246,272,4489,2024-02-01 12:02:00,Completed,33E,1041.92
2224,246,39,635,2024-12-27 15:02:00,Confirmed,39A,627.41
2225,246,262,4332,2024-05-12 14:57:00,Completed,19E,8648.77
2226,246,200,3330,2024-06-20 19:01:00,Confirmed,2F,2440.56
2227,246,90,1477,2024-06-20 19:27:00,Confirmed,19B,3776.09
2228,246,158,2594,2024-09-27 06:02:00,Completed,41D,155.66
2229,246,234,3926,2024-12-24 23:23:00,Confirmed,5A,6512.48
2230,246,297,4878,2024-03-05 03:25:00,Confirmed,22B,2280.98
2231,246,225,3768,2024-02-10 14:15:00,Confirmed,19B,3603.92
2232,247,304,4994,2024-03-15 09:15:00,Confirmed,28D,799.69
2233,247,174,2879,2024-07-28 01:11:00,Confirmed,27C,1941.14
2234,247,168,2784,2024-09-01 13:48:00,Confirmed,22C,3804.94
2235,247,74,1228,2024-07-15 04:57:00,Confirmed,41D,769.01
2236,248,28,471,2024-03-15 23:20:00,Confirmed,23F,2502.64
2237,248,214,3577,2024-09-16 01:27:00,Confirmed,5A,8136.42
2238,248,89,1457,2024-02-23 16:05:00,Confirmed,45E,1820.01
2239,248,101,1660,2024-03-08 11:51:00,Cancelled,15F,2050.74
2240,248,115,1896,2024-01-21 11:17:00,Completed,45C,765.38
2241,248,41,671,2024-07-11 15:52:00,Confirmed,19B,124.51
2242,248,72,1191,2024-02-23 16:14:00,Confirmed,26F,533.68
2243,248,132,2172,2024-07-24 16:50:00,Completed,22F,562.08
2244,248,55,905,2024-10-01 04:46:00,Confirmed,50F,774.51
2245,248,32,531,2024-06-23 09:34:00,Completed,7A,8359.34
2246,248,302,4971,2024-04-07 09:25:00,Completed,15D,3063.4
2247,248,101,1664,2024-04-01 10:30:00,Confirmed,20B,5587.98
2248,248,228,3814,2024-12-28 01:00:00,Confirmed,19A,1863.63
2249,248,200,3323,2024-05-08 14:59:00,Cancelled,10A,2022.93
2250,249,227,3789,2024-01-27 23:17:00,Confirmed,12C,242.73
2251,249,85,1390,2024-09-22 07:55:00,Completed,37F,833.09
2252,249,231,3856,2024-02-15 20:53:00,Confirmed,34A,512.98
2253,249,223,3720,2024-07-20 14:23:00,Cancelled,32F,521.01
2254,249,118,1940,2024-12-25 18:15:00,Completed,4F,784.18
2255,249,172,2844,2024-12-12 18:05:00,Cancelled,36B,4111.57
2256,249,123,2027,2024-12-21 02:31:00,Pending,25C,717.23
2257,249,246,4093,2024-01-17 19:45:00,Completed,3D,2055.6
2258,249,174,2871,2024-12-23 20:18:00,Completed,10F,296.05
2259,249,166,2737,2024-10-07 11:29:00,Confirmed,25C,2714.57
2260,249,4,55,2024-10-09 12:11:00,Confirmed,42C,600.62
2261,249,209,3485,2024-03-21 23:11:00,Cancelled,11D,1427.71
2262,249,13,214,2024-03-27 20:42:00,Completed,5A,1052.56
2263,249,280,4597,2024-07-17 00:47:00,Pending,15D,797.37
2264,249,2,27,2024-10-21 02:37:00,Cancelled,36A,1339.55
2265,250,229,3829,2024-01-02 06:08:00,Confirmed,11E,6865.19
2266,250,12,198,2024-06-28 21:42:00,Confirmed,32D,3346.56
2267,250,25,408,2024-02-09 21:37:00,Cancelled,33B,1936.08
2268,250,50,824,2024-02-19 10:27:00,Completed,39D,698.48
2269,250,152,2507,2024-07-01 15:28:00,Confirmed,39C,3429.78
2270,250,192,3198,2024-12-26 18:43:00,Cancelled,11B,5339.72
2271,250,19,303,2024-06-28 03:13:00,Confirmed,47E,501.62
2272,250,225,3765,2024-05-24 16:50:00,Confirmed,3A,678.41
2273,250,244,4064,2024-06-04 13:29:00,Completed,47E,3498.62
2274,250,205,3409,2024-11-16 06:23:00,Cancelled,47A,579.38
2275,250,241,4015,2024-12-16 08:32:00,Pending,32D,804.42
2276,250,303,4975,2024-04-12 19:59:00,Cancelled,22F,686.47
2277,250,273,4507,2024-05-07 17:15:00,Cancelled,38D,8624.99
2278,251,61,1018,2024-03-12 04:49:00,Confirmed,13A,7275.14
2279,251,187,3113,2024-05-14 20:36:00,Confirmed,32A,5013.36
2280,251,288,4730,2024-02-19 13:37:00,Confirmed,16F,3942.14
2281,251,19,308,2024-04-21 02:15:00,Confirmed,14A,3453.4
2282,251,160,2630,2024-11-13 16:08:00,Completed,31C,639.04
2283,251,115,1902,2024-04-11 10:11:00,Confirmed,9E,3028.2
2284,251,138,2268,2024-09-16 08:30:00,Confirmed,36B,748.72
2285,251,199,3304,2024-10-28 21:37:00,Completed,8D,3007.57
2286,251,114,1891,2024-10-06 04:08:00,Confirmed,42D,7745.46
2287,251,252,4184,2024-07-11 00:50:00,Cancelled,44F,213.73
2288,251,216,3600,2024-06-27 20:41:00,Confirmed,31F,658.65
2289,251,243,4055,2024-12-16 18:05:00,Confirmed,9F,5941.28
2290,251,150,2468,2024-04-10 20:20:00,Confirmed,45A,189.42
2291,251,34,563,2024-12-11 15:22:00,Cancelled,30B,4987.84
2292,251,25,411,2024-10-09 16:02:00,Confirmed,38F,2824.86
2293,252,221,3693,2024-11-12 13:11:00,Confirmed,13E,2450.25
2294,252,50,823,2024-07-18 12:56:00,Confirmed,1E,616.33
2295,252,267,4400,2024-06-11 00:25:00,Confirmed,50E,849.45
2296,252,135,2234,2024-05-26 03:03:00,Confirmed,20B,9352.45
2297,252,239,3988,2024-12-19 15:16:00,Confirmed,38B,328.77
2298,252,57,940,2024-01-04 16:51:00,Confirmed,41E,4618.12
2299,252,205,3406,2024-10-20 20:07:00,Confirmed,41E,591.66
2300,252,122,2011,2024-06-15 10:13:00,Completed,41A,205.87
2301,253,44,731,2024-06-23 15:02:00,Confirmed,24D,6725.49
2302,253,26,436,2024-11-03 13:18:00,Completed,11D,5086.88
2303,253,94,1535,2024-05-27 10:58:00,Confirmed,11A,1690.47
2304,253,89,1458,2024-02-27 07:21:00,Completed,40F,6493.98
2305,254,85,1390,2024-03-22 07:36:00,Confirmed,6D,847.4
2306,254,122,2017,2024-11-10 07:17:00,Completed,40C,1395.86
2307,254,129,2124,2024-08-22 01:46:00,Confirmed,16E,3752.53
2308,254,261,4305,2024-02-02 14:36:00,Confirmed,26B,766.15
2309,254,167,2764,2024-03-03 08:40:00,Confirmed,12A,4454.31
2310,254,85,1397,2024-03-10 20:06:00,Confirmed,25E,4159.12
2311,254,21,341,2024-10-11 13:16:00,Confirmed,47C,597.35
2312,254,134,2211,2024-02-07 06:43:00,Confirmed,47A,229.74
2313,254,69,1151,2024-09-11 19:51:00,Confirmed,28F,4430.9
2314,254,159,2618,2024-09-04 14:41:00,Cancelled,47D,1692.91
2315,254,273,4496,2024-03-19 01:45:00,Completed,20E,422.79
2316,254,90,1461,2024-03-03 18:55:00,Cancelled,42C,169.29
2317,254,79,1311,2024-10-19 19:17:00,Confirmed,19A,2951.12
2318,254,42,689,2024-04-27 16:23:00,Confirmed,37E,616.43
2319,255,290,4756,2024-02-10 05:26:00,Confirmed,8B,3009.45
2320,255,16,251,2024-02-15 09:56:00,Confirmed,33F,569.12
2321,255,150,2480,2024-12-10 13:39:00,Confirmed,34D,7730.28
2322,255,199,3304,2024-06-20 09:34:00,Confirmed,30B,2919.52
2323,255,299,4915,2024-02-08 21:24:00,Cancelled,39A,7679.42
2324,255,205,3411,2024-05-09 22:40:00,Pending,21B,1661.78
2325,256,74,1225,2024-12-04 17:41:00,Confirmed,13A,160.97
2326,256,256,4239,2024-06-05 06:06:00,Completed,35B,411.44
2327,256,117,1932,2024-05-06 17:16:00,Pending,47B,5269.34
2328,256,72,1209,2024-12-24 08:25:00,Confirmed,6F,4772.54
2329,256,121,1989,2024-03-01 04:20:00,Completed,49C,243.15
2330,256,78,1302,2024-04-18 13:28:00,Completed,31D,2495.71
2331,256,15,243,2024-05-25 04:39:00,Confirmed,41F,2003.76
2332,256,294,4834,2024-09-16 20:45:00,Confirmed,26D,9188.0
2333,256,150,2478,2024-01-18 22:56:00,Confirmed,9A,7885.54
2334,256,20,326,2024-08-21 10:11:00,Completed,4A,3060.72
2335,256,120,1976,2024-04-23 01:56:00,Completed,2F,733.52
2336,256,298,4902,2024-12-28 15:58:00,Completed,9C,2235.87
2337,256,138,2266,2024-03-14 11:18:00,Confirmed,43E,306.57
2338,256,295,4855,2024-11-07 18:11:00,Completed,49F,2778.98
2339,256,116,1917,2024-10-18 10:44:00,Cancelled,7E,2559.47
2340,257,252,4189,2024-10-07 12:41:00,Cancelled,11D,2378.98
2341,257,273,4500,2024-11-14 16:01:00,Pending,3C,704.75
2342,257,91,1480,2024-11-08 11:57:00,Completed,15A,881.13
2343,257,258,4269,2024-10-20 11:37:00,Completed,47D,1111.43
2344,257,289,4740,2024-10-06 21:05:00,Confirmed,20F,907.92
2345,258,28,468,2024-06-01 15:54:00,Confirmed,31C,3455.14
2346,258,3,51,2024-12-18 17:58:00,Confirmed,19F,2951.7
2347,258,289,4734,2024-10-20 12:12:00,Confirmed,33D,735.57
2348,258,204,3397,2024-03-25 02:15:00,Confirmed,21E,7718.82
2349,258,178,2937,2024-02-20 08:35:00,Confirmed,48B,532.41
2350,258,81,1335,2024-06-19 10:21:00,Completed,13F,2976.71
2351,258,17,284,2024-12-11 19:04:00,Confirmed,27B,4443.31
2352,258,176,2904,2024-02-24 22:59:00,Confirmed,27D,813.06
2353,258,154,2529,2024-06-04 21:14:00,Completed,28B,634.82
2354,258,198,3293,2024-06-24 19:00:00,Confirmed,2C,9678.03
2355,259,241,4025,2024-04-16 04:09:00,Confirmed,45D,5044.19
2356,259,247,4116,2024-08-28 01:45:00,Pending,44B,1682.52
2357,259,107,1774,2024-11-27 17:07:00,Confirmed,5E,1252.63
2358,259,285,4672,2024-04-12 09:43:00,Cancelled,48C,1422.19
2359,260,60,984,2024-02-06 14:47:00,Cancelled,16D,424.28
2360,260,108,1782,2024-02-03 09:38:00,Confirmed,7A,764.52
2361,260,265,4384,2024-09-13 05:15:00,Confirmed,50C,2968.6
2362,260,291,4764,2024-05-22 00:01:00,Completed,7E,500.41
2363,260,9,154,2024-04-23 13:19:00,Confirmed,6F,7493.29
2364,261,23,365,2024-03-03 16:09:00,Completed,2E,758.73
2365,261,43,715,2024-08-02 04:33:00,Confirmed,28F,1471.29
2366,261,273,4507,2024-08-18 14:41:00,Confirmed,49A,9452.8
2367,262,284,4653,2024-10-19 15:55:00,Confirmed,43B,942.54
2368,262,10,169,2024-05-07 20:19:00,Confirmed,47B,5740.74
2369,262,153,2514,2024-05-05 03:02:00,Confirmed,3A,586.68
2370,262,146,2411,2024-07-01 02:00:00,Confirmed,8B,8433.53
2371,262,167,2755,2024-06-11 23:29:00,Confirmed,47D,3087.28
2372,262,72,1203,2024-11-22 04:43:00,Pending,28F,2734.14
2373,262,228,3804,2024-03-22 02:31:00,Completed,46E,356.72
2374,263,299,4915,2024-09-19 17:31:00,Completed,30D,8124.38
2375,263,208,3470,2024-08-24 14:58:00,Confirmed,33D,8201.76
2376,263,228,3807,2024-11-03 04:50:00,Confirmed,35E,143.22
2377,263,110,1829,2024-10-15 20:40:00,Confirmed,33D,3609.89
2378,263,111,1842,2024-01-09 11:07:00,Confirmed,48E,7388.96
2379,263,202,3358,2024-09-26 02:41:00,Confirmed,47B,2240.16
2380,263,140,2299,2024-02-18 17:57:00,Confirmed,38F,3698.18
2381,263,199,3300,2024-05-24 21:02:00,Cancelled,7C,409.97
2382,263,237,3969,2024-06-17 10:39:00,Cancelled,50E,2411.21
2383,263,161,2665,2024-04-22 12:46:00,Confirmed,18C,5550.72
2384,263,300,4923,2024-04-25 07:37:00,Confirmed,37C,310.0
2385,263,125,2062,2024-01-14 07:33:00,Confirmed,30A,3865.6
2386,263,69,1150,2024-01-24 14:40:00,Confirmed,30E,5911.95
2387,263,139,2287,2024-03-02 21:57:00,Cancelled,23F,971.89
2388,263,167,2758,2024-04-22 10:17:00,Completed,3D,2211.65
2389,264,255,4229,2024-12-19 21:26:00,Cancelled,33E,989.18
2390,264,267,4408,2024-10-06 20:45:00,Confirmed,7A,1436.38
2391,264,19,318,2024-08-25 04:43:00,Completed,2E,2415.77
2392,264,155,2543,2024-08-25 02:07:00,Confirmed,7F,225.51
2393,264,218,3634,2024-06-22 15:34:00,Completed,18A,824.16
2394,264,11,189,2024-12-10 17:27:00,Confirmed,27C,5852.27
2395,264,136,2240,2024-03-14 04:49:00,Completed,32A,722.58
2396,264,129,2120,2024-10-18 13:30:00,Completed,8E,1919.69
2397,264,227,3795,2024-08-25 00:14:00,Confirmed,50A,2101.07
2398,264,142,2337,2024-11-10 07:50:00,Confirmed,9C,4708.66
2399,264,186,3082,2024-11-14 16:36:00,Completed,43C,1211.35
2400,264,300,4922,2024-11-02 06:40:00,Confirmed,15E,283.38
2401,264,50,829,2024-08-15 19:38:00,Confirmed,38E,3468.63
2402,264,70,1170,2024-05-13 18:10:00,Confirmed,34A,6878.89
2403,264,52,863,2024-11-07 01:05:00,Completed,19B,6400.52
2404,265,123,2028,2024-02-27 08:59:00,Confirmed,24A,522.47
2405,265,251,4179,2024-02-06 14:23:00,Completed,31A,7464.51
2406,265,11,177,2024-04-09 07:57:00,Confirmed,47B,341.93
2407,265,175,2901,2024-07-26 21:30:00,Pending,45C,4396.07
2408,265,105,1721,2024-07-05 10:05:00,Cancelled,14A,342.19
2409,266,167,2758,2024-05-04 20:04:00,Completed,2F,2124.44
2410,266,68,1127,2024-01-13 00:31:00,Completed,42E,1509.71
2411,266,102,1671,2024-01-26 01:23:00,Confirmed,44C,563.82
2412,266,131,2170,2024-03-21 13:50:00,Cancelled,16F,4912.56
2413,267,181,2995,2024-04-18 08:42:00,Completed,8A,5609.95
2414,267,202,3354,2024-02-22 10:42:00,Cancelled,40C,760.2
2415,267,134,2213,2024-12-05 13:50:00,Confirmed,22C,2932.66
2416,267,104,1718,2024-08-25 10:34:00,Confirmed,9F,7023.35
2417,267,183,3021,2024-01-18 03:17:00,Cancelled,43C,660.41
2418,267,16,258,2024-03-26 06:08:00,Cancelled,38B,1495.95
2419,267,173,2850,2024-09-02 22:13:00,Completed,41C,620.02
2420,267,86,1405,2024-09-17 00:21:00,Completed,21A,267.91
2421,267,245,4073,2024-12-22 16:05:00,Completed,41D,471.67
2422,267,105,1736,2024-06-09 09:58:00,Confirmed,46F,7456.55
2423,267,232,3878,2024-08-16 15:16:00,Completed,37D,2793.24
2424,267,131,2168,2024-10-08 01:19:00,Completed,4D,7206.33
2425,267,4,72,2024-07-19 17:55:00,Confirmed,20E,8525.58
2426,267,213,3559,2024-03-24 21:29:00,Confirmed,14D,5666.67
2427,267,227,3790,2024-10-08 17:22:00,Completed,42D,597.38
2428,268,291,4775,2024-02-05 03:01:00,Confirmed,30B,3529.89
2429,268,179,2953,2024-05-26 11:46:00,Confirmed,6D,192.21
2430,268,30,496,2024-10-27 19:54:00,Confirmed,41F,426.63
2431,269,230,3840,2024-01-15 18:09:00,Confirmed,43A,2697.55
2432,269,233,3907,2024-05-07 03:43:00,Confirmed,9C,8045.46
2433,269,29,482,2024-11-27 07:47:00,Cancelled,38C,215.44
2434,269,122,2020,2024-11-21 19:32:00,Confirmed,18B,4036.2
2435,269,225,3768,2024-09-19 11:09:00,Confirmed,6D,3400.2
2436,269,295,4846,2024-05-19 13:46:00,Completed,20E,1889.98
2437,269,176,2903,2024-12-20 11:53:00,Confirmed,8B,396.52
2438,270,96,1582,2024-12-04 15:45:00,Cancelled,43B,7513.54
2439,270,216,3600,2024-12-04 16:14:00,Confirmed,44C,671.2
2440,270,12,194,2024-03-07 19:13:00,Cancelled,9D,626.85
2441,270,191,3175,2024-02-15 13:58:00,Completed,50F,1460.19
2442,270,138,2268,2024-01-09 23:59:00,Cancelled,7A,729.65
2443,270,81,1339,2024-09-13 07:32:00,Confirmed,2C,6895.19
2444,270,4,54,2024-03-23 04:34:00,Confirmed,31F,472.31
2445,270,145,2392,2024-11-21 10:37:00,Completed,34F,3981.36
2446,270,67,1105,2024-08-25 13:31:00,Confirmed,14E,497.02
2447,270,105,1722,2024-06-23 08:13:00,Confirmed,41D,779.48
2448,271,66,1092,2024-12-15 16:13:00,Completed,38B,899.71
2449,271,40,654,2024-06-04 01:00:00,Confirmed,29B,362.71
2450,271,34,555,2024-05-07 20:40:00,Pending,34D,3018.27
2451,271,284,4664,2024-11-26 12:50:00,Confirmed,32A,5378.67
2452,271,179,2959,2024-06-16 07:07:00,Confirmed,1E,2791.12
2453,271,284,4652,2024-09-07 02:35:00,Confirmed,37C,413.12
2454,272,233,3902,2024-10-07 07:29:00,Completed,15A,6107.2
2455,272,64,1067,2024-10-16 06:56:00,Completed,48C,1951.63
2456,272,255,4237,2024-06-02 05:43:00,Cancelled,24E,3796.82
2457,273,13,220,2024-09-05 13:34:00,Confirmed,4D,1163.71
2458,273,74,1235,2024-03-01 17:41:00,Confirmed,11A,3132.11
2459,273,259,4280,2024-10-28 08:22:00,Cancelled,42F,271.04
2460,273,161,2649,2024-10-14 01:08:00,Confirmed,21E,642.3
2461,273,255,4228,2024-12-15 11:07:00,Confirmed,40A,1162.41
2462,273,99,1620,2024-03-07 00:52:00,Confirmed,4D,1917.63
2463,273,2,25,2024-10-10 02:29:00,Confirmed,47C,1126.21
2464,273,60,998,2024-04-01 01:28:00,Confirmed,32F,7710.91
2465,273,173,2864,2024-09-23 15:20:00,Confirmed,1E,3955.48
2466,273,168,2776,2024-10-25 03:19:00,Confirmed,29B,2223.65
2467,273,123,2033,2024-07-14 19:18:00,Confirmed,12E,8946.12
2468,273,211,3517,2024-06-04 17:58:00,Completed,9A,2308.79
2469,273,154,2527,2024-04-21 17:17:00,Confirmed,3F,230.18
2470,274,129,2124,2024-07-05 03:31:00,Confirmed,13C,3925.39
2471,274,301,4955,2024-04-28 18:57:00,Confirmed,46D,3912.86
2472,274,220,3680,2024-05-02 14:35:00,Cancelled,45D,3915.95
2473,274,281,4618,2024-09-24 22:57:00,Confirmed,21D,2036.92
2474,274,134,2218,2024-10-03 02:03:00,Completed,28D,7958.4
2475,274,74,1239,2024-07-10 02:32:00,Confirmed,38D,7212.83
2476,274,267,4408,2024-10-11 06:29:00,Confirmed,11C,1311.8
2477,274,287,4711,2024-04-27 03:27:00,Confirmed,43E,7401.62
2478,274,258,4273,2024-03-09 07:59:00,Confirmed,29A,8146.43
2479,274,146,2399,2024-01-16 20:37:00,Confirmed,33D,406.61
2480,274,185,3058,2024-07-26 18:11:00,Completed,38B,884.47
2481,274,25,412,2024-04-22 23:10:00,Confirmed,22D,2067.45
2482,274,59,966,2024-03-12 12:57:00,Confirmed,5B,677.08
2483,274,124,2042,2024-01-01 17:49:00,Cancelled,37C,2711.34
2484,275,293,4809,2024-02-12 07:09:00,Confirmed,50D,2743.13
2485,275,188,3119,2024-01-01 18:34:00,Completed,22D,843.95
2486,275,267,4405,2024-04-14 20:38:00,Pending,2B,2242.42
2487,275,133,2201,2024-02-27 07:52:00,Confirmed,13B,2281.71
2488,275,293,4820,2024-09-11 13:46:00,Confirmed,44E,9043.89
2489,275,218,3636,2024-12-26 14:52:00,Completed,3D,1711.13
2490,275,22,361,2024-01-16 08:24:00,Confirmed,16B,2496.47
2491,275,219,3647,2024-01-02 08:46:00,Completed,43D,517.48
2492,275,154,2531,2024-05-07 12:35:00,Cancelled,41D,463.19
2493,275,118,1953,2024-09-23 14:27:00,Confirmed,23D,6677.11
2494,275,240,4013,2024-05-27 00:47:00,Pending,33D,3754.35
2495,275,211,3516,2024-02-17 04:18:00,Completed,20A,1818.73
2496,275,136,2246,2024-03-16 16:23:00,Cancelled,17A,5633.36
2497,275,301,4951,2024-09-17 15:11:00,Completed,44E,2886.52
2498,275,86,1410,2024-02-21 05:08:00,Confirmed,38E,2709.2
2499,276,61,1005,2024-06-19 00:00:00,Completed,14B,266.47
2500,276,4,56,2024-05-23 08:32:00,Completed,27D,700.97
2501,276,236,3957,2024-02-12 21:17:00,Pending,42F,7978.34
2502,276,187,3112,2024-07-01 09:20:00,Cancelled,15E,6089.85
2503,276,42,693,2024-02-13 21:52:00,Confirmed,42D,2325.09
2504,277,221,3688,2024-07-12 15:46:00,Confirmed,17D,410.8
2505,277,195,3229,2024-01-18 11:08:00,Cancelled,22F,215.8
2506,277,69,1145,2024-10-14 09:21:00,Completed,5D,2292.02
2507,277,180,2980,2024-01-10 18:39:00,Confirmed,9E,1478.91
2508,277,278,4574,2024-09-16 04:29:00,Completed,10B,7310.94
2509,277,3,41,2024-07-03 21:44:00,Cancelled,27E,893.69
2510,277,85,1395,2024-10-27 17:29:00,Confirmed,34D,1690.48
2511,277,137,2258,2024-01-02 12:51:00,Confirmed,28B,3272.19
2512,277,292,4786,2024-01-08 05:51:00,Confirmed,4B,3428.08
2513,277,44,729,2024-09-23 06:36:00,Confirmed,2A,903.64
2514,278,56,918,2024-09-09 21:01:00,Confirmed,35C,549.81
2515,278,170,2811,2024-09-16 10:23:00,Confirmed,10E,966.89
2516,278,194,3217,2024-02-11 02:17:00,Cancelled,17C,1530.54
2517,278,223,3726,2024-12-17 06:20:00,Confirmed,37E,637.49
2518,279,247,4110,2024-08-23 02:42:00,Confirmed,26D,535.78
2519,279,308,5060,2024-07-08 21:13:00,Confirmed,37C,235.29
2520,279,267,4401,2024-07-22 08:04:00,Confirmed,10C,719.8
2521,279,191,3171,2024-01-23 03:38:00,Cancelled,8F,696.54
2522,279,212,3541,2024-03-09 13:59:00,Cancelled,27F,3546.3
2523,279,84,1378,2024-10-07 12:51:00,Completed,19B,2522.0
2524,280,260,4303,2024-06-27 03:31:00,Confirmed,28D,3471.02
2525,280,282,4626,2024-12-27 19:56:00,Confirmed,1B,600.71
2526,280,243,4051,2024-02-20 01:43:00,Cancelled,47F,1964.07
2527,280,62,1043,2024-01-07 17:42:00,Confirmed,9A,5722.23
2528,280,181,2993,2024-11-03 18:02:00,Completed,47D,2778.31
2529,280,86,1406,2024-05-27 23:17:00,Confirmed,3A,409.82
2530,280,192,3201,2024-06-14 13:13:00,Confirmed,14F,3376.42
2531,280,175,2891,2024-01-17 04:18:00,Confirmed,9C,2998.8
2532,280,120,1971,2024-11-18 02:17:00,Confirmed,32C,508.65
2533,281,297,4877,2024-09-27 09:04:00,Completed,4B,866.14
2534,281,141,2320,2024-09-10 06:48:00,Confirmed,18C,6829.84
2535,281,7,119,2024-12-20 06:47:00,Completed,33A,6927.92
2536,281,292,4787,2024-11-19 19:50:00,Confirmed,18A,1768.69
2537,281,150,2477,2024-04-03 00:58:00,Confirmed,7F,1617.32
2538,281,278,4566,2024-03-08 21:21:00,Confirmed,9D,341.04
2539,281,232,3889,2024-11-21 07:31:00,Confirmed,29D,7909.98
2540,281,32,532,2024-08-05 14:22:00,Confirmed,21C,8057.18
2541,282,53,875,2024-05-15 03:11:00,Confirmed,7C,398.65
2542,282,123,2024,2024-10-07 18:47:00,Cancelled,12D,711.51
2543,282,25,418,2024-03-03 11:03:00,Confirmed,17B,9636.84
2544,282,124,2045,2024-10-02 13:10:00,Completed,35E,7205.6
2545,282,165,2708,2024-09-06 09:51:00,Confirmed,46E,138.43
2546,282,35,573,2024-03-20 19:55:00,Confirmed,8F,541.63
2547,282,299,4920,2024-02-05 14:22:00,Cancelled,24C,8831.9
2548,282,226,3785,2024-11-03 09:51:00,Completed,6D,1530.98
2549,282,94,1532,2024-03-02 22:25:00,Completed,21E,791.83
2550,282,44,728,2024-01-01 22:17:00,Confirmed,17B,3183.69
2551,282,194,3214,2024-05-10 08:13:00,Completed,37D,560.23
2552,283,46,762,2024-05-05 05:44:00,Completed,1F,705.25
2553,283,28,462,2024-08-21 04:10:00,Pending,26F,614.65
2554,283,246,4098,2024-04-11 05:29:00,Completed,33D,1440.43
2555,283,271,4468,2024-06-22 15:06:00,Completed,13E,2507.43
2556,283,184,3049,2024-04-02 00:02:00,Completed,43D,4515.0
2557,283,105,1735,2024-11-05 10:32:00,Confirmed,31D,6834.59
2558,283,165,2710,2024-05-13 11:35:00,Confirmed,36F,838.98
2559,283,154,2532,2024-08-21 00:15:00,Completed,41B,293.11
2560,283,109,1805,2024-03-23 09:52:00,Cancelled,49F,2645.28
2561,283,204,3385,2024-09-10 02:21:00,Confirmed,13C,842.17
2562,283,60,992,2024-08-11 15:13:00,Pending,5E,2213.07
2563,283,181,3002,2024-02-26 23:53:00,Confirmed,44D,4569.44
2564,284,283,4640,2024-06-19 13:20:00,Confirmed,41B,745.62
2565,284,108,1794,2024-08-24 10:09:00,Completed,48C,3255.77
2566,284,255,4226,2024-05-21 04:05:00,Confirmed,9C,2022.16
2567,284,46,759,2024-12-09 10:22:00,Cancelled,24F,693.26
2568,284,99,1622,2024-08-21 04:14:00,Confirmed,18A,1949.32
2569,284,142,2333,2024-03-14 09:13:00,Cancelled,31A,3228.43
2570,284,271,4466,2024-02-08 15:09:00,Cancelled,8A,2874.35
2571,284,309,5079,2024-04-12 20:48:00,Completed,43B,680.09
2572,285,75,1252,2024-03-20 20:23:00,Completed,44F,4131.37
2573,285,152,2504,2024-10-13 04:35:00,Confirmed,28F,1775.21
2574,285,295,4847,2024-06-07 19:03:00,Confirmed,14F,2262.58
2575,285,146,2409,2024-08-13 14:43:00,Confirmed,29E,5279.74
2576,285,77,1277,2024-05-10 12:27:00,Confirmed,20F,2170.84
2577,285,280,4604,2024-04-14 21:52:00,Pending,41C,7113.89
2578,285,105,1724,2024-09-14 16:10:00,Completed,47A,457.0
2579,285,262,4337,2024-06-11 18:11:00,Cancelled,11E,4326.03
2580,285,233,3906,2024-03-13 12:36:00,Confirmed,50B,8292.89
2581,285,163,2683,2024-08-24 05:31:00,Completed,46D,824.61
2582,285,268,4427,2024-12-20 22:10:00,Confirmed,44C,2761.0
2583,285,229,3830,2024-03-07 21:43:00,Cancelled,28D,7608.61
2584,286,52,864,2024-01-12 03:59:00,Cancelled,48D,2594.41
2585,286,43,713,2024-09-02 12:55:00,Confirmed,36D,2942.83
2586,286,257,4260,2024-12-17 15:39:00,Confirmed,17E,4508.6
2587,286,127,2088,2024-01-25 07:43:00,Completed,44E,3575.86
2588,286,178,2951,2024-02-17 13:39:00,Confirmed,6B,8811.46
2589,286,149,2456,2024-05-02 17:34:00,Cancelled,7E,2148.69
2590,286,123,2029,2024-09-01 03:25:00,Confirmed,31D,1742.1
2591,286,292,4798,2024-02-26 04:41:00,Completed,32D,4861.43
2592,286,300,4936,2024-04-21 19:35:00,Confirmed,44B,8100.73
2593,287,14,228,2024-02-13 06:06:00,Confirmed,2A,3356.37
2594,287,76,1256,2024-04-19 03:23:00,Confirmed,13B,252.01
2595,287,195,3236,2024-11-25 21:13:00,Confirmed,1E,2909.97
2596,287,276,4533,2024-03-03 05:31:00,Confirmed,36E,2128.69
2597,287,210,3494,2024-08-06 01:53:00,Cancelled,39A,586.8
2598,288,48,801,2024-11-25 14:31:00,Confirmed,37F,6883.44
2599,288,7,113,2024-01-23 00:44:00,Cancelled,49F,1544.87
2600,288,39,649,2024-08-13 10:53:00,Confirmed,49B,9144.76
2601,288,146,2409,2024-05-17 07:16:00,Completed,33D,5699.36
2602,288,56,932,2024-06-03 10:18:00,Confirmed,40A,7567.23
2603,288,56,931,2024-08-21 01:57:00,Cancelled,1B,6746.43
2604,289,70,1153,2024-09-06 01:54:00,Confirmed,16F,305.26
2605,289,257,4258,2024-01-28 17:59:00,Confirmed,46E,2154.69
2606,289,57,935,2024-03-27 06:10:00,Cancelled,1A,379.03
2607,289,185,3070,2024-10-28 22:13:00,Cancelled,35B,2978.56
2608,289,69,1138,2024-11-24 11:11:00,Confirmed,24B,1843.95
2609,289,21,352,2024-03-03 07:07:00,Confirmed,23F,5771.33
2610,289,145,2377,2024-03-17 23:13:00,Confirmed,44A,677.64
2611,289,50,832,2024-12-25 02:25:00,Confirmed,28D,7294.36
2612,289,267,4400,2024-07-24 04:38:00,Confirmed,22B,744.38
2613,289,250,4155,2024-07-28 08:48:00,Confirmed,50A,3010.86
2614,290,85,1402,2024-01-20 18:19:00,Cancelled,22B,4824.71
2615,290,12,190,2024-05-22 00:23:00,Confirmed,34C,624.07
2616,290,37,609,2024-01-22 10:01:00,Completed,1E,601.99
2617,290,129,2126,2024-09-11 05:35:00,Completed,29A,8309.6
2618,290,116,1907,2024-08-17 08:27:00,Confirmed,47A,133.63
2619,291,113,1862,2024-01-21 14:25:00,Confirmed,3C,843.18
2620,291,251,4178,2024-04-11 10:45:00,Confirmed,11D,7211.88
2621,291,83,1369,2024-08-21 19:28:00,Completed,36B,4274.0
2622,291,282,4627,2024-01-04 22:35:00,Confirmed,24A,584.74
2623,291,44,738,2024-03-03 06:16:00,Completed,25E,3756.66
2624,291,16,255,2024-02-20 19:02:00,Confirmed,3D,425.77
2625,291,157,2579,2024-02-03 21:30:00,Completed,31A,173.61
2626,291,44,727,2024-08-02 21:25:00,Confirmed,29E,847.26
2627,291,214,3569,2024-09-18 12:12:00,Confirmed,17A,842.69
2628,291,220,3669,2024-12-22 19:01:00,Confirmed,44A,1639.09
2629,291,122,2019,2024-09-22 16:07:00,Completed,7C,1565.09
2630,292,201,3334,2024-08-26 22:25:00,Confirmed,5E,780.79
2631,292,168,2772,2024-03-09 18:25:00,Confirmed,3E,3036.82
2632,292,76,1256,2024-02-15 13:19:00,Completed,31D,262.89
2633,292,20,329,2024-03-05 21:13:00,Confirmed,23B,1219.12
2634,292,152,2502,2024-08-17 05:28:00,Confirmed,13F,698.56
2635,292,73,1219,2024-01-20 11:40:00,Cancelled,35C,3914.66
2636,292,260,4294,2024-10-18 15:50:00,Completed,32B,2985.71
2637,292,224,3757,2024-03-20 19:56:00,Confirmed,47C,8000.5
2638,293,232,3872,2024-11-21 00:10:00,Confirmed,40B,593.37
2639,293,287,4714,2024-09-13 21:27:00,Cancelled,34C,3357.5
2640,293,189,3147,2024-05-18 09:17:00,Confirmed,38E,2102.85
2641,293,116,1905,2024-06-24 12:50:00,Confirmed,16E,377.71
2642,293,39,635,2024-09-24 17:26:00,Confirmed,10D,724.26
2643,293,124,2040,2024-06-28 07:53:00,Confirmed,1D,807.23
2644,293,78,1295,2024-01-28 03:26:00,Confirmed,50A,1496.98
2645,293,58,956,2024-05-23 04:05:00,Cancelled,17F,1421.29
2646,293,170,2813,2024-03-28 13:13:00,Completed,34E,4328.88
2647,293,207,3438,2024-03-07 06:23:00,Confirmed,18C,315.31
2648,293,180,2975,2024-12-04 23:58:00,Completed,14C,2081.33
2649,293,145,2380,2024-03-03 02:06:00,Confirmed,37C,856.61
2650,293,146,2401,2024-10-11 15:41:00,Completed,6F,324.26
2651,293,276,4541,2024-09-23 09:11:00,Completed,25B,2569.91
2652,294,55,899,2024-06-03 05:39:00,Pending,27C,607.13
2653,294,241,4024,2024-11-20 05:57:00,Confirmed,12E,4698.6
2654,294,297,4885,2024-09-15 05:16:00,Confirmed,14F,7601.75
2655,294,308,5066,2024-09-16 11:48:00,Completed,24B,2060.45
2656,294,1,18,2024-01-15 10:51:00,Confirmed,42A,7650.11
2657,294,262,4334,2024-04-28 08:30:00,Confirmed,44B,6390.01
2658,294,24,400,2024-06-15 17:10:00,Completed,5A,8507.14
2659,294,247,4122,2024-02-05 08:25:00,Completed,16F,9134.65
2660,294,234,3920,2024-09-21 21:52:00,Completed,20B,1164.16
2661,294,24,389,2024-11-03 08:40:00,Confirmed,48F,336.56
2662,294,294,4837,2024-07-04 23:01:00,Completed,41D,6279.08
2663,295,219,3653,2024-05-20 03:56:00,Completed,5E,3042.05
2664,295,241,4023,2024-10-23 20:02:00,Confirmed,5C,4635.31
2665,295,215,3587,2024-02-12 18:00:00,Completed,21A,1550.74
2666,295,69,1137,2024-12-07 02:26:00,Completed,49A,360.11
2667,295,94,1534,2024-08-06 17:59:00,Confirmed,33B,189.16
2668,295,66,1095,2024-02-06 01:35:00,Confirmed,48F,2680.96
2669,296,272,4490,2024-05-05 11:02:00,Cancelled,49D,2975.18
2670,296,308,5062,2024-10-27 20:48:00,Confirmed,17B,980.08
2671,296,16,266,2024-01-21 02:18:00,Completed,9C,7715.3
2672,296,194,3214,2024-01-21 15:14:00,Confirmed,46E,562.37
2673,296,208,3467,2024-02-23 11:37:00,Confirmed,21F,8109.99
2674,296,299,4907,2024-12-28 19:17:00,Confirmed,31F,611.67
2675,296,214,3579,2024-04-25 15:44:00,Confirmed,38B,8845.63
2676,296,15,236,2024-06-11 15:30:00,Cancelled,39F,669.48
2677,296,265,4380,2024-04-13 14:27:00,Confirmed,41A,5114.19
2678,296,20,331,2024-06-19 06:38:00,Cancelled,7C,5558.54
2679,296,2,37,2024-05-27 07:36:00,Confirmed,28F,4708.77
2680,296,13,209,2024-03-17 11:49:00,Confirmed,41D,889.17
2681,297,8,124,2024-10-14 06:22:00,Confirmed,26A,385.06
2682,297,238,3983,2024-06-28 02:51:00,Confirmed,33C,1961.38
2683,297,64,1062,2024-07-06 21:08:00,Completed,19A,204.87
2684,297,261,4313,2024-01-26 04:54:00,Cancelled,4E,1185.15
2685,297,173,2860,2024-10-21 07:20:00,Confirmed,11C,8292.26
2686,297,121,2001,2024-08-25 14:48:00,Cancelled,3D,6746.82
2687,297,206,3419,2024-11-12 10:29:00,Confirmed,17E,467.12
2688,297,175,2889,2024-12-24 04:21:00,Confirmed,22F,248.74
2689,297,274,4513,2024-05-14 14:50:00,Cancelled,6F,1810.19
2690,298,161,2660,2024-03-28 05:54:00,Completed,12E,3791.83
2691,298,136,2243,2024-10-22 13:20:00,Confirmed,40D,1977.82
2692,298,244,4067,2024-05-22 18:59:00,Confirmed,4B,5226.2
2693,298,255,4236,2024-06-09 01:28:00,Cancelled,49A,4481.17
2694,298,170,2806,2024-10-23 02:08:00,Confirmed,48C,402.02
2695,298,230,3849,2024-06-08 22:34:00,Completed,13F,4896.05
2696,298,303,4983,2024-08-13 22:15:00,Cancelled,27A,3931.75
2697,298,156,2559,2024-03-24 13:47:00,Confirmed,33C,648.81
2698,298,70,1153,2024-01-13 07:13:00,Confirmed,5E,305.9
2699,298,298,4906,2024-08-17 15:12:00,Confirmed,42D,2818.49
2700,299,300,4942,2024-04-22 06:44:00,Confirmed,46E,7141.36
2701,299,33,541,2024-08-03 12:03:00,Confirmed,48F,3416.0
2702,299,115,1896,2024-01-17 11:18:00,Confirmed,20B,723.41
2703,299,207,3438,2024-11-26 13:03:00,Cancelled,41E,329.85
2704,299,99,1632,2024-02-08 15:58:00,Confirmed,11F,4597.64
2705,299,33,548,2024-01-19 07:59:00,Completed,47D,3577.15
2706,299,246,4086,2024-08-26 14:29:00,Confirmed,49D,288.52
2707,299,187,3093,2024-05-12 11:19:00,Completed,14C,622.29
2708,300,55,908,2024-10-11 22:16:00,Completed,47A,2121.81
2709,300,54,884,2024-01-05 12:39:00,Confirmed,14B,275.93
2710,300,25,404,2024-09-20 23:48:00,Cancelled,13F,698.59
2711,300,41,674,2024-04-12 21:47:00,Confirmed,42E,2657.7
2712,300,157,2580,2024-06-24 00:29:00,Confirmed,2D,532.66
2713,300,69,1136,2024-07-01 12:28:00,Confirmed,41A,474.36
2714,300,148,2433,2024-05-27 16:30:00,Confirmed,27C,366.43
2715,300,281,4608,2024-04-24 08:42:00,Cancelled,38D,361.52
2716,300,124,2042,2024-01-06 18:18:00,Cancelled,31B,2531.64
2717,300,171,2826,2024-03-22 01:10:00,Completed,24E,2220.09
2718,300,309,5080,2024-04-15 14:49:00,Confirmed,12E,195.93
