price_id,flight_id,cabin_class,base_price,seats_available,price_date
1,1,Economy,597.27,52,2024-04-08
2,1,Economy,592.73,161,2024-03-25
3,1,Economy,126.33,107,2024-01-15
4,1,Economy,569.93,169,2024-04-22
5,1,Economy,473.81,159,2024-02-26
6,1,Economy,531.83,35,2024-06-17
7,1,Business,2483.42,31,2024-01-15
8,1,Business,1076.75,12,2024-04-22
9,1,Business,2467.1,33,2024-05-06
10,1,Business,2935.49,22,2024-06-17
11,1,Business,2288.25,18,2024-02-26
12,1,Business,984.9,35,2024-05-20
13,1,First,2076.5,5,2024-02-12
14,1,First,7441.28,36,2024-06-03
15,1,First,6014.13,9,2024-04-08
16,1,First,7696.68,32,2024-03-11
17,1,First,2450.29,6,2024-06-17
18,1,First,7428.68,14,2024-01-01
19,2,Economy,714.42,74,2024-02-26
20,2,Economy,364.95,173,2024-06-17
21,2,Economy,332.64,189,2024-04-08
22,2,Economy,198.81,194,2024-01-01
23,2,Economy,725.4,2,2024-01-15
24,2,Economy,699.36,169,2024-01-29
25,2,Business,1038.89,25,2024-01-29
26,2,Business,1560.6,29,2024-03-11
27,2,Business,1252.4,24,2024-06-03
28,2,Business,2255.77,30,2024-04-08
29,2,Business,2519.76,10,2024-02-26
30,2,Business,871.34,3,2024-01-15
31,2,Business,2955.77,10,2024-06-17
32,2,Business,848.91,37,2024-03-25
33,2,First,6674.99,39,2024-06-17
34,2,First,2172.9,8,2024-05-06
35,2,First,4898.48,31,2024-05-20
36,2,First,2677.62,26,2024-04-08
37,2,First,4644.13,4,2024-01-29
38,2,First,3569.68,20,2024-03-25
39,3,Economy,641.92,147,2024-06-03
40,3,Economy,612.17,57,2024-05-20
41,3,Economy,784.97,171,2024-04-22
42,3,Business,2188.11,15,2024-04-22
43,3,Business,1756.63,24,2024-06-17
44,3,Business,956.77,35,2024-05-06
45,3,Business,2740.95,39,2024-01-15
46,3,Business,730.96,10,2024-03-25
47,3,First,3985.37,17,2024-04-08
48,3,First,2302.1,14,2024-06-17
49,3,First,5302.97,24,2024-01-29
50,3,First,4419.66,15,2024-01-15
51,3,First,2472.98,28,2024-06-03
52,3,First,6807.57,28,2024-03-11
53,3,First,2528.12,31,2024-05-06
54,4,Economy,400.39,142,2024-03-11
55,4,Economy,493.39,23,2024-01-15
56,4,Economy,658.41,158,2024-04-08
57,4,Economy,553.53,130,2024-01-01
58,4,Economy,502.39,167,2024-06-03
59,4,Economy,576.6,87,2024-03-25
60,4,Business,2441.8,38,2024-01-01
61,4,Business,1735.52,23,2024-02-12
62,4,Business,2318.19,7,2024-04-08
63,4,Business,833.85,14,2024-03-11
64,4,Business,605.27,22,2024-04-22
65,4,First,4954.53,26,2024-06-17
66,4,First,2641.77,39,2024-02-26
67,4,First,3175.53,7,2024-04-22
68,4,First,7581.3,25,2024-05-20
69,4,First,3293.54,12,2024-03-11
70,4,First,6300.73,6,2024-01-15
71,4,First,6542.9,2,2024-01-01
72,4,First,7559.76,37,2024-04-08
73,5,Economy,567.75,129,2024-06-17
74,5,Economy,211.55,127,2024-04-08
75,5,Economy,122.95,188,2024-06-03
76,5,Business,1759.04,32,2024-04-22
77,5,Business,2474.6,11,2024-03-25
78,5,Business,2260.36,11,2024-05-06
79,5,First,7495.46,15,2024-01-29
80,5,First,3641.58,21,2024-01-15
81,5,First,7822.95,28,2024-03-25
82,5,First,6828.78,8,2024-05-06
83,5,First,4476.47,32,2024-03-11
84,5,First,3793.48,35,2024-05-20
85,5,First,7164.25,35,2024-02-12
86,5,First,5795.5,12,2024-02-26
87,6,Economy,746.41,33,2024-05-06
88,6,Economy,787.31,166,2024-06-03
89,6,Economy,783.12,45,2024-02-26
90,6,Economy,462.65,177,2024-03-11
91,6,Business,2862.42,26,2024-03-11
92,6,Business,2218.18,34,2024-06-03
93,6,Business,1286.23,27,2024-01-15
94,6,Business,2539.93,33,2024-06-17
95,6,Business,855.53,24,2024-04-22
96,6,Business,948.78,3,2024-04-08
97,6,Business,1079.77,10,2024-02-26
98,6,Business,2960.48,16,2024-03-25
99,6,First,6521.56,2,2024-01-01
100,6,First,4152.09,28,2024-06-03
101,6,First,2614.88,35,2024-02-26
102,6,First,7189.05,35,2024-02-12
103,7,Economy,403.27,175,2024-02-12
104,7,Economy,332.6,141,2024-04-22
105,7,Economy,156.59,190,2024-02-26
106,7,Economy,290.91,158,2024-01-01
107,7,Economy,710.82,113,2024-03-25
108,7,Economy,684.39,162,2024-06-03
109,7,Business,2914.3,18,2024-06-03
110,7,Business,1677.16,4,2024-05-20
111,7,Business,1048.74,11,2024-03-11
112,7,Business,2364.19,7,2024-05-06
113,7,Business,1505.28,27,2024-04-22
114,7,Business,1269.87,16,2024-02-12
115,7,Business,912.16,37,2024-03-25
116,7,Business,2630.43,0,2024-06-17
117,7,First,7571.77,38,2024-04-08
118,7,First,2305.13,40,2024-06-03
119,7,First,5693.65,19,2024-01-29
120,7,First,4943.31,36,2024-01-01
121,7,First,5300.96,4,2024-05-20
122,8,Economy,228.37,139,2024-03-11
123,8,Economy,485.18,23,2024-04-22
124,8,Economy,357.59,54,2024-02-12
125,8,Economy,571.07,84,2024-01-29
126,8,Economy,365.34,55,2024-06-03
127,8,Economy,766.21,158,2024-01-15
128,8,Economy,480.74,143,2024-03-25
129,8,Economy,680.11,166,2024-02-26
130,8,Business,1669.6,39,2024-01-15
131,8,Business,2804.66,15,2024-05-20
132,8,Business,2901.35,20,2024-03-11
133,8,First,2148.23,33,2024-06-17
134,8,First,6932.65,23,2024-01-15
135,8,First,5085.85,32,2024-03-25
136,8,First,4673.34,2,2024-02-26
137,8,First,3778.6,12,2024-04-22
138,8,First,3921.88,5,2024-05-06
139,9,Economy,124.98,16,2024-01-29
140,9,Economy,263.33,161,2024-04-22
141,9,Economy,646.04,175,2024-06-03
142,9,Business,657.01,21,2024-01-15
143,9,Business,690.93,4,2024-02-12
144,9,Business,730.24,16,2024-04-22
145,9,Business,1939.4,36,2024-03-25
146,9,Business,2571.89,16,2024-06-17
147,9,Business,1578.32,28,2024-01-29
148,9,First,5848.54,39,2024-03-25
149,9,First,2379.43,37,2024-06-17
150,9,First,2273.1,4,2024-03-11
151,9,First,4146.2,32,2024-01-01
152,9,First,2636.81,19,2024-06-03
153,9,First,5639.4,18,2024-01-15
154,9,First,6591.65,28,2024-02-26
155,9,First,4288.48,1,2024-05-06
156,10,Economy,772.89,36,2024-01-29
157,10,Economy,322.68,186,2024-04-22
158,10,Economy,560.6,2,2024-02-12
159,10,Economy,496.4,142,2024-06-17
160,10,Economy,216.13,10,2024-03-25
161,10,Economy,123.42,152,2024-02-26
162,10,Business,1108.17,32,2024-04-22
163,10,Business,941.89,11,2024-06-17
164,10,Business,1129.89,16,2024-01-15
165,10,Business,1066.38,11,2024-02-26
166,10,Business,2210.35,36,2024-02-12
167,10,Business,2645.4,35,2024-03-11
168,10,First,2589.21,37,2024-05-20
169,10,First,4923.14,21,2024-04-22
170,10,First,4142.83,15,2024-01-15
171,10,First,2600.27,39,2024-02-26
172,10,First,2418.85,12,2024-06-17
173,10,First,3906.72,28,2024-05-06
174,11,Economy,504.58,93,2024-05-06
175,11,Economy,669.24,109,2024-05-20
176,11,Economy,234.67,80,2024-02-26
177,11,Economy,287.4,56,2024-06-17
178,11,Economy,604.3,164,2024-01-29
179,11,Business,1668.86,19,2024-02-26
180,11,Business,1768.73,6,2024-03-11
181,11,Business,1021.85,38,2024-01-29
182,11,Business,796.74,17,2024-06-03
183,11,Business,2660.91,8,2024-04-08
184,11,Business,2739.11,12,2024-04-22
185,11,First,7097.52,40,2024-06-03
186,11,First,2187.17,37,2024-05-20
187,11,First,5473.4,37,2024-01-15
188,11,First,3276.56,2,2024-06-17
189,11,First,5309.56,34,2024-01-01
190,12,Economy,520.93,74,2024-04-08
191,12,Economy,211.04,128,2024-05-20
192,12,Economy,467.08,101,2024-01-29
193,12,Economy,367.43,2,2024-03-11
194,12,Economy,570.62,157,2024-03-25
195,12,Economy,585.23,193,2024-02-12
196,12,Economy,469.61,114,2024-04-22
197,12,Business,2366.21,30,2024-01-29
198,12,Business,2854.02,2,2024-05-06
199,12,Business,1125.17,31,2024-06-03
200,12,Business,1156.2,16,2024-06-17
201,12,First,7446.36,23,2024-02-12
202,12,First,4328.56,29,2024-01-01
203,12,First,7289.31,2,2024-05-20
204,12,First,7883.54,20,2024-06-17
205,12,First,2619.35,33,2024-04-22
206,13,Economy,377.39,150,2024-02-26
207,13,Economy,564.27,19,2024-06-03
208,13,Economy,471.33,96,2024-06-17
209,13,Economy,781.42,57,2024-05-06
210,13,Economy,471.13,90,2024-04-22
211,13,Economy,675.72,88,2024-01-29
212,13,Economy,451.07,123,2024-02-12
213,13,Economy,723.28,1,2024-03-11
214,13,Business,960.58,10,2024-01-29
215,13,Business,1469.34,7,2024-04-08
216,13,Business,2186.66,26,2024-06-17
217,13,Business,2546.81,7,2024-02-12
218,13,Business,1755.64,30,2024-01-15
219,13,Business,1749.65,37,2024-02-26
220,13,Business,986.99,26,2024-04-22
221,13,First,5440.92,10,2024-02-12
222,13,First,2808.34,32,2024-01-01
223,13,First,2235.15,36,2024-01-29
224,14,Economy,471.32,103,2024-01-01
225,14,Economy,527.56,144,2024-01-29
226,14,Economy,553.58,184,2024-02-26
227,14,Economy,615.02,72,2024-06-03
228,14,Business,2982.66,30,2024-02-12
229,14,Business,1009.36,26,2024-04-08
230,14,Business,2042.01,37,2024-05-06
231,14,First,3006.33,21,2024-05-06
232,14,First,7534.11,38,2024-05-20
233,14,First,5543.58,14,2024-04-22
234,14,First,4269.27,8,2024-02-26
235,15,Economy,704.52,129,2024-01-01
236,15,Economy,585.37,38,2024-02-12
237,15,Economy,531.75,45,2024-04-22
238,15,Business,823.66,8,2024-05-06
239,15,Business,2764.76,34,2024-06-17
240,15,Business,2586.05,27,2024-01-01
241,15,Business,1852.91,23,2024-04-22
242,15,Business,2699.58,33,2024-06-03
243,15,Business,1629.5,30,2024-01-15
244,15,First,3527.11,14,2024-03-11
245,15,First,7460.51,5,2024-05-06
246,15,First,3699.6,34,2024-06-03
247,15,First,4451.88,12,2024-01-15
248,15,First,2032.82,0,2024-03-25
249,15,First,5467.92,7,2024-01-29
250,16,Economy,192.48,109,2024-01-01
251,16,Economy,563.07,64,2024-03-25
252,16,Economy,297.69,137,2024-05-20
253,16,Economy,408.02,93,2024-02-12
254,16,Economy,536.08,174,2024-03-11
255,16,Economy,390.27,52,2024-06-03
256,16,Economy,401.0,200,2024-01-29
257,16,Business,2972.42,36,2024-04-08
258,16,Business,1426.46,25,2024-01-29
259,16,Business,2365.88,7,2024-03-11
260,16,Business,2394.75,28,2024-04-22
261,16,Business,2479.46,10,2024-05-06
262,16,Business,840.67,32,2024-06-17
263,16,Business,1561.35,21,2024-06-03
264,16,First,2031.74,5,2024-05-06
265,16,First,6939.53,30,2024-06-03
266,16,First,7555.17,27,2024-05-20
267,16,First,2528.84,16,2024-01-01
268,16,First,3330.62,5,2024-01-29
269,16,First,5654.17,24,2024-03-25
270,16,First,7584.11,25,2024-03-11
271,17,Economy,456.17,2,2024-05-20
272,17,Economy,257.16,168,2024-04-22
273,17,Economy,752.92,132,2024-02-26
274,17,Economy,314.48,8,2024-05-06
275,17,Economy,653.09,130,2024-01-01
276,17,Economy,470.75,59,2024-01-29
277,17,Economy,538.33,172,2024-03-11
278,17,Business,600.69,10,2024-03-11
279,17,Business,808.42,17,2024-02-12
280,17,Business,2471.21,22,2024-05-20
281,17,First,2411.7,5,2024-03-25
282,17,First,5297.56,35,2024-06-17
283,17,First,7490.05,22,2024-05-06
284,17,First,4084.85,17,2024-02-12
285,17,First,3357.77,12,2024-04-22
286,17,First,4728.55,25,2024-01-01
287,17,First,5449.44,16,2024-03-11
288,17,First,3050.21,32,2024-06-03
289,18,Economy,320.09,29,2024-04-22
290,18,Economy,666.0,65,2024-01-15
291,18,Economy,715.76,147,2024-06-17
292,18,Business,2447.92,21,2024-06-03
293,18,Business,2906.97,29,2024-04-08
294,18,Business,2235.83,37,2024-03-25
295,18,Business,2668.86,30,2024-05-06
296,18,Business,879.04,4,2024-06-17
297,18,First,7732.67,33,2024-05-20
298,18,First,5213.91,16,2024-02-12
299,18,First,3489.55,5,2024-06-17
300,18,First,4393.58,21,2024-06-03
301,18,First,2456.17,11,2024-03-11
302,18,First,4859.33,22,2024-03-25
303,19,Economy,459.32,51,2024-05-06
304,19,Economy,279.71,61,2024-02-26
305,19,Economy,713.46,52,2024-01-29
306,19,Economy,275.86,63,2024-02-12
307,19,Business,615.9,34,2024-03-11
308,19,Business,2899.18,30,2024-01-29
309,19,Business,1490.87,20,2024-01-15
310,19,Business,1781.62,36,2024-05-20
311,19,Business,2685.05,31,2024-05-06
312,19,Business,1038.89,32,2024-04-08
313,19,Business,1272.64,14,2024-02-26
314,19,First,4083.73,11,2024-01-29
315,19,First,4743.18,7,2024-01-01
316,19,First,6189.47,29,2024-04-22
317,19,First,3893.91,0,2024-03-25
318,19,First,2070.92,13,2024-04-08
319,19,First,4276.57,6,2024-06-03
320,19,First,3952.62,39,2024-02-26
321,20,Economy,440.51,156,2024-01-29
322,20,Economy,353.31,47,2024-04-22
323,20,Economy,459.16,53,2024-02-26
324,20,Economy,404.98,192,2024-02-12
325,20,Economy,373.17,102,2024-05-20
326,20,Business,2554.06,17,2024-04-08
327,20,Business,2529.81,35,2024-01-29
328,20,Business,1637.33,24,2024-05-06
329,20,Business,1070.55,9,2024-06-03
330,20,Business,1735.17,0,2024-02-12
331,20,First,5203.9,20,2024-03-25
332,20,First,6712.0,19,2024-04-08
333,20,First,3505.84,36,2024-01-29
334,20,First,2286.26,6,2024-04-22
335,21,Economy,347.57,92,2024-01-29
336,21,Economy,365.01,142,2024-01-01
337,21,Economy,753.65,65,2024-02-12
338,21,Economy,354.02,105,2024-02-26
339,21,Economy,202.44,173,2024-04-08
340,21,Economy,774.92,50,2024-01-15
341,21,Economy,512.26,166,2024-05-20
342,21,Economy,561.41,44,2024-03-11
343,21,Business,2459.39,28,2024-03-11
344,21,Business,2735.12,24,2024-06-17
345,21,Business,2072.79,29,2024-05-20
346,21,Business,2116.11,9,2024-04-22
347,21,Business,2683.82,40,2024-04-08
348,21,First,7093.4,4,2024-03-25
349,21,First,2474.67,21,2024-05-20
350,21,First,3369.31,20,2024-05-06
351,21,First,5918.08,17,2024-06-03
352,21,First,5632.31,25,2024-06-17
353,22,Economy,401.51,47,2024-04-08
354,22,Economy,700.86,32,2024-03-11
355,22,Economy,614.89,169,2024-05-06
356,22,Economy,291.12,190,2024-04-22
357,22,Economy,596.47,20,2024-06-17
358,22,Business,753.1,30,2024-01-29
359,22,Business,1916.24,1,2024-03-25
360,22,Business,2450.24,33,2024-01-15
361,22,Business,2435.99,5,2024-05-20
362,22,First,2505.87,24,2024-02-26
363,22,First,3856.22,15,2024-05-06
364,22,First,6425.56,28,2024-01-29
365,23,Economy,705.05,83,2024-01-29
366,23,Economy,707.68,119,2024-06-17
367,23,Economy,782.99,138,2024-04-22
368,23,Economy,755.7,140,2024-06-03
369,23,Economy,422.49,178,2024-01-01
370,23,Economy,486.72,151,2024-05-20
371,23,Economy,526.36,161,2024-03-11
372,23,Economy,629.26,144,2024-05-06
373,23,Business,1755.96,14,2024-04-22
374,23,Business,2531.3,28,2024-05-20
375,23,Business,1338.88,26,2024-06-03
376,23,Business,1223.54,19,2024-06-17
377,23,Business,625.33,33,2024-02-26
378,23,Business,2556.91,8,2024-03-11
379,23,First,7681.75,30,2024-02-26
380,23,First,3797.66,27,2024-04-08
381,23,First,6787.79,38,2024-04-22
382,23,First,3387.29,0,2024-01-01
383,23,First,5289.27,12,2024-06-03
384,24,Economy,683.33,56,2024-04-22
385,24,Economy,298.83,108,2024-03-25
386,24,Economy,545.22,132,2024-06-03
387,24,Economy,639.89,156,2024-02-12
388,24,Economy,669.15,175,2024-01-29
389,24,Economy,304.87,166,2024-05-20
390,24,Business,864.86,29,2024-04-22
391,24,Business,2082.55,17,2024-02-26
392,24,Business,2281.13,31,2024-03-25
393,24,Business,1050.69,1,2024-02-12
394,24,Business,965.16,34,2024-01-15
395,24,Business,653.11,6,2024-01-29
396,24,Business,1277.07,8,2024-06-17
397,24,Business,2316.47,0,2024-04-08
398,24,First,3303.13,26,2024-01-15
399,24,First,3869.46,31,2024-01-29
400,24,First,7987.78,29,2024-01-01
401,24,First,6181.61,2,2024-04-08
402,25,Economy,168.54,120,2024-01-15
403,25,Economy,243.49,64,2024-01-29
404,25,Economy,675.73,3,2024-01-01
405,25,Economy,202.93,196,2024-02-26
406,25,Economy,605.98,98,2024-03-25
407,25,Business,1850.73,13,2024-02-12
408,25,Business,1734.78,19,2024-06-03
409,25,Business,2846.92,10,2024-01-01
410,25,Business,2109.99,2,2024-06-17
411,25,Business,2387.34,35,2024-04-08
412,25,Business,1850.22,16,2024-01-15
413,25,First,7839.64,15,2024-05-20
414,25,First,5797.45,20,2024-02-26
415,25,First,2090.41,17,2024-02-12
416,25,First,5508.18,25,2024-03-11
417,25,First,6734.86,0,2024-01-01
418,25,First,7813.01,37,2024-06-17
419,26,Economy,459.95,175,2024-04-08
420,26,Economy,540.68,194,2024-06-03
421,26,Economy,545.09,15,2024-05-06
422,26,Economy,361.75,39,2024-01-29
423,26,Economy,596.9,27,2024-03-11
424,26,Economy,205.56,59,2024-01-15
425,26,Economy,335.38,142,2024-06-17
426,26,Economy,656.22,193,2024-03-25
427,26,Business,1459.6,8,2024-06-17
428,26,Business,1201.67,2,2024-04-08
429,26,Business,1764.73,28,2024-02-12
430,26,Business,1941.66,34,2024-01-01
431,26,Business,2272.89,12,2024-03-25
432,26,First,6988.1,35,2024-01-29
433,26,First,2962.06,33,2024-04-22
434,26,First,2930.15,18,2024-03-11
435,26,First,6916.51,34,2024-05-20
436,26,First,4202.68,0,2024-04-08
437,26,First,6655.51,32,2024-02-26
438,26,First,4274.26,11,2024-03-25
439,27,Economy,282.37,184,2024-05-06
440,27,Economy,163.07,137,2024-03-11
441,27,Economy,676.95,48,2024-06-17
442,27,Business,2138.17,7,2024-05-20
443,27,Business,831.02,4,2024-04-08
444,27,Business,705.07,8,2024-04-22
445,27,Business,1028.73,2,2024-01-29
446,27,Business,1084.99,31,2024-02-26
447,27,Business,1059.88,2,2024-03-11
448,27,Business,1970.43,24,2024-02-12
449,27,First,5635.72,4,2024-04-08
450,27,First,2078.52,13,2024-04-22
451,27,First,5934.5,5,2024-05-06
452,27,First,4808.35,40,2024-05-20
453,27,First,2364.2,35,2024-02-26
454,27,First,6460.86,26,2024-01-01
455,27,First,6932.16,3,2024-01-29
456,27,First,6941.86,17,2024-01-15
457,28,Economy,186.04,185,2024-01-01
458,28,Economy,277.09,98,2024-06-03
459,28,Economy,248.83,134,2024-01-15
460,28,Economy,566.68,145,2024-02-26
461,28,Economy,545.22,45,2024-05-20
462,28,Economy,499.73,142,2024-02-12
463,28,Economy,402.33,27,2024-05-06
464,28,Business,1919.92,32,2024-05-06
465,28,Business,1410.03,10,2024-03-11
466,28,Business,1881.36,38,2024-05-20
467,28,Business,1663.23,22,2024-04-08
468,28,Business,2765.96,35,2024-03-25
469,28,Business,2979.51,20,2024-01-15
470,28,Business,2627.65,26,2024-06-17
471,28,Business,2434.04,27,2024-04-22
472,28,First,7556.88,16,2024-03-11
473,28,First,4160.05,28,2024-05-06
474,28,First,4685.0,25,2024-02-12
475,28,First,2001.17,2,2024-06-03
476,28,First,7897.74,38,2024-04-22
477,28,First,2097.81,8,2024-05-20
478,28,First,7960.47,19,2024-04-08
479,28,First,2039.41,14,2024-02-26
480,29,Economy,467.66,146,2024-03-11
481,29,Economy,749.63,39,2024-01-01
482,29,Economy,184.12,117,2024-02-26
483,29,Economy,361.85,35,2024-04-22
484,29,Business,2546.58,5,2024-03-11
485,29,Business,1969.17,36,2024-05-06
486,29,Business,2802.92,4,2024-02-12
487,29,Business,2336.59,30,2024-05-20
488,29,Business,1014.97,36,2024-02-26
489,29,First,2224.23,36,2024-05-06
490,29,First,4289.28,3,2024-05-20
491,29,First,7531.23,21,2024-02-26
492,30,Economy,551.04,161,2024-03-25
493,30,Economy,380.09,78,2024-06-17
494,30,Economy,476.58,81,2024-01-15
495,30,Economy,487.15,38,2024-02-12
496,30,Economy,342.25,178,2024-01-01
497,30,Business,2930.5,38,2024-01-29
498,30,Business,1980.61,5,2024-01-01
499,30,Business,1133.01,18,2024-05-20
500,30,Business,2487.28,9,2024-03-25
501,30,First,6471.89,35,2024-03-11
502,30,First,4395.15,5,2024-01-15
503,30,First,4391.16,27,2024-04-08
504,30,First,6642.95,8,2024-05-06
505,31,Economy,388.82,146,2024-04-08
506,31,Economy,253.35,157,2024-04-22
507,31,Economy,798.01,134,2024-02-12
508,31,Economy,287.45,18,2024-06-17
509,31,Business,870.07,26,2024-06-17
510,31,Business,1616.5,22,2024-03-25
511,31,Business,1057.18,22,2024-03-11
512,31,Business,2025.31,1,2024-05-06
513,31,Business,2447.24,10,2024-01-15
514,31,First,2269.27,14,2024-05-06
515,31,First,3198.11,23,2024-04-08
516,31,First,2935.95,5,2024-06-17
517,31,First,2674.23,3,2024-01-29
518,31,First,3458.29,39,2024-06-03
519,32,Economy,327.48,120,2024-02-26
520,32,Economy,135.47,53,2024-01-01
521,32,Economy,623.21,54,2024-03-11
522,32,Economy,258.58,133,2024-01-15
523,32,Business,1503.86,33,2024-04-22
524,32,Business,704.36,10,2024-04-08
525,32,Business,744.26,12,2024-05-06
526,32,Business,2494.05,39,2024-01-29
527,32,Business,1251.08,29,2024-01-01
528,32,First,7204.46,24,2024-01-01
529,32,First,3387.01,24,2024-01-15
530,32,First,5051.24,6,2024-03-25
531,32,First,7423.23,31,2024-02-26
532,32,First,7200.64,34,2024-03-11
533,32,First,2528.12,12,2024-06-03
534,32,First,5003.9,29,2024-06-17
535,32,First,5364.13,1,2024-01-29
536,33,Economy,346.83,100,2024-02-12
537,33,Economy,626.19,4,2024-04-22
538,33,Economy,355.81,90,2024-02-26
539,33,Business,2548.54,40,2024-05-20
540,33,Business,1218.43,24,2024-02-26
541,33,Business,2736.97,1,2024-02-12
542,33,Business,2865.93,17,2024-04-22
543,33,Business,1141.4,21,2024-06-03
544,33,First,4504.0,36,2024-05-20
545,33,First,2916.49,19,2024-01-29
546,33,First,7458.41,21,2024-01-15
547,33,First,4695.02,8,2024-03-25
548,33,First,3240.54,8,2024-04-22
549,33,First,5486.18,12,2024-02-12
550,34,Economy,412.44,197,2024-02-26
551,34,Economy,218.7,144,2024-06-03
552,34,Economy,743.64,81,2024-04-22
553,34,Economy,166.11,136,2024-01-29
554,34,Business,1328.04,40,2024-01-15
555,34,Business,2839.8,17,2024-01-29
556,34,Business,964.7,12,2024-03-11
557,34,Business,856.25,11,2024-06-03
558,34,Business,662.88,39,2024-01-01
559,34,Business,2080.67,38,2024-05-20
560,34,Business,1960.9,14,2024-02-12
561,34,Business,2031.27,14,2024-03-25
562,34,First,4243.76,24,2024-01-01
563,34,First,4948.67,8,2024-03-11
564,34,First,2982.72,14,2024-01-15
565,34,First,2193.38,0,2024-04-08
566,34,First,7552.61,26,2024-01-29
567,34,First,3335.33,12,2024-05-06
568,34,First,6546.66,4,2024-06-03
569,34,First,3062.47,28,2024-03-25
570,35,Economy,647.83,155,2024-04-08
571,35,Economy,620.03,97,2024-06-03
572,35,Economy,609.74,100,2024-03-11
573,35,Economy,535.82,190,2024-06-17
574,35,Economy,508.92,137,2024-02-12
575,35,Economy,477.16,180,2024-03-25
576,35,Economy,655.11,133,2024-04-22
577,35,Business,2706.67,15,2024-04-08
578,35,Business,1844.89,25,2024-06-17
579,35,Business,2961.19,2,2024-01-01
580,35,First,4388.24,19,2024-03-25
581,35,First,6642.06,18,2024-04-22
582,35,First,4768.08,27,2024-05-20
583,35,First,3766.52,3,2024-01-01
584,35,First,6139.72,9,2024-02-12
585,35,First,4781.47,28,2024-02-26
586,35,First,2542.64,32,2024-06-03
587,36,Economy,212.01,105,2024-01-29
588,36,Economy,339.95,6,2024-05-06
589,36,Economy,241.64,151,2024-04-22
590,36,Business,896.51,7,2024-02-12
591,36,Business,2294.94,40,2024-04-08
592,36,Business,1471.06,33,2024-01-15
593,36,Business,2297.47,32,2024-02-26
594,36,Business,2068.97,10,2024-03-11
595,36,Business,1508.83,24,2024-01-29
596,36,Business,705.37,10,2024-04-22
597,36,Business,2789.41,36,2024-03-25
598,36,First,6380.97,28,2024-01-29
599,36,First,3732.68,11,2024-06-17
600,36,First,2705.32,8,2024-06-03
601,36,First,7762.6,0,2024-05-20
602,36,First,5735.36,16,2024-01-01
603,36,First,2073.25,31,2024-03-25
604,36,First,7132.47,34,2024-05-06
605,36,First,6844.73,38,2024-04-08
606,37,Economy,420.48,153,2024-02-12
607,37,Economy,528.07,62,2024-06-17
608,37,Economy,719.87,71,2024-05-06
609,37,Economy,541.44,142,2024-04-08
610,37,Economy,677.68,53,2024-05-20
611,37,Economy,153.26,37,2024-03-25
612,37,Business,948.9,2,2024-05-20
613,37,Business,2200.79,38,2024-03-11
614,37,Business,1316.26,5,2024-01-01
615,37,First,2968.01,18,2024-01-15
616,37,First,5666.54,38,2024-03-25
617,37,First,5433.7,35,2024-01-29
618,38,Economy,753.41,23,2024-04-08
619,38,Economy,642.59,82,2024-06-03
620,38,Economy,370.63,97,2024-05-06
621,38,Economy,677.78,194,2024-03-11
622,38,Business,2267.09,17,2024-04-22
623,38,Business,1390.1,26,2024-01-15
624,38,Business,1859.15,13,2024-02-26
625,38,Business,2068.93,6,2024-04-08
626,38,Business,1971.28,40,2024-01-29
627,38,Business,1869.47,5,2024-06-03
628,38,First,3557.96,36,2024-06-03
629,38,First,7970.15,22,2024-06-17
630,38,First,7562.63,39,2024-05-06
631,38,First,5375.81,33,2024-02-26
632,38,First,6375.11,31,2024-03-25
633,38,First,4955.03,11,2024-03-11
634,39,Economy,436.12,30,2024-02-12
635,39,Economy,621.48,53,2024-06-03
636,39,Economy,663.7,106,2024-02-26
637,39,Economy,401.55,85,2024-06-17
638,39,Economy,357.76,163,2024-01-01
639,39,Economy,264.39,163,2024-01-15
640,39,Economy,256.81,72,2024-04-22
641,39,Business,1919.98,0,2024-06-17
642,39,Business,873.21,21,2024-01-15
643,39,Business,1419.27,36,2024-02-26
644,39,Business,2078.38,1,2024-05-20
645,39,Business,2596.9,12,2024-04-22
646,39,First,5873.91,30,2024-03-11
647,39,First,2932.32,29,2024-05-20
648,39,First,7352.35,34,2024-04-08
649,39,First,7375.57,29,2024-06-03
650,39,First,6703.93,26,2024-01-01
651,40,Economy,586.14,90,2024-01-01
652,40,Economy,165.02,38,2024-04-22
653,40,Economy,310.71,7,2024-02-26
654,40,Economy,350.62,96,2024-05-06
655,40,Economy,546.03,42,2024-03-11
656,40,Economy,508.27,99,2024-06-17
657,40,Economy,247.42,29,2024-01-15
658,40,Economy,707.92,192,2024-05-20
659,40,Business,808.31,15,2024-06-03
660,40,Business,1491.8,19,2024-03-11
661,40,Business,1118.74,19,2024-01-01
662,40,Business,1020.03,23,2024-02-26
663,40,Business,2483.87,12,2024-03-25
664,40,First,6794.15,32,2024-04-08
665,40,First,2924.47,21,2024-04-22
666,40,First,7541.82,33,2024-01-01
667,41,Economy,580.17,33,2024-06-17
668,41,Economy,259.53,9,2024-03-11
669,41,Economy,432.37,182,2024-01-29
670,41,Economy,708.07,29,2024-01-15
671,41,Economy,122.79,11,2024-04-22
672,41,Business,2389.33,1,2024-05-06
673,41,Business,1986.14,19,2024-01-15
674,41,Business,2133.24,13,2024-03-11
675,41,Business,1370.11,12,2024-04-08
676,41,Business,1287.76,34,2024-01-01
677,41,Business,1365.96,28,2024-06-03
678,41,Business,2210.7,17,2024-02-26
679,41,Business,958.37,17,2024-05-20
680,41,First,5084.36,13,2024-01-01
681,41,First,5255.17,35,2024-05-06
682,41,First,3910.91,9,2024-04-22
683,42,Economy,726.73,138,2024-06-17
684,42,Economy,421.68,33,2024-02-26
685,42,Economy,139.72,172,2024-05-06
686,42,Economy,154.31,98,2024-02-12
687,42,Economy,156.58,109,2024-01-29
688,42,Economy,386.5,180,2024-01-15
689,42,Economy,525.36,151,2024-04-22
690,42,Economy,548.04,176,2024-06-03
691,42,Business,2542.32,5,2024-04-08
692,42,Business,2936.84,29,2024-05-06
693,42,Business,1962.69,5,2024-03-11
694,42,Business,2550.84,29,2024-02-26
695,42,Business,833.43,19,2024-05-20
696,42,Business,2242.75,29,2024-02-12
697,42,Business,1729.31,14,2024-04-22
698,42,Business,944.93,39,2024-03-25
699,42,First,4719.7,1,2024-03-11
700,42,First,2392.19,7,2024-03-25
701,42,First,4108.64,29,2024-01-29
702,42,First,7074.6,18,2024-06-17
703,42,First,6607.65,38,2024-05-06
704,43,Economy,561.63,77,2024-01-29
705,43,Economy,482.27,102,2024-04-22
706,43,Economy,521.56,61,2024-01-15
707,43,Economy,542.19,140,2024-03-25
708,43,Economy,228.13,123,2024-05-20
709,43,Economy,381.0,87,2024-03-11
710,43,Economy,261.6,177,2024-02-26
711,43,Business,2190.27,4,2024-03-25
712,43,Business,2374.48,36,2024-06-17
713,43,Business,2608.2,7,2024-05-06
714,43,Business,2021.19,29,2024-03-11
715,43,Business,1380.91,6,2024-04-22
716,43,Business,2572.86,11,2024-02-12
717,43,Business,1339.29,25,2024-01-15
718,43,First,6884.4,24,2024-05-06
719,43,First,3964.45,3,2024-01-15
720,43,First,2543.2,8,2024-05-20
721,44,Economy,318.22,157,2024-06-17
722,44,Economy,512.99,50,2024-05-20
723,44,Economy,259.85,81,2024-01-01
724,44,Economy,323.82,173,2024-01-29
725,44,Economy,327.09,111,2024-05-06
726,44,Economy,608.1,88,2024-04-08
727,44,Economy,793.4,149,2024-02-26
728,44,Business,2634.33,18,2024-05-06
729,44,Business,749.79,35,2024-04-22
730,44,Business,2922.96,0,2024-03-25
731,44,First,5540.98,40,2024-04-22
732,44,First,3908.76,24,2024-03-11
733,44,First,4436.2,27,2024-01-15
734,44,First,5270.71,11,2024-02-26
735,44,First,4849.23,12,2024-01-01
736,44,First,5332.53,23,2024-02-12
737,44,First,7039.78,9,2024-04-08
738,44,First,3730.83,8,2024-06-03
739,45,Economy,217.92,124,2024-01-01
740,45,Economy,567.39,34,2024-01-15
741,45,Economy,177.57,164,2024-05-20
742,45,Economy,668.04,116,2024-06-17
743,45,Business,1523.32,14,2024-05-06
744,45,Business,1045.9,38,2024-03-25
745,45,Business,617.83,31,2024-06-17
746,45,Business,2632.33,15,2024-01-29
747,45,Business,2309.11,17,2024-04-08
748,45,Business,1586.01,34,2024-06-03
749,45,Business,1983.25,2,2024-02-26
750,45,Business,2947.76,36,2024-02-12
751,45,First,2852.52,33,2024-06-03
752,45,First,7901.47,17,2024-03-11
753,45,First,4789.62,5,2024-01-15
754,45,First,5140.14,39,2024-05-06
755,45,First,2530.68,30,2024-04-08
756,45,First,5783.98,4,2024-05-20
757,46,Economy,438.83,131,2024-05-20
758,46,Economy,736.12,146,2024-04-22
759,46,Economy,618.99,107,2024-05-06
760,46,Economy,359.98,75,2024-02-26
761,46,Economy,316.66,9,2024-01-01
762,46,Economy,592.63,152,2024-03-11
763,46,Economy,629.61,186,2024-06-17
764,46,Economy,653.81,66,2024-06-03
765,46,Business,1005.79,3,2024-05-20
766,46,Business,2175.17,18,2024-04-08
767,46,Business,2541.35,39,2024-05-06
768,46,First,2760.93,4,2024-02-26
769,46,First,7108.67,17,2024-04-08
770,46,First,3512.31,39,2024-01-15
771,47,Economy,738.89,189,2024-02-26
772,47,Economy,222.77,114,2024-06-17
773,47,Economy,371.44,44,2024-01-01
774,47,Economy,297.65,179,2024-01-15
775,47,Economy,280.61,46,2024-01-29
776,47,Business,2984.61,24,2024-01-01
777,47,Business,1171.07,28,2024-03-11
778,47,Business,2342.4,10,2024-01-15
779,47,Business,1106.06,22,2024-01-29
780,47,Business,730.38,16,2024-05-06
781,47,Business,2413.16,7,2024-04-08
782,47,Business,726.06,29,2024-03-25
783,47,First,6101.06,24,2024-04-08
784,47,First,4847.54,9,2024-02-26
785,47,First,5182.65,27,2024-06-17
786,47,First,2071.18,28,2024-04-22
787,47,First,4292.02,20,2024-02-12
788,47,First,7770.58,2,2024-03-25
789,48,Economy,770.2,110,2024-04-22
790,48,Economy,535.13,166,2024-05-20
791,48,Economy,703.68,85,2024-03-11
792,48,Business,1706.66,15,2024-02-26
793,48,Business,2362.35,37,2024-01-15
794,48,Business,2449.19,33,2024-06-17
795,48,Business,1409.78,11,2024-05-06
796,48,Business,1351.85,0,2024-03-25
797,48,First,4109.1,18,2024-01-01
798,48,First,3511.38,2,2024-01-15
799,48,First,2142.2,5,2024-06-17
800,48,First,2341.29,38,2024-03-25
801,48,First,5939.63,13,2024-06-03
802,48,First,7702.93,40,2024-04-22
803,48,First,2730.74,7,2024-03-11
804,48,First,2518.32,38,2024-02-12
805,49,Economy,666.18,47,2024-03-25
806,49,Economy,729.28,178,2024-05-20
807,49,Economy,245.3,75,2024-06-03
808,49,Economy,437.53,19,2024-05-06
809,49,Business,1265.49,3,2024-04-08
810,49,Business,1518.72,21,2024-02-26
811,49,Business,2990.3,16,2024-03-25
812,49,Business,2893.45,16,2024-03-11
813,49,Business,1027.03,4,2024-06-03
814,49,Business,1780.13,12,2024-01-29
815,49,Business,2064.72,11,2024-05-20
816,49,Business,2149.16,6,2024-01-01
817,49,First,5860.03,28,2024-04-22
818,49,First,6292.4,6,2024-03-25
819,49,First,2209.17,4,2024-02-12
820,49,First,5428.07,16,2024-05-06
821,50,Economy,301.18,179,2024-01-01
822,50,Economy,344.28,100,2024-04-08
823,50,Economy,510.76,131,2024-01-29
824,50,Economy,601.17,197,2024-06-17
825,50,Economy,453.66,111,2024-05-06
826,50,Economy,394.66,186,2024-03-25
827,50,Business,1522.62,30,2024-04-22
828,50,Business,890.89,34,2024-02-12
829,50,Business,2844.1,22,2024-01-01
830,50,First,4192.13,21,2024-05-20
831,50,First,2482.74,29,2024-02-26
832,50,First,6562.72,18,2024-03-25
833,50,First,5886.76,11,2024-01-01
834,50,First,5326.85,24,2024-01-15
835,51,Economy,417.83,48,2024-02-12
836,51,Economy,215.16,49,2024-02-26
837,51,Economy,137.25,151,2024-03-25
838,51,Economy,282.17,99,2024-01-15
839,51,Economy,162.83,138,2024-03-11
840,51,Economy,557.52,127,2024-04-08
841,51,Economy,483.08,115,2024-01-01
842,51,Economy,777.27,4,2024-04-22
843,51,Business,2490.67,2,2024-03-11
844,51,Business,1573.22,13,2024-01-01
845,51,Business,2537.05,33,2024-06-17
846,51,First,2221.27,9,2024-05-20
847,51,First,4933.37,1,2024-04-22
848,51,First,4827.32,39,2024-01-29
849,51,First,2274.81,8,2024-05-06
850,51,First,2086.19,40,2024-02-12
851,51,First,2299.75,19,2024-01-15
852,52,Economy,688.04,16,2024-04-08
853,52,Economy,676.1,27,2024-05-06
854,52,Economy,197.64,152,2024-01-29
855,52,Business,889.93,36,2024-02-12
856,52,Business,1910.12,20,2024-01-15
857,52,Business,2607.43,13,2024-06-17
858,52,Business,2434.15,37,2024-03-25
859,52,Business,1016.27,4,2024-03-11
860,52,Business,889.79,9,2024-05-06
861,52,Business,2418.12,10,2024-01-29
862,52,First,6746.31,40,2024-03-11
863,52,First,5674.65,10,2024-04-22
864,52,First,2093.78,31,2024-01-29
865,52,First,2484.34,0,2024-04-08
866,52,First,3076.48,5,2024-02-12
867,52,First,6240.45,37,2024-01-01
868,52,First,7321.49,26,2024-01-15
869,52,First,6161.02,30,2024-05-06
870,53,Economy,757.9,156,2024-01-29
871,53,Economy,590.34,152,2024-02-12
872,53,Economy,242.4,127,2024-06-17
873,53,Economy,536.19,22,2024-02-26
874,53,Economy,546.49,200,2024-04-22
875,53,Economy,324.82,107,2024-04-08
876,53,Economy,123.11,60,2024-06-03
877,53,Economy,250.49,135,2024-01-15
878,53,Business,1818.1,29,2024-05-06
879,53,Business,2448.8,13,2024-03-11
880,53,Business,1263.42,12,2024-04-22
881,53,First,7062.69,30,2024-06-17
882,53,First,4985.09,10,2024-01-29
883,53,First,6020.86,2,2024-05-20
884,54,Economy,262.52,64,2024-05-20
885,54,Economy,347.32,194,2024-03-11
886,54,Economy,428.14,26,2024-02-26
887,54,Business,770.06,15,2024-01-01
888,54,Business,2331.37,37,2024-04-22
889,54,Business,1991.43,26,2024-01-29
890,54,Business,1077.0,20,2024-05-20
891,54,Business,1152.15,7,2024-06-17
892,54,Business,1382.72,6,2024-04-08
893,54,Business,1169.08,26,2024-02-26
894,54,Business,2687.73,24,2024-06-03
895,54,First,2326.04,27,2024-01-15
896,54,First,2869.65,39,2024-04-08
897,54,First,4729.95,24,2024-05-06
898,54,First,4240.91,29,2024-06-03
899,55,Economy,590.7,15,2024-02-12
900,55,Economy,310.81,28,2024-05-20
901,55,Economy,699.12,117,2024-03-11
902,55,Economy,404.39,194,2024-02-26
903,55,Economy,353.63,75,2024-06-17
904,55,Economy,530.47,163,2024-06-03
905,55,Economy,767.88,43,2024-01-15
906,55,Economy,513.12,141,2024-01-01
907,55,Business,2669.28,13,2024-01-15
908,55,Business,2019.79,29,2024-03-25
909,55,Business,1270.01,27,2024-04-22
910,55,Business,2366.83,15,2024-04-08
911,55,First,7350.94,37,2024-03-11
912,55,First,7677.51,36,2024-03-25
913,55,First,7389.51,26,2024-05-06
914,55,First,7881.1,2,2024-02-12
915,56,Economy,445.9,178,2024-06-03
916,56,Economy,678.48,115,2024-04-22
917,56,Economy,456.79,21,2024-01-01
918,56,Economy,499.77,3,2024-03-25
919,56,Economy,591.35,104,2024-06-17
920,56,Economy,765.96,33,2024-05-06
921,56,Business,1751.48,19,2024-02-26
922,56,Business,988.33,29,2024-02-12
923,56,Business,2659.01,37,2024-05-20
924,56,Business,658.59,29,2024-01-15
925,56,Business,1713.03,8,2024-01-01
926,56,First,3997.44,2,2024-03-25
927,56,First,3779.54,17,2024-01-29
928,56,First,6188.33,39,2024-03-11
929,56,First,5254.61,13,2024-04-08
930,56,First,6726.15,5,2024-01-01
931,56,First,5722.73,21,2024-01-15
932,56,First,6414.56,3,2024-02-12
933,56,First,5088.42,23,2024-05-20
934,57,Economy,436.44,10,2024-01-15
935,57,Economy,368.59,44,2024-03-25
936,57,Economy,560.76,180,2024-03-11
937,57,Business,932.17,21,2024-04-22
938,57,Business,1172.72,7,2024-06-03
939,57,Business,2157.69,37,2024-02-12
940,57,First,4537.57,3,2024-02-12
941,57,First,2380.22,22,2024-06-03
942,57,First,4714.46,32,2024-06-17
943,57,First,5160.1,7,2024-03-11
944,57,First,4820.98,34,2024-05-06
945,57,First,6069.85,34,2024-02-26
946,57,First,7396.71,28,2024-04-08
947,57,First,5725.71,4,2024-04-22
948,58,Economy,730.6,73,2024-04-08
949,58,Economy,771.61,19,2024-01-15
950,58,Economy,194.37,70,2024-06-03
951,58,Economy,196.18,37,2024-03-25
952,58,Business,2926.98,34,2024-01-29
953,58,Business,2836.13,30,2024-02-12
954,58,Business,1432.08,28,2024-04-22
955,58,Business,2370.5,1,2024-01-01
956,58,Business,1299.64,4,2024-02-26
957,58,Business,652.89,14,2024-03-25
958,58,First,5560.14,33,2024-05-20
959,58,First,7051.45,28,2024-03-11
960,58,First,4748.04,36,2024-03-25
961,58,First,2791.73,19,2024-05-06
962,58,First,3030.42,16,2024-06-03
963,58,First,3360.69,23,2024-04-22
964,58,First,7824.34,3,2024-02-12
965,59,Economy,540.67,41,2024-03-11
966,59,Economy,604.03,73,2024-02-26
967,59,Economy,243.95,44,2024-04-08
968,59,Economy,690.75,177,2024-01-29
969,59,Business,903.54,16,2024-06-17
970,59,Business,1487.21,13,2024-01-29
971,59,Business,1949.97,2,2024-06-03
972,59,Business,2197.33,22,2024-02-12
973,59,Business,955.07,28,2024-01-15
974,59,Business,1895.68,10,2024-01-01
975,59,Business,1880.74,7,2024-05-20
976,59,Business,2809.04,25,2024-02-26
977,59,First,7820.9,34,2024-06-17
978,59,First,7853.61,21,2024-01-29
979,59,First,5883.46,18,2024-04-08
980,59,First,4843.46,18,2024-03-11
981,59,First,7817.63,36,2024-06-03
982,59,First,6001.33,36,2024-01-01
983,60,Economy,199.48,6,2024-04-08
984,60,Economy,393.11,56,2024-03-11
985,60,Economy,423.26,23,2024-01-15
986,60,Economy,341.93,155,2024-06-17
987,60,Economy,556.09,149,2024-01-01
988,60,Economy,477.98,200,2024-01-29
989,60,Economy,756.25,71,2024-06-03
990,60,Economy,253.09,21,2024-02-26
991,60,Business,1777.12,38,2024-04-08
992,60,Business,2052.19,3,2024-05-20
993,60,Business,2780.27,23,2024-06-03
994,60,Business,1554.14,27,2024-01-15
995,60,Business,1487.11,23,2024-04-22
996,60,Business,629.26,22,2024-03-25
997,60,Business,1443.25,28,2024-05-06
998,60,First,6834.04,27,2024-01-15
999,60,First,6371.63,26,2024-02-12
1000,60,First,2837.41,37,2024-04-08
1001,60,First,5587.61,9,2024-03-25
1002,60,First,3246.7,30,2024-05-20
1003,60,First,7930.29,33,2024-02-26
1004,60,First,7919.83,4,2024-06-17
1005,61,Economy,238.93,118,2024-06-17
1006,61,Economy,602.97,193,2024-03-25
1007,61,Economy,742.11,51,2024-01-15
1008,61,Economy,246.48,97,2024-01-01
1009,61,Economy,316.83,125,2024-06-03
1010,61,Economy,148.72,77,2024-02-26
1011,61,Economy,687.52,77,2024-02-12
1012,61,Business,969.66,19,2024-04-22
1013,61,Business,2894.46,40,2024-06-03
1014,61,Business,1734.1,18,2024-04-08
1015,61,Business,1601.18,31,2024-02-12
1016,61,Business,2776.3,15,2024-01-01
1017,61,Business,668.26,17,2024-06-17
1018,61,First,7210.08,40,2024-01-15
1019,61,First,6115.48,7,2024-05-06
1020,61,First,4239.21,36,2024-03-11
1021,61,First,2105.27,16,2024-06-03
1022,61,First,2977.08,3,2024-04-08
1023,61,First,2876.82,29,2024-03-25
1024,62,Economy,740.23,91,2024-01-29
1025,62,Economy,153.13,74,2024-03-11
1026,62,Economy,480.14,19,2024-06-17
1027,62,Economy,469.43,196,2024-01-01
1028,62,Economy,547.06,195,2024-02-26
1029,62,Economy,184.27,192,2024-06-03
1030,62,Economy,233.65,82,2024-02-12
1031,62,Economy,713.26,175,2024-04-08
1032,62,Business,1992.11,9,2024-02-26
1033,62,Business,630.95,33,2024-05-20
1034,62,Business,1275.4,31,2024-03-11
1035,62,Business,1588.79,10,2024-01-15
1036,62,Business,845.8,9,2024-04-22
1037,62,First,4762.95,4,2024-02-12
1038,62,First,2699.39,8,2024-06-17
1039,62,First,7540.46,30,2024-04-22
1040,62,First,4089.26,23,2024-05-06
1041,62,First,2834.08,28,2024-05-20
1042,62,First,7338.36,38,2024-01-15
1043,62,First,5138.73,21,2024-06-03
1044,63,Economy,271.2,177,2024-06-03
1045,63,Economy,216.8,58,2024-02-26
1046,63,Economy,329.05,53,2024-01-01
1047,63,Economy,208.55,20,2024-01-15
1048,63,Business,702.04,6,2024-06-03
1049,63,Business,678.7,32,2024-01-15
1050,63,Business,2023.62,30,2024-06-17
1051,63,Business,885.41,16,2024-01-01
1052,63,Business,703.88,19,2024-04-08
1053,63,Business,2202.21,6,2024-03-25
1054,63,First,7407.05,11,2024-05-06
1055,63,First,6023.6,1,2024-02-12
1056,63,First,2544.68,17,2024-06-17
1057,64,Economy,677.32,195,2024-03-11
1058,64,Economy,129.51,55,2024-06-17
1059,64,Economy,606.75,72,2024-01-29
1060,64,Economy,236.81,193,2024-04-22
1061,64,Economy,485.25,185,2024-02-12
1062,64,Economy,187.11,54,2024-01-15
1063,64,Economy,745.92,181,2024-01-01
1064,64,Business,1034.04,22,2024-03-11
1065,64,Business,2955.12,27,2024-06-03
1066,64,Business,1114.26,14,2024-05-06
1067,64,Business,1578.19,20,2024-01-29
1068,64,Business,896.68,7,2024-04-08
1069,64,Business,1847.35,31,2024-01-15
1070,64,First,3968.69,7,2024-06-03
1071,64,First,4308.69,29,2024-02-26
1072,64,First,5602.34,19,2024-04-22
1073,64,First,6122.28,28,2024-01-01
1074,64,First,3355.24,26,2024-01-15
1075,65,Economy,241.92,172,2024-03-25
1076,65,Economy,454.32,26,2024-02-12
1077,65,Economy,389.53,133,2024-01-15
1078,65,Economy,567.81,21,2024-04-08
1079,65,Economy,201.07,101,2024-03-11
1080,65,Business,2940.5,21,2024-06-03
1081,65,Business,1080.63,25,2024-05-06
1082,65,Business,894.63,27,2024-01-15
1083,65,Business,2340.48,17,2024-01-29
1084,65,Business,2435.56,37,2024-05-20
1085,65,Business,2024.76,25,2024-03-11
1086,65,First,5068.49,9,2024-04-08
1087,65,First,6608.0,6,2024-05-20
1088,65,First,2733.14,31,2024-05-06
1089,65,First,4983.64,40,2024-03-25
1090,65,First,7654.42,1,2024-06-17
1091,66,Economy,458.73,6,2024-06-03
1092,66,Economy,781.01,97,2024-01-01
1093,66,Economy,531.12,83,2024-01-15
1094,66,Business,2424.41,33,2024-02-26
1095,66,Business,2442.17,29,2024-05-06
1096,66,Business,1084.64,31,2024-06-03
1097,66,Business,1776.6,16,2024-01-15
1098,66,First,4301.78,20,2024-03-11
1099,66,First,7117.25,28,2024-04-22
1100,66,First,4757.94,2,2024-06-03
1101,66,First,3061.22,19,2024-01-01
1102,66,First,7308.2,10,2024-05-06
1103,66,First,4948.88,8,2024-03-25
1104,66,First,3874.76,24,2024-05-20
1105,67,Economy,443.62,40,2024-06-17
1106,67,Economy,464.55,100,2024-01-15
1107,67,Economy,299.11,151,2024-05-06
1108,67,Economy,780.19,157,2024-04-08
1109,67,Economy,580.01,196,2024-04-22
1110,67,Economy,784.89,82,2024-05-20
1111,67,Business,907.68,23,2024-01-01
1112,67,Business,1437.3,37,2024-05-06
1113,67,Business,664.56,40,2024-06-17
1114,67,First,4471.58,3,2024-03-25
1115,67,First,5967.44,15,2024-01-15
1116,67,First,3407.73,19,2024-06-17
1117,67,First,5555.19,4,2024-03-11
1118,67,First,7213.64,7,2024-05-06
1119,68,Economy,433.42,108,2024-01-29
1120,68,Economy,506.27,107,2024-01-01
1121,68,Economy,301.3,178,2024-04-22
1122,68,Economy,439.4,5,2024-03-11
1123,68,Economy,790.32,96,2024-06-03
1124,68,Business,2220.27,21,2024-03-25
1125,68,Business,1792.16,21,2024-03-11
1126,68,Business,999.91,19,2024-05-06
1127,68,Business,1472.0,27,2024-01-15
1128,68,Business,1084.22,40,2024-04-08
1129,68,Business,2633.6,4,2024-05-20
1130,68,Business,2616.91,34,2024-06-03
1131,68,First,7977.37,25,2024-02-26
1132,68,First,6827.62,39,2024-06-17
1133,68,First,6457.33,5,2024-01-01
1134,68,First,6306.24,37,2024-06-03
1135,69,Economy,165.74,135,2024-05-06
1136,69,Economy,443.18,53,2024-03-11
1137,69,Economy,356.18,19,2024-02-26
1138,69,Business,1565.52,39,2024-02-26
1139,69,Business,1836.89,35,2024-04-22
1140,69,Business,1033.44,1,2024-06-17
1141,69,Business,2106.83,33,2024-03-25
1142,69,Business,2670.5,36,2024-06-03
1143,69,Business,1798.09,29,2024-03-11
1144,69,Business,1243.05,40,2024-01-15
1145,69,Business,1878.53,39,2024-02-12
1146,69,First,4185.65,9,2024-05-06
1147,69,First,3442.24,19,2024-06-03
1148,69,First,7064.73,26,2024-05-20
1149,69,First,3911.92,4,2024-01-01
1150,69,First,5803.56,26,2024-04-22
1151,69,First,3601.61,18,2024-02-12
1152,70,Economy,221.97,7,2024-01-29
1153,70,Economy,287.0,79,2024-02-26
1154,70,Economy,435.63,143,2024-05-20
1155,70,Economy,794.08,108,2024-05-06
1156,70,Economy,559.91,9,2024-02-12
1157,70,Economy,257.35,69,2024-03-25
1158,70,Economy,212.77,66,2024-01-15
1159,70,Economy,656.98,71,2024-01-01
1160,70,Business,1353.37,19,2024-04-22
1161,70,Business,2681.21,26,2024-01-29
1162,70,Business,2752.26,5,2024-05-20
1163,70,Business,1552.55,8,2024-01-01
1164,70,Business,1166.5,36,2024-04-08
1165,70,Business,2362.75,7,2024-05-06
1166,70,Business,1852.7,37,2024-06-17
1167,70,Business,2879.22,33,2024-03-25
1168,70,First,6639.15,20,2024-04-08
1169,70,First,3975.72,37,2024-01-15
1170,70,First,6423.42,15,2024-02-12
1171,70,First,7613.0,13,2024-05-06
1172,70,First,2865.67,11,2024-06-03
1173,71,Economy,706.77,14,2024-02-26
1174,71,Economy,453.44,95,2024-04-08
1175,71,Economy,595.74,28,2024-03-25
1176,71,Economy,335.21,108,2024-06-17
1177,71,Business,2317.61,19,2024-05-20
1178,71,Business,650.58,38,2024-02-12
1179,71,Business,683.54,3,2024-02-26
1180,71,Business,2257.64,15,2024-01-29
1181,71,Business,1207.16,24,2024-03-11
1182,71,Business,1342.24,23,2024-04-08
1183,71,First,3805.33,15,2024-01-15
1184,71,First,3784.54,10,2024-04-22
1185,71,First,7495.34,40,2024-02-12
1186,71,First,3903.11,26,2024-04-08
1187,71,First,6735.9,17,2024-03-25
1188,71,First,7198.67,31,2024-01-01
1189,71,First,4826.55,26,2024-05-20
1190,71,First,7558.98,21,2024-01-29
1191,72,Economy,529.44,140,2024-03-25
1192,72,Economy,621.69,116,2024-01-15
1193,72,Economy,592.74,195,2024-01-29
1194,72,Economy,155.43,164,2024-02-26
1195,72,Economy,244.94,113,2024-04-22
1196,72,Economy,657.89,34,2024-06-03
1197,72,Economy,122.09,51,2024-05-20
1198,72,Economy,547.24,80,2024-02-12
1199,72,Business,2025.64,26,2024-01-15
1200,72,Business,2502.34,20,2024-06-17
1201,72,Business,1683.58,8,2024-01-29
1202,72,Business,1225.63,37,2024-02-12
1203,72,Business,2584.24,18,2024-04-22
1204,72,Business,1076.79,26,2024-05-20
1205,72,Business,1482.24,25,2024-03-25
1206,72,First,7441.07,29,2024-05-06
1207,72,First,3189.6,10,2024-02-12
1208,72,First,2298.7,39,2024-01-01
1209,72,First,4573.42,16,2024-05-20
1210,72,First,2895.51,23,2024-04-22
1211,72,First,3020.74,36,2024-06-03
1212,73,Economy,415.91,116,2024-01-01
1213,73,Economy,682.54,126,2024-06-03
1214,73,Economy,200.59,182,2024-04-22
1215,73,Business,1516.98,27,2024-02-12
1216,73,Business,2655.21,38,2024-02-26
1217,73,Business,1117.36,18,2024-06-03
1218,73,Business,2344.1,12,2024-04-08
1219,73,First,3412.91,28,2024-01-29
1220,73,First,7443.97,23,2024-03-25
1221,73,First,5497.42,29,2024-06-17
1222,73,First,2514.43,30,2024-01-01
1223,73,First,2799.23,20,2024-02-26
1224,73,First,7846.4,25,2024-04-22
1225,74,Economy,159.95,85,2024-02-12
1226,74,Economy,753.12,120,2024-06-03
1227,74,Economy,737.59,155,2024-03-25
1228,74,Economy,758.74,153,2024-05-20
1229,74,Economy,602.5,11,2024-02-26
1230,74,Economy,123.65,129,2024-01-15
1231,74,Economy,541.37,77,2024-01-01
1232,74,Economy,784.72,171,2024-04-22
1233,74,Business,1224.7,32,2024-01-29
1234,74,Business,1782.82,21,2024-04-22
1235,74,Business,2706.95,8,2024-01-01
1236,74,Business,815.16,33,2024-05-06
1237,74,Business,1639.03,16,2024-06-17
1238,74,First,4995.26,17,2024-03-11
1239,74,First,6486.94,27,2024-01-01
1240,74,First,3697.55,16,2024-01-29
1241,75,Economy,621.07,125,2024-06-17
1242,75,Economy,639.3,38,2024-02-26
1243,75,Economy,497.86,168,2024-04-22
1244,75,Economy,552.92,112,2024-03-11
1245,75,Economy,156.19,38,2024-03-25
1246,75,Economy,157.11,46,2024-01-29
1247,75,Economy,144.39,66,2024-04-08
1248,75,Business,2988.48,31,2024-06-03
1249,75,Business,697.9,22,2024-04-08
1250,75,Business,2973.16,35,2024-03-25
1251,75,Business,1764.48,31,2024-01-15
1252,75,First,4097.63,13,2024-06-03
1253,75,First,7209.04,11,2024-01-29
1254,75,First,7009.72,32,2024-01-15
1255,76,Economy,477.69,146,2024-05-06
1256,76,Economy,242.79,19,2024-05-20
1257,76,Economy,287.39,127,2024-06-17
1258,76,Economy,580.3,84,2024-02-12
1259,76,Economy,137.65,174,2024-01-01
1260,76,Business,794.55,30,2024-01-15
1261,76,Business,1689.73,17,2024-03-25
1262,76,Business,2026.09,0,2024-03-11
1263,76,Business,1390.62,2,2024-05-06
1264,76,Business,2174.81,28,2024-06-17
1265,76,Business,1379.8,36,2024-05-20
1266,76,Business,910.37,3,2024-04-22
1267,76,Business,2523.74,18,2024-01-01
1268,76,First,2555.31,16,2024-06-17
1269,76,First,3068.06,25,2024-01-01
1270,76,First,2535.13,13,2024-01-15
1271,76,First,2977.64,25,2024-04-22
1272,76,First,3709.62,9,2024-03-25
1273,77,Economy,620.4,79,2024-02-26
1274,77,Economy,734.54,154,2024-04-08
1275,77,Economy,209.27,170,2024-03-25
1276,77,Business,1775.1,24,2024-03-11
1277,77,Business,1743.46,36,2024-04-22
1278,77,Business,2040.82,5,2024-02-12
1279,77,First,2557.68,32,2024-06-17
1280,77,First,4050.47,29,2024-03-11
1281,77,First,6058.64,9,2024-05-06
1282,77,First,7584.01,33,2024-01-29
1283,77,First,5777.36,33,2024-03-25
1284,77,First,2503.82,29,2024-04-22
1285,78,Economy,692.25,133,2024-01-15
1286,78,Economy,410.86,145,2024-04-08
1287,78,Economy,152.46,19,2024-02-26
1288,78,Economy,743.77,131,2024-01-29
1289,78,Economy,193.19,108,2024-05-06
1290,78,Economy,400.85,118,2024-05-20
1291,78,Business,639.04,29,2024-06-03
1292,78,Business,1030.93,11,2024-05-06
1293,78,Business,2622.98,2,2024-02-26
1294,78,Business,799.9,19,2024-03-11
1295,78,Business,1353.47,29,2024-05-20
1296,78,Business,2417.65,28,2024-01-15
1297,78,Business,2097.14,16,2024-03-25
1298,78,Business,1419.2,11,2024-04-22
1299,78,First,7229.69,6,2024-01-29
1300,78,First,4602.79,1,2024-01-15
1301,78,First,2035.08,7,2024-05-06
1302,78,First,2079.83,30,2024-02-26
1303,79,Economy,540.58,157,2024-06-03
1304,79,Economy,365.3,172,2024-03-25
1305,79,Economy,774.94,172,2024-05-20
1306,79,Economy,388.6,77,2024-05-06
1307,79,Economy,179.59,34,2024-04-08
1308,79,Economy,129.44,28,2024-02-26
1309,79,Business,1102.15,9,2024-06-03
1310,79,Business,2159.38,27,2024-02-12
1311,79,Business,2621.02,34,2024-01-01
1312,79,First,4843.93,1,2024-01-15
1313,79,First,2698.75,9,2024-02-26
1314,79,First,6432.69,28,2024-04-08
1315,79,First,7783.2,30,2024-01-29
1316,80,Economy,256.91,145,2024-04-08
1317,80,Economy,684.03,100,2024-05-06
1318,80,Economy,154.63,2,2024-02-12
1319,80,Business,2950.77,31,2024-05-20
1320,80,Business,2368.99,38,2024-06-03
1321,80,Business,2354.59,18,2024-03-25
1322,80,First,5080.13,39,2024-04-08
1323,80,First,7611.69,31,2024-03-25
1324,80,First,3391.43,3,2024-06-17
1325,81,Economy,727.16,106,2024-01-01
1326,81,Economy,724.62,29,2024-03-25
1327,81,Economy,456.46,165,2024-05-06
1328,81,Economy,355.8,178,2024-03-11
1329,81,Economy,416.64,41,2024-04-22
1330,81,Economy,315.85,49,2024-01-15
1331,81,Economy,439.08,112,2024-01-29
1332,81,Business,2812.17,29,2024-04-22
1333,81,Business,914.78,18,2024-02-12
1334,81,Business,2335.19,24,2024-05-06
1335,81,Business,2903.53,23,2024-03-11
1336,81,First,6002.34,8,2024-06-17
1337,81,First,3039.75,10,2024-01-29
1338,81,First,5634.49,6,2024-05-06
1339,81,First,6760.89,31,2024-02-12
1340,81,First,3821.91,13,2024-02-26
1341,81,First,5340.98,1,2024-01-15
1342,82,Economy,683.01,128,2024-02-26
1343,82,Economy,141.74,16,2024-03-11
1344,82,Economy,349.66,29,2024-05-20
1345,82,Economy,539.94,30,2024-01-29
1346,82,Economy,502.15,124,2024-05-06
1347,82,Business,2751.16,32,2024-03-11
1348,82,Business,2050.29,6,2024-06-17
1349,82,Business,2295.37,28,2024-01-01
1350,82,Business,2517.57,7,2024-04-22
1351,82,Business,2939.18,39,2024-02-26
1352,82,First,5779.56,13,2024-06-17
1353,82,First,7465.91,10,2024-01-15
1354,82,First,6370.1,28,2024-04-22
1355,82,First,6571.79,31,2024-01-01
1356,82,First,6395.31,6,2024-05-20
1357,82,First,2925.77,23,2024-06-03
1358,82,First,4007.65,8,2024-04-08
1359,83,Economy,643.07,1,2024-02-12
1360,83,Economy,286.81,121,2024-04-08
1361,83,Economy,352.1,129,2024-03-25
1362,83,Business,1465.54,15,2024-01-15
1363,83,Business,963.87,33,2024-02-26
1364,83,Business,1612.13,14,2024-03-11
1365,83,Business,931.19,27,2024-03-25
1366,83,First,2873.51,0,2024-03-25
1367,83,First,6305.75,33,2024-04-08
1368,83,First,7661.86,5,2024-04-22
1369,83,First,4029.82,25,2024-03-11
1370,83,First,7891.67,10,2024-01-01
1371,83,First,4604.43,25,2024-06-03
1372,84,Economy,733.71,14,2024-05-20
1373,84,Economy,784.86,182,2024-06-17
1374,84,Economy,663.37,133,2024-01-29
1375,84,Business,2331.72,20,2024-03-25
1376,84,Business,2782.15,0,2024-06-17
1377,84,Business,2584.81,33,2024-05-20
1378,84,Business,2064.96,9,2024-04-22
1379,84,Business,2280.71,28,2024-02-26
1380,84,First,4427.03,12,2024-02-12
1381,84,First,7285.85,5,2024-04-22
1382,84,First,2221.82,21,2024-05-06
1383,84,First,4339.96,8,2024-05-20
1384,84,First,5122.82,34,2024-04-08
1385,84,First,3703.57,5,2024-03-11
1386,84,First,5070.03,19,2024-03-25
1387,84,First,5128.02,40,2024-06-03
1388,85,Economy,295.91,198,2024-01-01
1389,85,Economy,326.68,108,2024-06-17
1390,85,Economy,791.13,28,2024-04-22
1391,85,Economy,617.75,95,2024-05-06
1392,85,Business,2415.74,7,2024-05-20
1393,85,Business,1676.97,36,2024-04-22
1394,85,Business,2368.46,29,2024-03-11
1395,85,Business,1413.55,15,2024-01-15
1396,85,Business,2532.93,37,2024-01-01
1397,85,First,3707.21,36,2024-06-03
1398,85,First,6034.6,24,2024-05-20
1399,85,First,5118.0,15,2024-06-17
1400,85,First,2631.36,33,2024-04-22
1401,85,First,5494.21,23,2024-02-12
1402,85,First,4725.86,9,2024-03-11
1403,85,First,6269.84,26,2024-01-29
1404,86,Economy,724.19,121,2024-01-15
1405,86,Economy,266.05,19,2024-01-01
1406,86,Economy,371.12,134,2024-03-25
1407,86,Business,2127.51,28,2024-05-06
1408,86,Business,2253.64,31,2024-04-22
1409,86,Business,2356.12,26,2024-06-03
1410,86,Business,2577.15,9,2024-03-25
1411,86,Business,1813.89,31,2024-02-26
1412,86,Business,2306.76,8,2024-04-08
1413,86,First,2941.04,35,2024-04-22
1414,86,First,4215.99,7,2024-06-17
1415,86,First,5609.6,26,2024-01-15
1416,86,First,2662.02,23,2024-02-12
1417,86,First,5430.59,2,2024-04-08
1418,86,First,5136.66,7,2024-06-03
1419,86,First,4228.8,23,2024-01-01
1420,86,First,3819.56,31,2024-03-11
1421,87,Economy,652.98,107,2024-06-17
1422,87,Economy,153.08,78,2024-01-29
1423,87,Economy,724.56,55,2024-06-03
1424,87,Business,1914.09,4,2024-06-03
1425,87,Business,2689.02,26,2024-04-08
1426,87,Business,1754.82,19,2024-01-01
1427,87,Business,1957.83,21,2024-01-15
1428,87,First,6570.07,28,2024-04-08
1429,87,First,2893.9,20,2024-06-03
1430,87,First,2535.89,39,2024-05-06
1431,87,First,5987.01,26,2024-01-29
1432,87,First,4323.41,25,2024-05-20
1433,87,First,4033.99,2,2024-06-17
1434,88,Economy,661.39,181,2024-04-08
1435,88,Economy,330.02,165,2024-06-03
1436,88,Economy,204.17,143,2024-02-26
1437,88,Economy,177.9,158,2024-01-15
1438,88,Economy,488.45,193,2024-01-29
1439,88,Economy,155.95,145,2024-01-01
1440,88,Economy,474.79,192,2024-05-20
1441,88,Economy,443.57,4,2024-03-11
1442,88,Business,2909.7,17,2024-05-20
1443,88,Business,2488.22,15,2024-04-22
1444,88,Business,2591.26,37,2024-01-29
1445,88,First,4948.84,1,2024-01-15
1446,88,First,4039.74,11,2024-04-22
1447,88,First,4489.62,33,2024-05-06
1448,88,First,3904.29,16,2024-03-11
1449,88,First,2546.15,6,2024-03-25
1450,88,First,5250.68,18,2024-01-01
1451,89,Economy,328.62,104,2024-01-29
1452,89,Economy,581.45,15,2024-02-26
1453,89,Economy,537.84,83,2024-01-15
1454,89,Economy,243.39,182,2024-06-17
1455,89,Business,1368.1,26,2024-02-26
1456,89,Business,2743.23,16,2024-03-25
1457,89,Business,1501.23,7,2024-01-15
1458,89,First,5516.17,31,2024-02-12
1459,89,First,5051.73,32,2024-06-17
1460,89,First,4310.29,7,2024-05-06
1461,90,Economy,164.51,7,2024-01-01
1462,90,Economy,397.1,59,2024-03-11
1463,90,Economy,741.34,4,2024-04-08
1464,90,Economy,303.03,150,2024-04-22
1465,90,Economy,579.07,63,2024-03-25
1466,90,Business,2631.07,32,2024-05-20
1467,90,Business,1088.3,9,2024-01-29
1468,90,Business,1495.93,10,2024-02-26
1469,90,Business,2476.86,34,2024-05-06
1470,90,Business,2886.27,35,2024-03-25
1471,90,Business,1684.18,0,2024-04-08
1472,90,Business,2550.34,39,2024-01-01
1473,90,First,3639.82,16,2024-05-20
1474,90,First,7036.93,24,2024-01-29
1475,90,First,7995.45,40,2024-01-01
1476,90,First,3276.52,32,2024-06-17
1477,90,First,3687.87,10,2024-04-08
1478,91,Economy,684.74,185,2024-04-22
1479,91,Economy,498.41,71,2024-05-06
1480,91,Economy,717.23,53,2024-01-15
1481,91,Economy,535.1,81,2024-02-26
1482,91,Economy,721.07,87,2024-05-20
1483,91,Economy,551.92,192,2024-03-25
1484,91,Economy,601.27,69,2024-03-11
1485,91,Economy,287.23,82,2024-01-01
1486,91,Business,2793.64,8,2024-02-12
1487,91,Business,2151.46,0,2024-04-08
1488,91,Business,2061.09,0,2024-05-06
1489,91,Business,2763.47,11,2024-03-11
1490,91,Business,1591.59,31,2024-01-01
1491,91,First,7355.43,28,2024-04-22
1492,91,First,6033.48,22,2024-01-15
1493,91,First,7832.23,24,2024-05-20
1494,91,First,6964.8,22,2024-06-03
1495,91,First,4320.51,0,2024-06-17
1496,91,First,2748.58,23,2024-01-01
1497,92,Economy,635.73,174,2024-04-08
1498,92,Economy,746.55,91,2024-01-01
1499,92,Economy,250.23,157,2024-02-12
1500,92,Economy,545.16,183,2024-06-03
1501,92,Business,1273.82,38,2024-02-12
1502,92,Business,1101.81,12,2024-04-08
1503,92,Business,2962.23,40,2024-03-11
1504,92,Business,1550.61,17,2024-01-01
1505,92,First,5528.99,4,2024-04-22
1506,92,First,2764.59,36,2024-04-08
1507,92,First,7132.87,33,2024-01-29
1508,92,First,6373.39,17,2024-06-17
1509,92,First,3151.11,1,2024-02-12
1510,92,First,7951.71,34,2024-05-20
1511,92,First,5686.74,35,2024-01-01
1512,93,Economy,694.15,104,2024-01-01
1513,93,Economy,306.34,174,2024-03-25
1514,93,Economy,472.44,126,2024-05-20
1515,93,Economy,365.8,194,2024-06-17
1516,93,Economy,149.56,184,2024-03-11
1517,93,Economy,272.69,71,2024-06-03
1518,93,Business,1403.29,36,2024-04-22
1519,93,Business,2538.41,14,2024-04-08
1520,93,Business,2947.43,27,2024-03-11
1521,93,Business,2898.66,15,2024-01-01
1522,93,Business,1072.5,21,2024-03-25
1523,93,Business,1345.93,40,2024-02-12
1524,93,First,3482.92,30,2024-01-15
1525,93,First,3430.16,21,2024-01-01
1526,93,First,6995.11,21,2024-04-08
1527,93,First,5118.05,15,2024-03-25
1528,93,First,7661.29,38,2024-06-03
1529,93,First,5717.4,6,2024-03-11
1530,93,First,5752.09,37,2024-05-06
1531,93,First,2748.96,3,2024-01-29
1532,94,Economy,652.2,15,2024-03-25
1533,94,Economy,745.0,113,2024-03-11
1534,94,Economy,157.26,156,2024-01-15
1535,94,Business,1564.04,39,2024-03-25
1536,94,Business,2404.71,14,2024-01-15
1537,94,Business,2675.0,39,2024-06-03
1538,94,Business,625.46,24,2024-01-01
1539,94,Business,1714.1,27,2024-04-22
1540,94,Business,2711.85,39,2024-05-06
1541,94,Business,843.07,1,2024-01-29
1542,94,Business,1689.78,21,2024-02-12
1543,94,First,2755.89,32,2024-02-12
1544,94,First,3537.72,26,2024-01-15
1545,94,First,4888.4,39,2024-06-03
1546,94,First,4667.75,15,2024-01-01
1547,94,First,2826.04,2,2024-05-20
1548,94,First,2362.95,19,2024-06-17
1549,94,First,5507.13,32,2024-02-26
1550,95,Economy,329.9,87,2024-06-17
1551,95,Economy,317.92,2,2024-03-11
1552,95,Economy,472.02,168,2024-02-26
1553,95,Economy,581.24,14,2024-05-06
1554,95,Economy,281.42,143,2024-04-22
1555,95,Economy,703.92,108,2024-01-29
1556,95,Economy,353.79,51,2024-01-15
1557,95,Economy,555.58,51,2024-02-12
1558,95,Business,1741.74,29,2024-03-11
1559,95,Business,2039.43,21,2024-02-12
1560,95,Business,2644.82,36,2024-05-20
1561,95,First,2629.09,2,2024-05-06
1562,95,First,4975.58,0,2024-02-26
1563,95,First,5832.6,14,2024-03-25
1564,95,First,4799.22,13,2024-03-11
1565,95,First,3434.11,21,2024-01-29
1566,96,Economy,363.36,142,2024-03-25
1567,96,Economy,198.33,74,2024-02-12
1568,96,Economy,419.48,161,2024-06-17
1569,96,Economy,518.27,195,2024-01-29
1570,96,Economy,364.74,7,2024-01-01
1571,96,Economy,255.4,72,2024-03-11
1572,96,Economy,238.42,67,2024-04-22
1573,96,Economy,608.81,86,2024-05-20
1574,96,Business,650.39,8,2024-02-12
1575,96,Business,1509.41,7,2024-01-29
1576,96,Business,1412.12,13,2024-06-17
1577,96,Business,1332.17,15,2024-01-01
1578,96,Business,1487.14,23,2024-06-03
1579,96,Business,2186.18,33,2024-02-26
1580,96,Business,2945.04,39,2024-05-06
1581,96,First,3150.09,24,2024-06-03
1582,96,First,6166.12,20,2024-01-15
1583,96,First,5597.29,40,2024-06-17
1584,96,First,3467.3,2,2024-01-29
1585,96,First,6578.49,37,2024-05-06
1586,96,First,3134.61,34,2024-02-12
1587,97,Economy,548.03,71,2024-06-17
1588,97,Economy,713.54,130,2024-01-29
1589,97,Economy,778.5,125,2024-03-11
1590,97,Economy,262.28,20,2024-02-12
1591,97,Economy,653.57,169,2024-01-01
1592,97,Business,1845.34,11,2024-01-15
1593,97,Business,1372.38,23,2024-01-29
1594,97,Business,1861.14,30,2024-04-22
1595,97,Business,2317.56,31,2024-03-25
1596,97,Business,1737.02,37,2024-05-20
1597,97,Business,1562.27,37,2024-03-11
1598,97,Business,2159.37,13,2024-02-12
1599,97,First,3311.56,27,2024-02-12
1600,97,First,7332.25,36,2024-04-08
1601,97,First,2943.26,23,2024-06-17
1602,97,First,3527.18,5,2024-03-25
1603,98,Economy,472.8,58,2024-06-17
1604,98,Economy,517.09,119,2024-01-15
1605,98,Economy,468.34,86,2024-02-26
1606,98,Economy,409.75,119,2024-04-08
1607,98,Business,659.32,28,2024-03-25
1608,98,Business,1161.1,4,2024-03-11
1609,98,Business,1461.82,5,2024-04-08
1610,98,Business,1306.84,32,2024-06-03
1611,98,Business,1830.7,5,2024-02-26
1612,98,Business,2486.1,14,2024-06-17
1613,98,First,2229.69,12,2024-01-15
1614,98,First,4002.55,21,2024-06-17
1615,98,First,3500.14,17,2024-03-11
1616,99,Economy,740.42,2,2024-06-03
1617,99,Economy,643.65,72,2024-05-06
1618,99,Economy,679.17,200,2024-01-29
1619,99,Economy,797.85,103,2024-04-22
1620,99,Business,1554.01,14,2024-06-17
1621,99,Business,2336.01,13,2024-05-20
1622,99,Business,1738.65,33,2024-01-01
1623,99,Business,2008.81,35,2024-04-08
1624,99,Business,2418.29,29,2024-04-22
1625,99,Business,1417.58,5,2024-01-29
1626,99,Business,1351.38,12,2024-03-25
1627,99,First,7117.66,1,2024-06-17
1628,99,First,4248.2,36,2024-06-03
1629,99,First,7242.5,19,2024-03-25
1630,99,First,7660.12,0,2024-02-12
1631,99,First,4998.8,22,2024-04-08
1632,99,First,4038.93,26,2024-04-22
1633,100,Economy,505.95,8,2024-05-20
1634,100,Economy,747.06,39,2024-03-25
1635,100,Economy,784.53,84,2024-04-22
1636,100,Economy,506.37,154,2024-02-26
1637,100,Economy,741.35,146,2024-03-11
1638,100,Economy,709.52,97,2024-01-01
1639,100,Business,1052.01,6,2024-03-25
1640,100,Business,1389.22,28,2024-01-15
1641,100,Business,2133.61,19,2024-04-22
1642,100,Business,823.78,6,2024-06-17
1643,100,First,2416.95,24,2024-04-22
1644,100,First,3702.91,14,2024-01-29
1645,100,First,3746.63,33,2024-01-01
1646,100,First,2419.88,3,2024-05-06
1647,100,First,4211.91,0,2024-04-08
1648,100,First,3030.95,26,2024-05-20
1649,100,First,4346.63,7,2024-01-15
1650,100,First,2774.83,26,2024-03-25
1651,101,Economy,330.63,181,2024-06-03
1652,101,Economy,572.06,40,2024-01-15
1653,101,Economy,530.52,79,2024-03-25
1654,101,Economy,519.49,128,2024-02-12
1655,101,Economy,607.4,117,2024-01-29
1656,101,Economy,307.3,1,2024-05-06
1657,101,Business,2538.16,33,2024-04-08
1658,101,Business,1389.34,36,2024-01-15
1659,101,Business,2710.17,29,2024-03-25
1660,101,Business,1710.47,2,2024-05-06
1661,101,First,6940.58,11,2024-01-15
1662,101,First,4490.32,11,2024-02-26
1663,101,First,7399.79,27,2024-05-20
1664,101,First,4746.97,11,2024-04-08
1665,101,First,6191.13,6,2024-03-11
1666,101,First,4361.31,2,2024-06-03
1667,101,First,3438.17,10,2024-02-12
1668,101,First,3642.66,40,2024-05-06
1669,102,Economy,495.92,94,2024-02-26
1670,102,Economy,172.04,26,2024-05-20
1671,102,Economy,462.99,199,2024-01-15
1672,102,Economy,341.69,115,2024-02-12
1673,102,Economy,232.09,53,2024-04-08
1674,102,Economy,464.12,118,2024-03-25
1675,102,Economy,138.17,163,2024-04-22
1676,102,Business,1552.02,0,2024-05-20
1677,102,Business,1201.45,8,2024-06-03
1678,102,Business,1385.06,29,2024-04-08
1679,102,Business,1763.42,4,2024-03-25
1680,102,Business,798.12,15,2024-03-11
1681,102,Business,2312.6,28,2024-05-06
1682,102,Business,936.61,17,2024-06-17
1683,102,Business,2619.75,10,2024-01-15
1684,102,First,3764.87,34,2024-05-06
1685,102,First,6448.68,10,2024-01-15
1686,102,First,2465.51,0,2024-01-29
1687,103,Economy,727.03,136,2024-02-26
1688,103,Economy,266.99,178,2024-01-29
1689,103,Economy,152.47,162,2024-04-08
1690,103,Economy,671.83,164,2024-03-11
1691,103,Economy,570.53,168,2024-06-03
1692,103,Economy,729.97,99,2024-02-12
1693,103,Economy,589.44,113,2024-05-06
1694,103,Economy,155.64,1,2024-01-01
1695,103,Business,2829.17,23,2024-06-17
1696,103,Business,2781.02,12,2024-03-25
1697,103,Business,819.33,26,2024-02-12
1698,103,First,6079.76,4,2024-01-01
1699,103,First,3323.41,6,2024-03-11
1700,103,First,6781.54,10,2024-02-12
1701,104,Economy,546.21,159,2024-01-29
1702,104,Economy,260.84,138,2024-01-01
1703,104,Economy,388.64,109,2024-03-25
1704,104,Economy,202.15,54,2024-04-22
1705,104,Economy,192.0,82,2024-01-15
1706,104,Economy,238.06,102,2024-03-11
1707,104,Economy,564.72,3,2024-06-17
1708,104,Economy,384.65,117,2024-02-26
1709,104,Business,1485.55,4,2024-01-15
1710,104,Business,2725.1,26,2024-05-20
1711,104,Business,1323.68,38,2024-02-26
1712,104,Business,1798.98,6,2024-05-06
1713,104,First,4331.39,8,2024-04-22
1714,104,First,3992.28,40,2024-05-06
1715,104,First,6570.3,20,2024-01-29
1716,104,First,7868.13,30,2024-02-26
1717,104,First,2405.08,1,2024-01-15
1718,104,First,5651.2,37,2024-03-11
1719,104,First,4693.47,32,2024-04-08
1720,104,First,5843.55,14,2024-03-25
1721,105,Economy,280.75,109,2024-05-06
1722,105,Economy,634.93,158,2024-06-03
1723,105,Economy,173.98,35,2024-01-01
1724,105,Economy,374.68,75,2024-02-12
1725,105,Economy,257.37,96,2024-05-20
1726,105,Economy,258.98,9,2024-01-15
1727,105,Economy,281.88,185,2024-01-29
1728,105,Business,2488.73,2,2024-04-08
1729,105,Business,1850.09,26,2024-06-03
1730,105,Business,2155.31,18,2024-03-11
1731,105,Business,2401.32,14,2024-01-29
1732,105,Business,2632.64,21,2024-02-26
1733,105,Business,1422.55,13,2024-05-20
1734,105,Business,1894.35,15,2024-06-17
1735,105,First,5778.7,4,2024-06-03
1736,105,First,7219.2,4,2024-06-17
1737,105,First,7721.97,3,2024-02-12
1738,105,First,5806.2,9,2024-05-06
1739,105,First,7629.65,8,2024-03-25
1740,105,First,2550.56,37,2024-03-11
1741,105,First,5293.08,13,2024-01-15
1742,105,First,3417.86,5,2024-05-20
1743,106,Economy,408.33,155,2024-06-03
1744,106,Economy,289.3,73,2024-04-08
1745,106,Economy,511.97,162,2024-02-26
1746,106,Economy,256.95,200,2024-01-29
1747,106,Economy,447.2,92,2024-02-12
1748,106,Economy,390.81,42,2024-04-22
1749,106,Business,2567.05,30,2024-04-08
1750,106,Business,647.55,24,2024-03-25
1751,106,Business,1625.75,5,2024-04-22
1752,106,Business,2421.26,19,2024-05-06
1753,106,Business,2028.44,9,2024-06-03
1754,106,Business,1926.85,11,2024-01-29
1755,106,First,4250.88,38,2024-03-25
1756,106,First,4885.07,21,2024-04-08
1757,106,First,2819.94,30,2024-02-26
1758,106,First,3174.29,12,2024-06-03
1759,106,First,2025.08,32,2024-05-20
1760,107,Economy,381.15,78,2024-06-03
1761,107,Economy,555.91,150,2024-03-11
1762,107,Economy,168.44,9,2024-04-08
1763,107,Economy,794.88,31,2024-03-25
1764,107,Economy,381.68,144,2024-05-06
1765,107,Economy,230.41,195,2024-04-22
1766,107,Economy,416.68,65,2024-06-17
1767,107,Economy,644.46,192,2024-01-29
1768,107,Business,1192.3,30,2024-03-11
1769,107,Business,682.82,23,2024-04-22
1770,107,Business,2114.29,1,2024-04-08
1771,107,Business,2273.93,9,2024-06-17
1772,107,Business,1227.19,29,2024-01-01
1773,107,Business,2866.24,9,2024-03-25
1774,107,Business,1210.29,38,2024-02-12
1775,107,Business,1988.02,10,2024-05-06
1776,107,First,6269.66,24,2024-01-15
1777,107,First,4386.0,37,2024-06-17
1778,107,First,7844.87,5,2024-05-20
1779,108,Economy,778.02,168,2024-02-12
1780,108,Economy,722.92,150,2024-03-25
1781,108,Economy,329.43,105,2024-01-29
1782,108,Economy,631.67,186,2024-06-03
1783,108,Economy,711.2,27,2024-02-26
1784,108,Economy,552.6,198,2024-04-22
1785,108,Economy,662.32,36,2024-04-08
1786,108,Business,2968.86,31,2024-06-03
1787,108,Business,603.79,4,2024-02-12
1788,108,Business,2456.98,26,2024-03-25
1789,108,Business,1859.91,18,2024-02-26
1790,108,Business,2359.3,10,2024-01-01
1791,108,First,4918.83,32,2024-03-11
1792,108,First,7690.9,28,2024-01-29
1793,108,First,5402.55,13,2024-06-03
1794,108,First,3113.83,3,2024-02-12
1795,109,Economy,232.97,75,2024-01-29
1796,109,Economy,178.28,31,2024-02-12
1797,109,Economy,308.2,87,2024-02-26
1798,109,Economy,140.17,60,2024-03-25
1799,109,Economy,444.97,172,2024-04-08
1800,109,Economy,637.16,2,2024-01-15
1801,109,Economy,161.52,192,2024-05-06
1802,109,Economy,769.55,170,2024-03-11
1803,109,Business,2047.16,17,2024-06-17
1804,109,Business,2837.11,30,2024-01-01
1805,109,Business,2416.59,38,2024-01-15
1806,109,Business,1630.69,23,2024-02-12
1807,109,Business,2236.46,21,2024-04-22
1808,109,Business,2998.67,15,2024-06-03
1809,109,Business,2858.38,25,2024-05-06
1810,109,First,4741.52,25,2024-05-06
1811,109,First,6351.32,8,2024-01-01
1812,109,First,2154.08,7,2024-03-11
1813,109,First,7214.03,17,2024-05-20
1814,109,First,7706.37,15,2024-01-15
1815,109,First,4210.58,39,2024-06-03
1816,110,Economy,131.31,92,2024-05-20
1817,110,Economy,713.94,188,2024-04-08
1818,110,Economy,341.36,113,2024-04-22
1819,110,Economy,278.82,124,2024-03-25
1820,110,Economy,392.11,156,2024-02-12
1821,110,Economy,659.89,89,2024-01-01
1822,110,Economy,410.98,121,2024-03-11
1823,110,Economy,791.07,179,2024-01-29
1824,110,Business,2057.22,9,2024-06-03
1825,110,Business,2687.66,36,2024-03-25
1826,110,Business,2483.67,32,2024-02-26
1827,110,First,3808.09,35,2024-01-29
1828,110,First,7923.32,29,2024-04-08
1829,110,First,3008.32,28,2024-01-15
1830,111,Economy,283.81,54,2024-04-08
1831,111,Economy,235.89,168,2024-05-20
1832,111,Economy,595.94,27,2024-04-22
1833,111,Business,1128.9,16,2024-06-03
1834,111,Business,2198.24,7,2024-01-01
1835,111,Business,2197.14,34,2024-01-29
1836,111,Business,2120.52,31,2024-03-11
1837,111,Business,817.06,21,2024-03-25
1838,111,Business,2692.66,36,2024-02-26
1839,111,First,3400.2,16,2024-01-15
1840,111,First,2694.14,5,2024-05-20
1841,111,First,2668.3,21,2024-03-11
1842,111,First,6443.49,12,2024-03-25
1843,111,First,6467.71,7,2024-05-06
1844,111,First,5437.03,8,2024-04-22
1845,111,First,7119.98,24,2024-04-08
1846,112,Economy,383.94,108,2024-06-03
1847,112,Economy,337.36,93,2024-01-01
1848,112,Economy,662.31,32,2024-02-26
1849,112,Economy,473.43,154,2024-06-17
1850,112,Economy,521.73,27,2024-04-22
1851,112,Economy,388.81,137,2024-02-12
1852,112,Economy,699.61,80,2024-03-25
1853,112,Business,953.82,18,2024-02-26
1854,112,Business,950.09,2,2024-02-12
1855,112,Business,2037.31,19,2024-04-08
1856,112,Business,1805.71,7,2024-05-20
1857,112,First,3748.97,24,2024-06-03
1858,112,First,2352.88,21,2024-05-06
1859,112,First,2916.21,13,2024-04-08
1860,112,First,7088.42,14,2024-02-12
1861,112,First,6202.44,3,2024-05-20
1862,113,Economy,789.38,168,2024-04-08
1863,113,Economy,740.42,40,2024-06-03
1864,113,Economy,793.92,140,2024-03-25
1865,113,Economy,386.75,108,2024-02-26
1866,113,Business,2815.35,35,2024-04-08
1867,113,Business,1545.05,8,2024-03-11
1868,113,Business,1376.2,37,2024-03-25
1869,113,Business,2678.05,3,2024-05-20
1870,113,Business,2639.54,19,2024-01-15
1871,113,Business,1698.08,10,2024-02-26
1872,113,Business,1985.18,28,2024-01-29
1873,113,Business,2270.29,18,2024-06-03
1874,113,First,4173.35,36,2024-02-12
1875,113,First,2611.69,9,2024-06-17
1876,113,First,4259.33,27,2024-06-03
1877,113,First,6076.67,10,2024-01-01
1878,114,Economy,242.15,13,2024-01-15
1879,114,Economy,199.8,131,2024-03-11
1880,114,Economy,562.07,151,2024-04-08
1881,114,Business,1178.05,31,2024-01-29
1882,114,Business,1326.46,38,2024-05-20
1883,114,Business,2890.93,24,2024-03-25
1884,114,Business,2462.04,5,2024-02-12
1885,114,Business,2466.55,24,2024-01-01
1886,114,Business,1260.52,28,2024-01-15
1887,114,First,4935.31,32,2024-01-01
1888,114,First,3349.61,37,2024-01-15
1889,114,First,5437.89,36,2024-06-03
1890,114,First,4876.99,6,2024-05-20
1891,114,First,6766.06,11,2024-05-06
1892,115,Economy,341.16,182,2024-04-08
1893,115,Economy,738.04,137,2024-05-20
1894,115,Economy,245.73,179,2024-03-25
1895,115,Economy,133.43,142,2024-02-26
1896,115,Economy,675.87,200,2024-01-29
1897,115,Economy,672.29,125,2024-01-15
1898,115,Business,2313.0,7,2024-04-22
1899,115,Business,2408.42,13,2024-05-06
1900,115,Business,2917.63,7,2024-06-17
1901,115,First,5328.33,20,2024-05-06
1902,115,First,2738.27,8,2024-06-03
1903,115,First,5450.49,10,2024-01-29
1904,115,First,2526.93,16,2024-01-01
1905,116,Economy,323.03,139,2024-01-15
1906,116,Economy,236.69,168,2024-06-17
1907,116,Economy,120.06,76,2024-04-22
1908,116,Business,1881.85,8,2024-04-22
1909,116,Business,1984.97,20,2024-02-26
1910,116,Business,1854.4,22,2024-05-20
1911,116,First,3128.44,19,2024-04-22
1912,116,First,7136.51,13,2024-06-17
1913,116,First,7744.54,38,2024-02-12
1914,116,First,5312.42,37,2024-01-15
1915,116,First,4154.39,8,2024-01-01
1916,116,First,6374.63,27,2024-05-20
1917,116,First,2446.16,16,2024-06-03
1918,117,Economy,176.61,65,2024-03-25
1919,117,Economy,580.04,177,2024-05-20
1920,117,Economy,217.41,52,2024-01-29
1921,117,Economy,167.98,187,2024-06-17
1922,117,Economy,303.19,162,2024-04-08
1923,117,Business,1359.26,27,2024-05-20
1924,117,Business,1509.46,38,2024-02-12
1925,117,Business,1193.99,17,2024-03-11
1926,117,Business,899.09,7,2024-05-06
1927,117,Business,2241.55,26,2024-04-22
1928,117,Business,758.3,40,2024-01-29
1929,117,Business,813.54,21,2024-06-03
1930,117,Business,2467.37,9,2024-01-15
1931,117,First,7876.91,14,2024-02-26
1932,117,First,4271.79,6,2024-01-01
1933,117,First,6696.4,7,2024-01-15
1934,117,First,3054.39,19,2024-03-25
1935,118,Economy,304.32,25,2024-06-17
1936,118,Economy,729.67,43,2024-04-08
1937,118,Economy,336.24,192,2024-01-15
1938,118,Economy,384.9,88,2024-04-22
1939,118,Economy,668.14,173,2024-03-11
1940,118,Economy,778.24,136,2024-02-26
1941,118,Economy,495.14,103,2024-06-03
1942,118,Business,2178.15,9,2024-05-06
1943,118,Business,1509.12,17,2024-01-29
1944,118,Business,726.88,40,2024-02-26
1945,118,Business,2938.8,15,2024-01-01
1946,118,Business,2227.72,26,2024-04-22
1947,118,Business,2296.29,11,2024-06-03
1948,118,First,5123.57,14,2024-03-11
1949,118,First,3831.12,5,2024-04-08
1950,118,First,7684.73,26,2024-04-22
1951,118,First,6623.47,5,2024-02-26
1952,118,First,5808.06,4,2024-05-06
1953,118,First,6379.72,5,2024-03-25
1954,119,Economy,496.83,126,2024-05-06
1955,119,Economy,669.68,2,2024-01-01
1956,119,Economy,774.27,108,2024-01-15
1957,119,Economy,580.38,187,2024-02-26
1958,119,Business,2274.92,25,2024-04-08
1959,119,Business,633.36,12,2024-06-17
1960,119,Business,2786.13,0,2024-04-22
1961,119,Business,2313.98,34,2024-05-20
1962,119,First,7581.11,33,2024-03-11
1963,119,First,7422.79,11,2024-02-12
1964,119,First,2450.73,8,2024-05-20
1965,119,First,5082.11,3,2024-04-22
1966,119,First,4536.33,24,2024-01-01
1967,119,First,3022.9,7,2024-04-08
1968,119,First,4027.75,15,2024-01-15
1969,119,First,6990.36,7,2024-06-17
1970,120,Economy,121.52,161,2024-02-26
1971,120,Economy,506.81,55,2024-04-08
1972,120,Economy,747.68,164,2024-06-17
1973,120,Economy,470.56,9,2024-05-20
1974,120,Economy,756.08,158,2024-02-12
1975,120,Business,1316.04,6,2024-01-01
1976,120,Business,612.37,11,2024-03-11
1977,120,Business,1564.96,0,2024-06-17
1978,120,Business,843.21,31,2024-05-06
1979,120,Business,1074.11,33,2024-04-08
1980,120,Business,1834.36,9,2024-06-03
1981,120,First,4824.19,23,2024-01-15
1982,120,First,3795.71,27,2024-04-08
1983,120,First,7353.16,34,2024-01-01
1984,120,First,6869.26,6,2024-01-29
1985,120,First,7936.22,28,2024-02-26
1986,120,First,2971.01,22,2024-02-12
1987,121,Economy,210.9,107,2024-03-25
1988,121,Economy,625.87,8,2024-01-01
1989,121,Economy,229.01,50,2024-03-11
1990,121,Economy,764.9,170,2024-02-12
1991,121,Economy,788.39,30,2024-01-15
1992,121,Economy,406.34,140,2024-05-06
1993,121,Economy,456.99,174,2024-01-29
1994,121,Economy,605.74,83,2024-06-03
1995,121,Business,2502.51,8,2024-04-22
1996,121,Business,973.3,32,2024-06-03
1997,121,Business,632.76,15,2024-03-25
1998,121,Business,724.9,21,2024-01-29
1999,121,Business,1631.2,38,2024-01-15
2000,121,Business,2369.84,27,2024-06-17
2001,121,First,5705.68,32,2024-02-26
2002,121,First,3121.16,17,2024-06-17
2003,121,First,6600.37,16,2024-04-08
2004,121,First,7965.54,15,2024-01-15
2005,121,First,5997.98,27,2024-03-25
2006,121,First,3190.47,6,2024-02-12
2007,122,Economy,209.96,9,2024-06-03
2008,122,Economy,306.23,49,2024-04-22
2009,122,Economy,751.79,109,2024-05-06
2010,122,Economy,132.01,51,2024-01-29
2011,122,Economy,181.84,13,2024-02-12
2012,122,Economy,378.64,134,2024-05-20
2013,122,Economy,328.38,162,2024-01-15
2014,122,Economy,786.48,56,2024-01-01
2015,122,Business,2145.3,19,2024-03-25
2016,122,Business,864.13,23,2024-04-08
2017,122,Business,1273.33,22,2024-01-01
2018,122,Business,2307.81,15,2024-04-22
2019,122,Business,1367.62,3,2024-06-17
2020,122,First,3271.87,30,2024-01-01
2021,122,First,3680.96,38,2024-06-17
2022,122,First,2604.57,11,2024-06-03
2023,122,First,3513.58,31,2024-03-11
2024,123,Economy,584.41,197,2024-03-11
2025,123,Economy,706.14,84,2024-02-26
2026,123,Economy,365.19,92,2024-01-15
2027,123,Economy,625.19,150,2024-05-20
2028,123,Economy,479.63,95,2024-01-01
2029,123,Business,1521.72,6,2024-05-20
2030,123,Business,913.16,38,2024-02-26
2031,123,Business,888.85,37,2024-02-12
2032,123,Business,2923.99,12,2024-05-06
2033,123,First,7650.91,39,2024-06-03
2034,123,First,4057.39,30,2024-04-08
2035,123,First,7937.87,12,2024-01-15
2036,123,First,5201.35,9,2024-05-20
2037,124,Economy,494.34,64,2024-01-29
2038,124,Economy,726.28,194,2024-02-12
2039,124,Economy,700.34,143,2024-03-25
2040,124,Business,762.5,26,2024-03-11
2041,124,Business,1857.03,32,2024-04-08
2042,124,Business,2498.12,10,2024-05-20
2043,124,Business,2037.97,8,2024-01-15
2044,124,Business,1295.18,36,2024-03-25
2045,124,First,6444.29,25,2024-06-17
2046,124,First,4970.16,34,2024-06-03
2047,124,First,7221.53,4,2024-02-12
2048,125,Economy,649.97,102,2024-04-08
2049,125,Economy,532.91,52,2024-04-22
2050,125,Economy,245.17,40,2024-03-25
2051,125,Economy,508.89,151,2024-06-03
2052,125,Business,1311.27,17,2024-01-01
2053,125,Business,1925.16,10,2024-04-22
2054,125,Business,1137.43,34,2024-04-08
2055,125,Business,1171.72,2,2024-06-03
2056,125,Business,2135.08,17,2024-05-06
2057,125,Business,2825.4,17,2024-02-26
2058,125,Business,2696.12,3,2024-01-29
2059,125,Business,2141.79,15,2024-01-15
2060,125,First,5796.1,23,2024-04-22
2061,125,First,3947.37,35,2024-01-15
2062,125,First,3584.23,8,2024-01-01
2063,125,First,4450.06,39,2024-03-11
2064,126,Economy,269.11,71,2024-03-11
2065,126,Economy,240.18,4,2024-01-01
2066,126,Economy,485.42,199,2024-05-20
2067,126,Economy,758.53,149,2024-06-03
2068,126,Economy,192.38,190,2024-06-17
2069,126,Business,1129.53,17,2024-03-25
2070,126,Business,1089.4,40,2024-05-20
2071,126,Business,2538.56,25,2024-02-26
2072,126,Business,973.54,14,2024-05-06
2073,126,Business,2351.55,27,2024-04-22
2074,126,Business,1484.74,30,2024-02-12
2075,126,Business,824.86,11,2024-06-17
2076,126,Business,1702.54,11,2024-04-08
2077,126,First,2126.28,10,2024-05-06
2078,126,First,7311.52,25,2024-04-08
2079,126,First,6124.2,12,2024-01-29
2080,126,First,2416.72,4,2024-02-26
2081,127,Economy,614.2,3,2024-02-12
2082,127,Economy,530.24,96,2024-04-08
2083,127,Economy,381.11,28,2024-05-20
2084,127,Economy,682.06,195,2024-03-25
2085,127,Economy,684.75,11,2024-01-15
2086,127,Economy,209.88,197,2024-01-29
2087,127,Business,2039.13,0,2024-02-26
2088,127,Business,2898.28,6,2024-01-29
2089,127,Business,1901.69,21,2024-05-20
2090,127,First,4873.45,15,2024-01-15
2091,127,First,2335.25,17,2024-02-12
2092,127,First,5764.92,7,2024-01-29
2093,127,First,2127.25,2,2024-04-08
2094,127,First,2616.89,18,2024-05-06
2095,127,First,2615.4,26,2024-05-20
2096,127,First,2851.01,14,2024-04-22
2097,127,First,2144.01,27,2024-03-25
2098,128,Economy,587.0,183,2024-01-29
2099,128,Economy,679.49,28,2024-03-11
2100,128,Economy,454.44,28,2024-05-20
2101,128,Economy,272.68,72,2024-02-26
2102,128,Economy,362.97,157,2024-02-12
2103,128,Economy,346.93,92,2024-03-25
2104,128,Business,1027.36,33,2024-01-01
2105,128,Business,1403.63,11,2024-05-06
2106,128,Business,2230.64,9,2024-01-29
2107,128,First,5970.39,16,2024-05-20
2108,128,First,6864.32,4,2024-02-26
2109,128,First,6733.14,9,2024-05-06
2110,128,First,6666.7,9,2024-06-03
2111,128,First,3921.54,24,2024-03-11
2112,128,First,4680.17,30,2024-01-15
2113,128,First,6887.9,7,2024-01-29
2114,128,First,5467.06,17,2024-02-12
2115,129,Economy,641.92,90,2024-01-15
2116,129,Economy,337.13,108,2024-03-11
2117,129,Economy,447.28,105,2024-01-29
2118,129,Economy,529.19,162,2024-05-20
2119,129,Business,1918.41,34,2024-01-29
2120,129,Business,1881.05,34,2024-05-20
2121,129,Business,1886.91,14,2024-02-12
2122,129,Business,1523.11,37,2024-03-25
2123,129,Business,2315.81,33,2024-05-06
2124,129,First,3219.68,1,2024-06-17
2125,129,First,4174.39,30,2024-06-03
2126,129,First,7745.69,7,2024-02-12
2127,129,First,2357.46,22,2024-01-15
2128,129,First,4165.15,8,2024-05-20
2129,129,First,3768.18,9,2024-03-11
2130,129,First,7011.51,35,2024-01-01
2131,130,Economy,774.2,180,2024-02-12
2132,130,Economy,217.29,187,2024-06-17
2133,130,Economy,137.92,108,2024-06-03
2134,130,Economy,372.75,179,2024-01-01
2135,130,Economy,192.09,148,2024-01-29
2136,130,Economy,170.16,152,2024-01-15
2137,130,Business,789.58,4,2024-01-01
2138,130,Business,629.95,26,2024-01-29
2139,130,Business,959.32,11,2024-03-11
2140,130,Business,1727.44,8,2024-06-03
2141,130,First,6171.48,18,2024-04-22
2142,130,First,2667.6,3,2024-06-03
2143,130,First,7286.94,2,2024-02-26
2144,130,First,5625.04,11,2024-04-08
2145,130,First,5019.77,0,2024-03-25
2146,130,First,4378.34,27,2024-03-11
2147,130,First,6079.42,29,2024-02-12
2148,130,First,5324.94,16,2024-05-06
2149,131,Economy,474.62,32,2024-04-22
2150,131,Economy,625.33,102,2024-02-26
2151,131,Economy,540.95,56,2024-02-12
2152,131,Economy,386.76,190,2024-03-25
2153,131,Economy,783.67,154,2024-01-29
2154,131,Economy,692.36,177,2024-06-03
2155,131,Economy,438.54,80,2024-01-01
2156,131,Business,1067.35,6,2024-05-20
2157,131,Business,850.56,23,2024-03-25
2158,131,Business,2047.66,21,2024-06-03
2159,131,Business,667.32,18,2024-01-29
2160,131,Business,990.62,6,2024-01-01
2161,131,Business,756.77,38,2024-03-11
2162,131,Business,626.34,19,2024-04-08
2163,131,Business,1050.59,12,2024-02-12
2164,131,First,3887.48,19,2024-01-01
2165,131,First,2050.87,22,2024-02-12
2166,131,First,6510.08,25,2024-02-26
2167,131,First,5001.3,20,2024-01-15
2168,131,First,6511.05,22,2024-06-17
2169,131,First,7843.1,6,2024-04-08
2170,131,First,3987.91,32,2024-04-22
2171,131,First,2606.02,9,2024-03-25
2172,132,Economy,518.72,9,2024-05-06
2173,132,Economy,317.28,38,2024-03-25
2174,132,Economy,584.01,20,2024-04-08
2175,132,Business,2981.47,38,2024-01-15
2176,132,Business,2163.35,21,2024-06-03
2177,132,Business,1673.95,8,2024-02-12
2178,132,Business,1413.65,23,2024-05-20
2179,132,Business,2096.33,27,2024-01-29
2180,132,Business,696.03,24,2024-04-22
2181,132,Business,1173.87,39,2024-02-26
2182,132,Business,2056.5,9,2024-03-25
2183,132,First,7205.2,5,2024-05-20
2184,132,First,4993.47,29,2024-04-08
2185,132,First,3882.31,18,2024-01-15
2186,132,First,2968.83,17,2024-01-01
2187,132,First,5459.07,22,2024-01-29
2188,132,First,2535.38,11,2024-02-26
2189,132,First,6263.93,29,2024-06-03
2190,133,Economy,780.74,124,2024-04-08
2191,133,Economy,146.92,73,2024-02-26
2192,133,Economy,392.64,158,2024-06-17
2193,133,Economy,743.66,33,2024-01-29
2194,133,Economy,419.76,131,2024-01-15
2195,133,Business,2705.78,2,2024-03-11
2196,133,Business,2089.47,3,2024-06-17
2197,133,Business,2378.5,15,2024-01-15
2198,133,Business,2279.39,35,2024-03-25
2199,133,Business,619.06,6,2024-04-22
2200,133,Business,1297.59,10,2024-04-08
2201,133,Business,1968.32,4,2024-01-29
2202,133,First,4093.63,29,2024-03-25
2203,133,First,5854.91,29,2024-04-08
2204,133,First,2654.71,11,2024-05-20
2205,133,First,6390.67,25,2024-01-15
2206,134,Economy,797.58,124,2024-02-12
2207,134,Economy,264.59,189,2024-03-25
2208,134,Economy,443.83,71,2024-03-11
2209,134,Economy,429.11,139,2024-01-15
2210,134,Economy,225.9,120,2024-05-20
2211,134,Economy,218.95,54,2024-04-22
2212,134,Business,2847.5,23,2024-05-06
2213,134,Business,2494.94,30,2024-01-01
2214,134,Business,1112.21,13,2024-06-17
2215,134,Business,2683.25,27,2024-03-25
2216,134,Business,1247.64,40,2024-06-03
2217,134,First,4430.41,19,2024-01-15
2218,134,First,7242.66,28,2024-01-29
2219,134,First,7227.73,33,2024-06-17
2220,134,First,3284.63,16,2024-02-26
2221,135,Economy,775.09,76,2024-01-01
2222,135,Economy,231.88,89,2024-01-15
2223,135,Economy,760.52,123,2024-03-25
2224,135,Economy,443.34,176,2024-03-11
2225,135,Business,1533.93,0,2024-06-03
2226,135,Business,1946.18,38,2024-03-25
2227,135,Business,1076.54,37,2024-03-11
2228,135,Business,2079.63,20,2024-05-06
2229,135,First,7185.81,7,2024-06-03
2230,135,First,6752.1,26,2024-06-17
2231,135,First,3576.82,0,2024-03-11
2232,135,First,7929.43,8,2024-01-01
2233,135,First,5805.76,40,2024-01-29
2234,135,First,7816.75,6,2024-04-08
2235,135,First,2218.92,12,2024-01-15
2236,135,First,4521.06,34,2024-02-12
2237,136,Economy,262.64,48,2024-05-06
2238,136,Economy,780.79,147,2024-03-25
2239,136,Economy,769.47,94,2024-02-12
2240,136,Economy,673.37,4,2024-03-11
2241,136,Business,1593.73,22,2024-02-26
2242,136,Business,1445.31,34,2024-04-22
2243,136,Business,1622.04,21,2024-01-15
2244,136,Business,872.11,11,2024-04-08
2245,136,Business,1701.18,23,2024-05-06
2246,136,First,4615.26,18,2024-04-22
2247,136,First,7070.55,27,2024-05-06
2248,136,First,5804.64,39,2024-01-29
2249,136,First,7627.41,6,2024-06-17
2250,137,Economy,561.74,157,2024-06-17
2251,137,Economy,754.1,26,2024-01-15
2252,137,Economy,457.56,192,2024-06-03
2253,137,Business,1295.77,26,2024-04-22
2254,137,Business,1108.49,29,2024-01-15
2255,137,Business,1923.81,7,2024-05-20
2256,137,Business,1069.34,30,2024-04-08
2257,137,Business,2881.32,22,2024-06-17
2258,137,Business,2922.28,29,2024-01-01
2259,137,Business,1591.04,25,2024-03-11
2260,137,First,3701.63,16,2024-03-11
2261,137,First,3844.38,26,2024-02-12
2262,137,First,6039.8,0,2024-04-22
2263,138,Economy,347.86,146,2024-01-01
2264,138,Economy,795.12,61,2024-06-17
2265,138,Economy,497.9,100,2024-06-03
2266,138,Economy,251.01,164,2024-01-29
2267,138,Economy,387.46,13,2024-03-11
2268,138,Economy,664.91,147,2024-04-22
2269,138,Business,1841.46,27,2024-01-29
2270,138,Business,1154.33,8,2024-05-20
2271,138,Business,1810.22,40,2024-03-25
2272,138,Business,1984.64,25,2024-06-17
2273,138,Business,2623.27,40,2024-06-03
2274,138,Business,2800.0,35,2024-03-11
2275,138,First,2153.84,0,2024-03-11
2276,138,First,5773.36,37,2024-02-12
2277,138,First,2918.29,39,2024-01-15
2278,138,First,6245.46,5,2024-05-20
2279,139,Economy,563.72,56,2024-03-25
2280,139,Economy,321.91,137,2024-01-01
2281,139,Economy,691.51,185,2024-01-29
2282,139,Economy,650.42,96,2024-04-08
2283,139,Economy,643.87,168,2024-03-11
2284,139,Economy,155.19,21,2024-05-20
2285,139,Economy,755.78,160,2024-01-15
2286,139,Business,866.24,38,2024-05-20
2287,139,Business,894.44,9,2024-05-06
2288,139,Business,1277.91,11,2024-01-15
2289,139,First,7476.31,13,2024-01-15
2290,139,First,4344.8,31,2024-04-08
2291,139,First,6772.65,26,2024-03-11
2292,140,Economy,263.0,107,2024-04-08
2293,140,Economy,375.17,80,2024-05-20
2294,140,Economy,550.82,115,2024-01-15
2295,140,Business,2183.2,40,2024-01-29
2296,140,Business,2055.97,2,2024-02-26
2297,140,Business,881.3,21,2024-01-01
2298,140,Business,2984.97,30,2024-06-17
2299,140,First,3157.07,1,2024-05-06
2300,140,First,5215.73,33,2024-04-22
2301,140,First,5070.47,9,2024-01-01
2302,140,First,3297.84,23,2024-01-29
2303,140,First,2688.73,13,2024-06-03
2304,140,First,2176.99,8,2024-02-26
2305,140,First,3318.57,8,2024-05-20
2306,141,Economy,601.5,166,2024-02-26
2307,141,Economy,320.14,190,2024-04-08
2308,141,Economy,670.13,111,2024-02-12
2309,141,Economy,468.61,102,2024-01-15
2310,141,Economy,747.2,64,2024-03-11
2311,141,Business,846.95,37,2024-02-12
2312,141,Business,1347.8,13,2024-05-20
2313,141,Business,2889.03,31,2024-02-26
2314,141,Business,1640.33,28,2024-03-25
2315,141,First,4575.88,36,2024-05-06
2316,141,First,4117.49,40,2024-06-03
2317,141,First,6916.05,28,2024-02-26
2318,141,First,3003.49,2,2024-03-11
2319,141,First,7748.58,16,2024-01-15
2320,141,First,5521.22,18,2024-03-25
2321,142,Economy,670.15,109,2024-05-20
2322,142,Economy,657.81,91,2024-04-22
2323,142,Economy,286.82,55,2024-03-11
2324,142,Economy,566.73,95,2024-03-25
2325,142,Economy,218.63,80,2024-01-01
2326,142,Economy,203.17,81,2024-01-15
2327,142,Economy,588.04,183,2024-04-08
2328,142,Business,1947.94,24,2024-02-12
2329,142,Business,1280.67,13,2024-04-08
2330,142,Business,1865.43,6,2024-05-06
2331,142,Business,1946.3,38,2024-03-11
2332,142,Business,2871.05,4,2024-06-17
2333,142,First,3182.74,31,2024-05-20
2334,142,First,4991.91,17,2024-03-25
2335,142,First,4527.42,7,2024-06-17
2336,142,First,4716.71,38,2024-06-03
2337,142,First,3961.25,24,2024-03-11
2338,142,First,3418.53,1,2024-04-22
2339,142,First,3710.22,36,2024-01-15
2340,143,Economy,692.32,103,2024-04-08
2341,143,Economy,145.17,136,2024-02-26
2342,143,Economy,744.26,10,2024-01-29
2343,143,Business,2591.64,26,2024-05-20
2344,143,Business,2335.81,17,2024-01-01
2345,143,Business,1361.26,22,2024-01-15
2346,143,Business,1560.83,35,2024-04-08
2347,143,Business,2459.07,31,2024-06-17
2348,143,First,4243.44,39,2024-01-01
2349,143,First,2616.46,14,2024-03-25
2350,143,First,2287.01,0,2024-02-26
2351,143,First,2832.41,20,2024-04-08
2352,143,First,7168.33,27,2024-05-06
2353,143,First,3358.05,5,2024-01-15
2354,143,First,3146.96,23,2024-06-03
2355,144,Economy,764.06,19,2024-01-01
2356,144,Economy,299.33,176,2024-06-03
2357,144,Economy,536.67,97,2024-06-17
2358,144,Economy,303.54,43,2024-02-26
2359,144,Economy,748.9,149,2024-05-20
2360,144,Economy,433.27,32,2024-01-15
2361,144,Economy,337.15,37,2024-04-22
2362,144,Business,1747.02,31,2024-03-25
2363,144,Business,2943.24,20,2024-05-20
2364,144,Business,2454.35,30,2024-04-08
2365,144,Business,1141.99,16,2024-01-15
2366,144,Business,2438.88,5,2024-04-22
2367,144,Business,1447.22,15,2024-02-12
2368,144,Business,2182.75,13,2024-02-26
2369,144,First,4808.9,24,2024-01-15
2370,144,First,3127.5,6,2024-06-17
2371,144,First,4042.7,37,2024-04-08
2372,144,First,6569.62,32,2024-01-01
2373,144,First,7150.75,19,2024-02-12
2374,144,First,6251.07,9,2024-05-06
2375,144,First,7086.84,6,2024-03-11
2376,144,First,7484.75,14,2024-06-03
2377,145,Economy,650.41,48,2024-03-25
2378,145,Economy,166.67,108,2024-04-08
2379,145,Economy,231.65,78,2024-05-06
2380,145,Economy,767.02,147,2024-04-22
2381,145,Economy,560.9,37,2024-02-12
2382,145,Business,1048.87,1,2024-01-15
2383,145,Business,1742.98,33,2024-06-03
2384,145,Business,1686.34,16,2024-06-17
2385,145,Business,883.98,35,2024-02-12
2386,145,Business,801.76,27,2024-01-01
2387,145,Business,1108.96,25,2024-04-08
2388,145,First,2586.88,24,2024-03-25
2389,145,First,6392.01,27,2024-04-22
2390,145,First,3163.59,12,2024-03-11
2391,145,First,4416.15,38,2024-01-01
2392,145,First,3655.55,38,2024-04-08
2393,145,First,4961.7,27,2024-02-26
2394,145,First,2655.11,3,2024-01-29
2395,146,Economy,282.36,136,2024-02-12
2396,146,Economy,188.7,57,2024-01-15
2397,146,Economy,720.17,179,2024-06-17
2398,146,Economy,606.76,100,2024-06-03
2399,146,Economy,387.16,56,2024-01-01
2400,146,Economy,619.07,177,2024-04-22
2401,146,Economy,302.42,52,2024-02-26
2402,146,Economy,236.3,52,2024-01-29
2403,146,Business,826.18,32,2024-05-20
2404,146,Business,2778.68,39,2024-02-26
2405,146,Business,1744.22,19,2024-05-06
2406,146,Business,2646.15,15,2024-06-03
2407,146,Business,1008.56,4,2024-01-01
2408,146,First,7773.46,30,2024-01-29
2409,146,First,4567.54,1,2024-03-11
2410,146,First,3065.09,16,2024-04-08
2411,146,First,7287.55,10,2024-06-17
2412,147,Economy,441.35,11,2024-06-17
2413,147,Economy,676.87,145,2024-01-01
2414,147,Economy,582.43,74,2024-05-06
2415,147,Economy,688.04,134,2024-03-11
2416,147,Economy,462.14,193,2024-04-08
2417,147,Economy,219.68,24,2024-06-03
2418,147,Economy,187.99,188,2024-02-12
2419,147,Economy,348.26,125,2024-01-15
2420,147,Business,2586.6,19,2024-03-11
2421,147,Business,2304.38,33,2024-04-22
2422,147,Business,2458.86,38,2024-02-26
2423,147,Business,1762.45,17,2024-04-08
2424,147,Business,2245.88,40,2024-05-20
2425,147,Business,649.75,26,2024-06-17
2426,147,Business,2655.04,9,2024-02-12
2427,147,Business,1457.27,1,2024-01-01
2428,147,First,3237.85,5,2024-05-06
2429,147,First,3163.05,24,2024-06-03
2430,147,First,5832.4,17,2024-03-25
2431,147,First,7262.86,34,2024-03-11
2432,148,Economy,520.62,70,2024-04-22
2433,148,Economy,330.34,10,2024-01-29
2434,148,Economy,514.07,179,2024-02-26
2435,148,Economy,353.43,156,2024-03-11
2436,148,Economy,203.61,116,2024-05-06
2437,148,Economy,505.33,88,2024-03-25
2438,148,Business,2234.22,33,2024-01-15
2439,148,Business,2920.01,39,2024-01-01
2440,148,Business,1939.54,10,2024-04-08
2441,148,Business,1328.75,18,2024-01-29
2442,148,Business,755.08,18,2024-05-20
2443,148,First,3698.1,37,2024-04-08
2444,148,First,2740.61,31,2024-01-01
2445,148,First,3834.93,27,2024-02-12
2446,149,Economy,358.15,72,2024-05-20
2447,149,Economy,653.98,128,2024-01-01
2448,149,Economy,572.42,196,2024-06-03
2449,149,Economy,501.31,22,2024-02-26
2450,149,Economy,604.97,36,2024-01-29
2451,149,Business,2839.04,15,2024-02-12
2452,149,Business,2548.1,40,2024-03-25
2453,149,Business,1526.98,25,2024-05-06
2454,149,Business,2920.58,6,2024-01-15
2455,149,Business,2743.28,19,2024-02-26
2456,149,Business,2032.89,11,2024-06-17
2457,149,Business,1953.38,20,2024-01-01
2458,149,Business,2530.51,8,2024-04-08
2459,149,First,2513.59,36,2024-06-17
2460,149,First,7562.71,29,2024-02-12
2461,149,First,5274.98,24,2024-02-26
2462,149,First,6694.43,27,2024-01-29
2463,149,First,2576.25,33,2024-03-25
2464,149,First,4651.41,20,2024-06-03
2465,149,First,5022.89,22,2024-05-06
2466,149,First,4810.27,27,2024-04-22
2467,150,Economy,771.09,107,2024-03-25
2468,150,Economy,180.13,35,2024-06-17
2469,150,Economy,538.34,77,2024-04-08
2470,150,Economy,654.91,148,2024-01-01
2471,150,Economy,468.3,32,2024-04-22
2472,150,Economy,542.21,144,2024-05-06
2473,150,Business,1710.74,33,2024-01-01
2474,150,Business,1704.53,3,2024-03-25
2475,150,Business,803.18,17,2024-01-29
2476,150,Business,2591.75,6,2024-06-03
2477,150,Business,1400.36,6,2024-06-17
2478,150,First,6442.84,32,2024-05-06
2479,150,First,6436.18,3,2024-04-08
2480,150,First,6209.44,33,2024-03-11
2481,150,First,2864.91,31,2024-01-01
2482,150,First,2818.42,40,2024-01-15
2483,151,Economy,667.82,159,2024-02-26
2484,151,Economy,587.69,29,2024-05-20
2485,151,Economy,165.66,39,2024-06-17
2486,151,Economy,530.58,30,2024-01-01
2487,151,Business,1813.93,25,2024-01-15
2488,151,Business,733.57,7,2024-02-12
2489,151,Business,1319.82,30,2024-06-03
2490,151,Business,2958.47,15,2024-06-17
2491,151,Business,2620.13,34,2024-04-08
2492,151,Business,1224.65,39,2024-01-01
2493,151,Business,2235.17,39,2024-03-25
2494,151,First,2129.95,9,2024-03-25
2495,151,First,6911.3,15,2024-01-29
2496,151,First,3024.65,34,2024-05-20
2497,152,Economy,573.92,150,2024-04-08
2498,152,Economy,455.22,170,2024-06-17
2499,152,Economy,307.12,98,2024-02-26
2500,152,Economy,594.4,27,2024-05-20
2501,152,Business,888.3,24,2024-03-25
2502,152,Business,626.45,19,2024-06-17
2503,152,Business,681.8,39,2024-01-29
2504,152,Business,1666.75,22,2024-01-01
2505,152,Business,2910.71,29,2024-02-26
2506,152,Business,2717.82,29,2024-04-08
2507,152,First,3264.68,33,2024-01-01
2508,152,First,4343.75,4,2024-01-29
2509,152,First,3046.98,9,2024-03-11
2510,152,First,4111.2,36,2024-04-22
2511,152,First,4035.75,8,2024-05-06
2512,153,Economy,742.99,165,2024-06-17
2513,153,Economy,448.95,120,2024-05-20
2514,153,Economy,531.97,46,2024-02-26
2515,153,Economy,511.71,129,2024-03-25
2516,153,Economy,647.27,134,2024-01-15
2517,153,Business,2002.78,25,2024-01-29
2518,153,Business,762.17,1,2024-06-03
2519,153,Business,2644.87,10,2024-03-11
2520,153,Business,1156.09,6,2024-05-06
2521,153,Business,1798.64,30,2024-05-20
2522,153,First,6368.98,24,2024-06-17
2523,153,First,6534.88,26,2024-02-12
2524,153,First,7534.25,3,2024-06-03
2525,153,First,5671.42,7,2024-01-15
2526,153,First,2224.51,4,2024-01-29
2527,154,Economy,193.21,115,2024-06-17
2528,154,Economy,376.79,163,2024-03-11
2529,154,Economy,510.17,51,2024-05-06
2530,154,Economy,253.09,125,2024-01-01
2531,154,Economy,417.51,73,2024-01-29
2532,154,Economy,273.34,189,2024-06-03
2533,154,Business,1997.06,40,2024-03-25
2534,154,Business,2903.6,6,2024-04-22
2535,154,Business,1088.5,8,2024-02-12
2536,154,Business,2743.9,23,2024-01-15
2537,154,First,3140.82,13,2024-05-06
2538,154,First,5422.22,30,2024-04-22
2539,154,First,5005.1,22,2024-01-15
2540,154,First,5710.87,35,2024-03-11
2541,154,First,7120.53,4,2024-01-29
2542,154,First,4633.27,40,2024-04-08
2543,155,Economy,188.62,127,2024-01-15
2544,155,Economy,276.79,153,2024-05-06
2545,155,Economy,487.57,5,2024-06-17
2546,155,Economy,272.33,74,2024-01-29
2547,155,Economy,747.15,64,2024-04-22
2548,155,Economy,385.49,91,2024-02-26
2549,155,Business,1882.62,15,2024-01-29
2550,155,Business,2647.67,39,2024-02-26
2551,155,Business,1800.11,25,2024-01-15
2552,155,First,2179.87,21,2024-01-01
2553,155,First,4528.43,12,2024-04-22
2554,155,First,4007.25,3,2024-01-15
2555,155,First,2835.73,35,2024-05-06
2556,155,First,6900.57,21,2024-04-08
2557,155,First,7545.05,3,2024-02-26
2558,155,First,3413.7,4,2024-03-11
2559,156,Economy,622.72,20,2024-05-06
2560,156,Economy,723.51,122,2024-06-03
2561,156,Economy,763.69,69,2024-01-01
2562,156,Economy,611.86,26,2024-03-11
2563,156,Economy,144.21,129,2024-01-15
2564,156,Economy,273.17,89,2024-03-25
2565,156,Economy,413.43,77,2024-02-26
2566,156,Business,1882.05,24,2024-01-01
2567,156,Business,2236.66,1,2024-06-17
2568,156,Business,1925.99,3,2024-06-03
2569,156,Business,1529.1,24,2024-02-12
2570,156,First,7382.88,23,2024-01-29
2571,156,First,4110.73,21,2024-03-25
2572,156,First,4619.15,3,2024-06-03
2573,156,First,3429.02,5,2024-04-22
2574,156,First,5531.7,14,2024-06-17
2575,156,First,4478.39,34,2024-01-15
2576,156,First,5408.29,0,2024-02-12
2577,156,First,7239.53,15,2024-01-01
2578,157,Economy,418.22,72,2024-01-15
2579,157,Economy,149.73,89,2024-01-01
2580,157,Economy,529.64,62,2024-01-29
2581,157,Business,2175.82,4,2024-01-29
2582,157,Business,1200.48,34,2024-05-06
2583,157,Business,1094.07,22,2024-03-25
2584,157,Business,2754.34,14,2024-04-08
2585,157,Business,1664.5,19,2024-01-15
2586,157,First,7357.87,20,2024-06-17
2587,157,First,6186.63,32,2024-04-22
2588,157,First,2626.27,22,2024-02-26
2589,157,First,7402.55,39,2024-02-12
2590,157,First,4917.25,5,2024-06-03
2591,158,Economy,624.5,53,2024-01-29
2592,158,Economy,203.47,185,2024-04-22
2593,158,Economy,675.14,36,2024-02-12
2594,158,Economy,144.39,60,2024-02-26
2595,158,Business,1248.72,37,2024-04-08
2596,158,Business,1522.02,5,2024-05-20
2597,158,Business,743.33,39,2024-06-17
2598,158,Business,1521.45,1,2024-01-15
2599,158,Business,2670.65,24,2024-01-01
2600,158,Business,1665.65,14,2024-06-03
2601,158,Business,1093.75,11,2024-03-25
2602,158,Business,2183.82,34,2024-04-22
2603,158,First,5249.3,22,2024-05-20
2604,158,First,7623.34,38,2024-02-26
2605,158,First,6526.87,21,2024-01-01
2606,159,Economy,613.53,159,2024-06-17
2607,159,Economy,415.17,109,2024-05-06
2608,159,Economy,652.18,188,2024-02-12
2609,159,Economy,631.63,27,2024-01-01
2610,159,Economy,496.24,184,2024-03-11
2611,159,Business,1721.6,15,2024-02-26
2612,159,Business,916.49,0,2024-04-22
2613,159,Business,1273.68,17,2024-04-08
2614,159,Business,805.29,15,2024-03-25
2615,159,Business,2451.21,18,2024-06-03
2616,159,Business,1410.08,25,2024-06-17
2617,159,Business,692.65,17,2024-01-15
2618,159,Business,1468.07,16,2024-02-12
2619,159,First,7085.56,28,2024-06-17
2620,159,First,4776.35,28,2024-05-06
2621,159,First,2053.22,2,2024-01-01
2622,159,First,7795.31,30,2024-01-15
2623,159,First,5826.46,35,2024-02-26
2624,159,First,3307.05,3,2024-03-11
2625,159,First,5477.42,5,2024-03-25
2626,159,First,3658.67,39,2024-01-29
2627,160,Economy,710.96,32,2024-03-11
2628,160,Economy,274.64,44,2024-01-15
2629,160,Economy,219.89,158,2024-04-08
2630,160,Economy,566.07,59,2024-01-29
2631,160,Economy,197.82,9,2024-02-26
2632,160,Economy,245.29,129,2024-04-22
2633,160,Economy,705.19,148,2024-05-06
2634,160,Business,2940.68,1,2024-01-01
2635,160,Business,2228.13,22,2024-04-22
2636,160,Business,1897.06,2,2024-02-12
2637,160,Business,2041.39,22,2024-06-17
2638,160,Business,861.99,32,2024-02-26
2639,160,First,5422.2,26,2024-01-15
2640,160,First,2428.36,27,2024-04-22
2641,160,First,7255.12,9,2024-06-17
2642,160,First,2148.17,38,2024-02-12
2643,160,First,6728.99,21,2024-05-06
2644,160,First,7850.59,23,2024-03-11
2645,161,Economy,317.79,38,2024-02-26
2646,161,Economy,740.07,6,2024-05-06
2647,161,Economy,192.24,54,2024-01-01
2648,161,Economy,669.46,130,2024-01-29
2649,161,Economy,606.72,189,2024-03-11
2650,161,Economy,465.56,148,2024-05-20
2651,161,Business,788.27,4,2024-03-11
2652,161,Business,2900.7,14,2024-02-12
2653,161,Business,1956.97,36,2024-03-25
2654,161,Business,2112.78,26,2024-05-06
2655,161,Business,1893.52,7,2024-01-01
2656,161,Business,2634.23,33,2024-01-29
2657,161,Business,2515.69,38,2024-06-03
2658,161,Business,1733.59,33,2024-06-17
2659,161,First,3458.44,23,2024-04-08
2660,161,First,3385.34,20,2024-03-11
2661,161,First,6489.13,7,2024-02-26
2662,161,First,6158.44,28,2024-02-12
2663,161,First,6396.79,26,2024-05-20
2664,161,First,4171.29,22,2024-05-06
2665,161,First,5362.74,4,2024-01-29
2666,162,Economy,654.69,58,2024-05-20
2667,162,Economy,507.15,32,2024-04-08
2668,162,Economy,749.49,62,2024-05-06
2669,162,Economy,647.98,104,2024-02-12
2670,162,Economy,578.39,170,2024-06-03
2671,162,Business,1353.23,5,2024-05-06
2672,162,Business,1580.41,32,2024-02-26
2673,162,Business,2959.79,36,2024-06-03
2674,162,Business,1786.08,12,2024-03-11
2675,162,First,4511.75,35,2024-04-08
2676,162,First,6268.29,30,2024-01-01
2677,162,First,6457.12,8,2024-01-29
2678,162,First,7216.75,27,2024-01-15
2679,163,Economy,210.02,135,2024-06-03
2680,163,Economy,744.66,108,2024-01-29
2681,163,Economy,360.97,102,2024-01-15
2682,163,Business,2079.91,2,2024-04-22
2683,163,Business,777.01,22,2024-02-12
2684,163,Business,2879.81,26,2024-02-26
2685,163,Business,2114.0,27,2024-01-15
2686,163,Business,1294.3,30,2024-03-11
2687,163,Business,2280.27,11,2024-06-17
2688,163,Business,2336.9,37,2024-05-20
2689,163,Business,2799.22,32,2024-03-25
2690,163,First,5558.29,29,2024-01-29
2691,163,First,4276.25,28,2024-01-01
2692,163,First,3060.33,37,2024-05-06
2693,164,Economy,351.96,144,2024-06-17
2694,164,Economy,472.02,134,2024-01-15
2695,164,Economy,514.28,109,2024-02-12
2696,164,Economy,313.97,98,2024-02-26
2697,164,Economy,336.63,45,2024-04-08
2698,164,Business,1845.92,36,2024-01-01
2699,164,Business,2711.0,20,2024-06-03
2700,164,Business,838.72,18,2024-02-12
2701,164,Business,997.42,18,2024-03-25
2702,164,First,7635.23,16,2024-04-08
2703,164,First,7932.83,6,2024-06-17
2704,164,First,7547.1,17,2024-02-12
2705,164,First,2846.02,13,2024-01-29
2706,164,First,5312.98,32,2024-02-26
2707,165,Economy,485.78,49,2024-01-01
2708,165,Economy,124.53,6,2024-05-06
2709,165,Economy,371.29,72,2024-06-17
2710,165,Economy,760.43,146,2024-04-22
2711,165,Business,2803.19,7,2024-06-03
2712,165,Business,1666.57,27,2024-04-08
2713,165,Business,1783.81,5,2024-04-22
2714,165,Business,2674.81,17,2024-01-29
2715,165,Business,2355.92,7,2024-06-17
2716,165,Business,2924.25,5,2024-02-26
2717,165,First,5783.74,32,2024-06-17
2718,165,First,6032.49,4,2024-02-12
2719,165,First,6240.86,20,2024-01-15
2720,165,First,7353.64,2,2024-03-11
2721,165,First,4600.27,33,2024-01-29
2722,165,First,3905.16,35,2024-05-06
2723,165,First,5966.78,40,2024-04-22
2724,165,First,2213.82,40,2024-06-03
2725,166,Economy,300.39,38,2024-01-01
2726,166,Economy,449.46,47,2024-02-12
2727,166,Economy,618.82,72,2024-01-29
2728,166,Economy,209.62,162,2024-05-06
2729,166,Economy,715.59,132,2024-03-25
2730,166,Economy,702.87,191,2024-06-03
2731,166,Economy,265.65,111,2024-03-11
2732,166,Economy,165.74,142,2024-01-15
2733,166,Business,1512.7,37,2024-02-12
2734,166,Business,1163.32,22,2024-06-03
2735,166,Business,1762.16,11,2024-01-29
2736,166,Business,2706.94,14,2024-01-01
2737,166,Business,2700.09,31,2024-03-25
2738,166,Business,1776.53,40,2024-02-26
2739,166,Business,1541.3,22,2024-04-08
2740,166,First,7816.17,20,2024-04-08
2741,166,First,3484.38,27,2024-02-26
2742,166,First,2694.92,29,2024-01-15
2743,166,First,7737.89,7,2024-02-12
2744,166,First,4085.47,25,2024-05-20
2745,166,First,6228.91,30,2024-06-03
2746,166,First,7040.72,31,2024-05-06
2747,167,Economy,266.27,200,2024-03-25
2748,167,Economy,398.12,143,2024-05-20
2749,167,Economy,644.82,66,2024-02-12
2750,167,Economy,578.99,105,2024-01-01
2751,167,Economy,386.14,113,2024-02-26
2752,167,Economy,409.14,66,2024-04-22
2753,167,Economy,740.41,68,2024-04-08
2754,167,Business,1583.55,36,2024-06-03
2755,167,Business,2701.49,34,2024-02-12
2756,167,Business,1094.88,40,2024-03-11
2757,167,Business,864.76,39,2024-01-01
2758,167,Business,2065.8,8,2024-02-26
2759,167,Business,2051.91,1,2024-04-08
2760,167,First,5111.89,23,2024-01-01
2761,167,First,5212.84,10,2024-03-25
2762,167,First,7028.89,25,2024-01-15
2763,167,First,7158.34,14,2024-03-11
2764,167,First,3741.12,10,2024-05-06
2765,167,First,7463.92,21,2024-05-20
2766,167,First,4480.37,35,2024-04-22
2767,167,First,6400.01,0,2024-06-17
2768,168,Economy,461.02,124,2024-01-01
2769,168,Economy,148.75,72,2024-04-22
2770,168,Economy,325.0,58,2024-01-15
2771,168,Business,2172.66,8,2024-06-17
2772,168,Business,2563.91,17,2024-06-03
2773,168,Business,2668.76,4,2024-02-12
2774,168,Business,777.34,26,2024-01-01
2775,168,Business,648.37,34,2024-02-26
2776,168,Business,2051.69,9,2024-01-15
2777,168,Business,829.34,37,2024-03-25
2778,168,Business,2502.29,12,2024-05-20
2779,168,First,4753.43,6,2024-02-26
2780,168,First,3585.62,36,2024-03-11
2781,168,First,4828.4,18,2024-03-25
2782,168,First,4577.21,14,2024-04-22
2783,168,First,7801.32,35,2024-01-01
2784,168,First,3671.35,18,2024-06-17
2785,168,First,7445.99,34,2024-01-29
2786,169,Economy,491.68,27,2024-02-12
2787,169,Economy,427.54,147,2024-03-25
2788,169,Economy,783.13,101,2024-01-01
2789,169,Economy,644.42,114,2024-04-08
2790,169,Economy,371.48,144,2024-06-03
2791,169,Economy,194.08,79,2024-03-11
2792,169,Economy,346.06,161,2024-04-22
2793,169,Business,1098.44,31,2024-01-15
2794,169,Business,2024.18,5,2024-04-22
2795,169,Business,939.19,39,2024-01-29
2796,169,First,3512.14,19,2024-04-22
2797,169,First,6443.07,9,2024-06-03
2798,169,First,2219.06,36,2024-05-06
2799,169,First,5592.38,0,2024-02-12
2800,169,First,3608.87,13,2024-01-01
2801,169,First,6530.23,31,2024-04-08
2802,170,Economy,448.44,142,2024-04-08
2803,170,Economy,703.88,187,2024-03-11
2804,170,Economy,175.38,26,2024-05-20
2805,170,Economy,409.48,19,2024-02-12
2806,170,Economy,375.47,193,2024-06-03
2807,170,Economy,129.26,133,2024-06-17
2808,170,Economy,628.74,42,2024-04-22
2809,170,Business,1788.44,40,2024-04-08
2810,170,Business,2527.57,31,2024-01-15
2811,170,Business,935.68,35,2024-01-01
2812,170,Business,1603.55,0,2024-03-25
2813,170,First,3934.32,23,2024-01-15
2814,170,First,5382.86,10,2024-03-25
2815,170,First,2849.11,33,2024-02-26
2816,170,First,6110.14,39,2024-05-20
2817,170,First,7711.97,23,2024-04-22
2818,171,Economy,609.69,34,2024-05-06
2819,171,Economy,231.68,183,2024-02-26
2820,171,Economy,684.0,2,2024-04-08
2821,171,Economy,336.03,45,2024-05-20
2822,171,Economy,222.24,17,2024-02-12
2823,171,Economy,795.45,1,2024-03-11
2824,171,Economy,332.05,48,2024-06-17
2825,171,Business,1394.48,3,2024-06-03
2826,171,Business,2099.93,38,2024-01-15
2827,171,Business,975.49,22,2024-04-22
2828,171,Business,2127.22,14,2024-04-08
2829,171,First,6924.53,27,2024-05-20
2830,171,First,5506.81,19,2024-01-01
2831,171,First,4203.65,25,2024-02-12
2832,171,First,7605.85,35,2024-02-26
2833,171,First,5246.1,12,2024-05-06
2834,172,Economy,616.85,71,2024-05-06
2835,172,Economy,241.26,144,2024-01-29
2836,172,Economy,189.58,133,2024-01-15
2837,172,Business,1003.44,14,2024-05-20
2838,172,Business,2973.81,5,2024-03-25
2839,172,Business,2830.91,39,2024-03-11
2840,172,Business,951.58,10,2024-05-06
2841,172,Business,1741.11,0,2024-02-26
2842,172,Business,1376.01,3,2024-04-08
2843,172,Business,928.74,28,2024-01-15
2844,172,First,3444.64,25,2024-05-20
2845,172,First,4263.86,24,2024-04-08
2846,172,First,6237.47,22,2024-03-11
2847,172,First,3870.57,33,2024-02-26
2848,172,First,3901.83,5,2024-04-22
2849,172,First,7299.71,13,2024-01-15
2850,173,Economy,501.13,125,2024-05-20
2851,173,Economy,592.67,64,2024-02-26
2852,173,Economy,586.05,142,2024-01-29
2853,173,Economy,731.84,166,2024-03-25
2854,173,Business,2348.38,13,2024-01-29
2855,173,Business,2080.74,12,2024-01-01
2856,173,Business,1517.9,11,2024-03-11
2857,173,Business,2839.66,0,2024-04-08
2858,173,Business,1070.01,23,2024-05-20
2859,173,First,7494.84,32,2024-02-12
2860,173,First,7529.38,38,2024-01-01
2861,173,First,3638.17,17,2024-05-06
2862,173,First,5850.04,25,2024-02-26
2863,173,First,2263.5,16,2024-03-11
2864,173,First,3645.04,3,2024-01-15
2865,173,First,7826.84,1,2024-01-29
2866,174,Economy,714.96,192,2024-04-08
2867,174,Economy,491.0,26,2024-05-06
2868,174,Economy,145.97,7,2024-05-20
2869,174,Economy,536.79,182,2024-06-17
2870,174,Economy,224.17,188,2024-06-03
2871,174,Economy,240.3,33,2024-01-29
2872,174,Economy,176.32,30,2024-02-12
2873,174,Economy,158.11,163,2024-03-11
2874,174,Business,2369.89,21,2024-01-01
2875,174,Business,2609.46,20,2024-03-11
2876,174,Business,2754.57,10,2024-01-15
2877,174,Business,2773.74,37,2024-04-22
2878,174,Business,2333.13,23,2024-02-26
2879,174,Business,1839.22,25,2024-02-12
2880,174,Business,1599.31,3,2024-06-03
2881,174,Business,755.89,32,2024-05-06
2882,174,First,4660.39,17,2024-06-03
2883,174,First,5651.17,32,2024-02-26
2884,174,First,4455.51,40,2024-01-15
2885,174,First,6480.97,0,2024-01-29
2886,175,Economy,437.05,178,2024-02-26
2887,175,Economy,178.54,118,2024-04-22
2888,175,Economy,179.95,23,2024-03-11
2889,175,Economy,244.1,22,2024-01-15
2890,175,Economy,246.25,151,2024-05-20
2891,175,Business,2863.77,19,2024-01-01
2892,175,Business,2609.54,12,2024-01-29
2893,175,Business,2393.78,8,2024-06-17
2894,175,Business,1345.17,24,2024-02-12
2895,175,Business,2294.19,11,2024-03-11
2896,175,Business,1269.51,36,2024-04-08
2897,175,Business,1357.3,14,2024-05-20
2898,175,Business,2604.66,17,2024-04-22
2899,175,First,3587.27,31,2024-01-29
2900,175,First,4130.92,23,2024-02-26
2901,175,First,4093.16,33,2024-06-03
2902,175,First,4698.04,40,2024-04-08
2903,176,Economy,355.91,174,2024-01-29
2904,176,Economy,661.46,53,2024-01-01
2905,176,Economy,352.68,128,2024-05-06
2906,176,Economy,495.1,190,2024-03-25
2907,176,Economy,660.12,23,2024-06-17
2908,176,Economy,469.03,53,2024-02-12
2909,176,Economy,295.59,119,2024-03-11
2910,176,Economy,297.38,29,2024-04-08
2911,176,Business,1375.18,36,2024-05-20
2912,176,Business,1506.98,37,2024-06-17
2913,176,Business,2763.06,20,2024-01-29
2914,176,Business,2283.09,40,2024-04-08
2915,176,Business,1461.32,0,2024-06-03
2916,176,Business,981.0,30,2024-05-06
2917,176,Business,1403.31,6,2024-02-26
2918,176,First,5280.67,1,2024-03-11
2919,176,First,4634.05,39,2024-02-26
2920,176,First,4738.67,36,2024-01-29
2921,176,First,6166.99,25,2024-04-08
2922,177,Economy,581.42,76,2024-02-12
2923,177,Economy,147.29,59,2024-02-26
2924,177,Economy,638.96,129,2024-03-11
2925,177,Economy,193.34,109,2024-05-06
2926,177,Economy,646.37,147,2024-05-20
2927,177,Economy,392.51,7,2024-04-08
2928,177,Business,2916.57,33,2024-04-22
2929,177,Business,1076.31,36,2024-01-29
2930,177,Business,2404.44,8,2024-02-26
2931,177,Business,2192.18,3,2024-05-06
2932,177,First,4752.28,10,2024-02-26
2933,177,First,4763.53,9,2024-01-29
2934,177,First,3202.44,11,2024-03-11
2935,178,Economy,416.85,185,2024-02-26
2936,178,Economy,286.42,175,2024-01-15
2937,178,Economy,497.64,198,2024-01-29
2938,178,Economy,374.5,122,2024-02-12
2939,178,Economy,228.34,25,2024-05-06
2940,178,Business,2595.23,15,2024-04-22
2941,178,Business,2431.33,6,2024-05-20
2942,178,Business,1530.18,20,2024-03-25
2943,178,Business,2431.31,8,2024-02-12
2944,178,Business,1559.72,20,2024-04-08
2945,178,Business,2755.25,27,2024-06-03
2946,178,First,7313.53,11,2024-03-25
2947,178,First,6607.06,23,2024-04-22
2948,178,First,4173.68,32,2024-01-15
2949,178,First,6939.43,39,2024-03-11
2950,178,First,5595.02,25,2024-04-08
2951,178,First,7487.52,14,2024-01-01
2952,178,First,2828.48,12,2024-05-20
2953,179,Economy,183.14,98,2024-02-12
2954,179,Economy,564.75,108,2024-02-26
2955,179,Economy,222.51,79,2024-03-25
2956,179,Business,992.5,33,2024-05-20
2957,179,Business,2602.16,29,2024-04-08
2958,179,Business,2534.95,22,2024-01-01
2959,179,Business,2246.56,6,2024-02-26
2960,179,Business,2174.08,25,2024-03-25
2961,179,Business,2528.52,0,2024-01-29
2962,179,First,4303.94,29,2024-03-11
2963,179,First,2069.53,25,2024-01-29
2964,179,First,4534.74,3,2024-05-06
2965,179,First,3817.73,16,2024-04-22
2966,180,Economy,604.18,136,2024-05-20
2967,180,Economy,780.8,28,2024-01-15
2968,180,Economy,654.14,108,2024-05-06
2969,180,Economy,481.56,98,2024-04-08
2970,180,Economy,711.81,20,2024-04-22
2971,180,Economy,222.26,86,2024-03-11
2972,180,Economy,764.78,181,2024-03-25
2973,180,Economy,521.3,50,2024-02-12
2974,180,Business,695.63,31,2024-05-06
2975,180,Business,1704.6,3,2024-06-03
2976,180,Business,2734.0,23,2024-04-08
2977,180,Business,1205.58,21,2024-03-25
2978,180,Business,2219.99,1,2024-01-01
2979,180,Business,1902.6,11,2024-05-20
2980,180,Business,1303.78,26,2024-01-29
2981,180,First,5815.9,38,2024-04-08
2982,180,First,2670.1,2,2024-03-11
2983,180,First,5187.61,25,2024-02-26
2984,181,Economy,205.72,37,2024-01-29
2985,181,Economy,550.39,110,2024-01-15
2986,181,Economy,727.05,88,2024-04-22
2987,181,Economy,780.86,176,2024-06-03
2988,181,Business,1383.81,2,2024-02-12
2989,181,Business,952.2,40,2024-06-03
2990,181,Business,2549.94,6,2024-04-22
2991,181,Business,1516.59,5,2024-05-06
2992,181,Business,1410.65,40,2024-04-08
2993,181,Business,2398.24,27,2024-01-01
2994,181,Business,1561.78,11,2024-05-20
2995,181,First,5425.37,19,2024-02-26
2996,181,First,5693.49,34,2024-06-03
2997,181,First,7125.46,15,2024-05-20
2998,181,First,6165.54,3,2024-01-15
2999,181,First,4245.42,30,2024-03-25
3000,181,First,3291.26,27,2024-05-06
3001,181,First,3648.72,11,2024-04-22
3002,181,First,3661.12,2,2024-04-08
3003,182,Economy,260.85,200,2024-03-25
3004,182,Economy,401.74,33,2024-01-29
3005,182,Economy,306.84,118,2024-05-20
3006,182,Economy,527.37,162,2024-02-26
3007,182,Economy,336.35,56,2024-05-06
3008,182,Economy,272.88,181,2024-01-01
3009,182,Economy,340.73,16,2024-02-12
3010,182,Business,1533.69,35,2024-02-26
3011,182,Business,630.16,21,2024-06-03
3012,182,Business,1367.14,28,2024-05-06
3013,182,Business,964.27,31,2024-04-08
3014,182,Business,1105.53,10,2024-03-25
3015,182,Business,2215.17,16,2024-03-11
3016,182,Business,1567.05,36,2024-06-17
3017,182,First,7909.68,5,2024-05-20
3018,182,First,3245.31,33,2024-04-08
3019,182,First,4215.15,18,2024-04-22
3020,183,Economy,544.91,42,2024-04-08
3021,183,Economy,544.5,144,2024-05-20
3022,183,Economy,413.44,195,2024-06-17
3023,183,Economy,135.92,72,2024-01-01
3024,183,Economy,498.38,125,2024-01-29
3025,183,Business,2057.09,7,2024-03-25
3026,183,Business,832.75,13,2024-04-22
3027,183,Business,1107.13,7,2024-01-29
3028,183,Business,1969.79,11,2024-06-17
3029,183,First,4451.1,13,2024-06-17
3030,183,First,4509.08,38,2024-06-03
3031,183,First,3673.28,23,2024-03-25
3032,183,First,5781.65,40,2024-04-22
3033,184,Economy,456.49,118,2024-03-11
3034,184,Economy,314.67,115,2024-04-22
3035,184,Economy,226.74,45,2024-06-03
3036,184,Economy,392.04,0,2024-05-20
3037,184,Economy,482.21,85,2024-03-25
3038,184,Economy,638.8,167,2024-02-12
3039,184,Economy,237.14,25,2024-05-06
3040,184,Economy,380.68,167,2024-04-08
3041,184,Business,2063.29,32,2024-03-25
3042,184,Business,2997.38,38,2024-06-17
3043,184,Business,1969.4,26,2024-02-12
3044,184,Business,2869.17,20,2024-01-01
3045,184,Business,2063.55,10,2024-05-20
3046,184,Business,1966.33,30,2024-01-29
3047,184,First,4746.61,15,2024-01-15
3048,184,First,3051.27,12,2024-03-11
3049,184,First,3936.35,18,2024-01-01
3050,184,First,2388.88,1,2024-05-06
3051,184,First,3242.04,29,2024-03-25
3052,184,First,4755.16,38,2024-02-12
3053,184,First,4661.92,15,2024-04-22
3054,184,First,6780.52,29,2024-06-17
3055,185,Economy,610.99,17,2024-05-20
3056,185,Economy,124.68,8,2024-01-15
3057,185,Economy,583.78,104,2024-05-06
3058,185,Economy,709.6,120,2024-03-11
3059,185,Economy,706.27,18,2024-01-29
3060,185,Economy,652.47,66,2024-02-12
3061,185,Economy,720.68,137,2024-04-08
3062,185,Business,2974.1,1,2024-06-03
3063,185,Business,1652.45,3,2024-05-06
3064,185,Business,1303.11,25,2024-05-20
3065,185,First,2621.74,16,2024-06-17
3066,185,First,6547.64,37,2024-01-01
3067,185,First,6521.47,7,2024-03-11
3068,185,First,6331.97,23,2024-03-25
3069,185,First,4477.36,21,2024-04-22
3070,185,First,2851.7,15,2024-04-08
3071,185,First,6773.32,13,2024-02-12
3072,185,First,3587.05,21,2024-06-03
3073,186,Economy,588.65,84,2024-06-03
3074,186,Economy,655.41,179,2024-01-15
3075,186,Economy,295.39,70,2024-04-08
3076,186,Economy,524.21,194,2024-05-20
3077,186,Economy,215.21,133,2024-02-12
3078,186,Economy,316.13,56,2024-02-26
3079,186,Economy,718.52,144,2024-01-29
3080,186,Economy,366.65,74,2024-03-25
3081,186,Business,2311.39,18,2024-06-03
3082,186,Business,970.66,8,2024-01-29
3083,186,Business,951.66,18,2024-05-06
3084,186,Business,2661.95,16,2024-02-26
3085,186,Business,2128.23,1,2024-04-08
3086,186,First,2072.4,23,2024-05-06
3087,186,First,6326.84,33,2024-02-26
3088,186,First,4435.07,39,2024-01-29
3089,186,First,7400.02,22,2024-06-17
3090,187,Economy,560.9,134,2024-01-29
3091,187,Economy,447.8,123,2024-05-06
3092,187,Economy,730.05,3,2024-04-22
3093,187,Economy,574.75,16,2024-03-11
3094,187,Economy,352.81,79,2024-05-20
3095,187,Economy,260.37,38,2024-06-03
3096,187,Economy,309.25,199,2024-02-12
3097,187,Economy,615.56,30,2024-03-25
3098,187,Business,1472.54,2,2024-02-12
3099,187,Business,1556.38,6,2024-03-11
3100,187,Business,2884.87,32,2024-04-08
3101,187,Business,761.27,35,2024-05-20
3102,187,Business,2907.97,34,2024-01-01
3103,187,Business,2694.28,3,2024-06-17
3104,187,Business,1671.92,33,2024-06-03
3105,187,Business,1195.13,16,2024-01-15
3106,187,First,7876.26,17,2024-01-29
3107,187,First,5311.85,5,2024-06-03
3108,187,First,6458.66,4,2024-05-20
3109,187,First,7436.85,8,2024-02-12
3110,187,First,5135.35,3,2024-05-06
3111,187,First,3246.39,15,2024-04-08
3112,187,First,5514.06,37,2024-01-15
3113,187,First,4863.69,6,2024-01-01
3114,188,Economy,420.49,121,2024-06-17
3115,188,Economy,254.23,138,2024-01-01
3116,188,Economy,520.78,153,2024-03-11
3117,188,Economy,451.32,145,2024-01-15
3118,188,Economy,126.53,110,2024-02-12
3119,188,Economy,705.57,28,2024-04-08
3120,188,Economy,609.59,113,2024-06-03
3121,188,Business,2043.25,31,2024-02-12
3122,188,Business,2114.71,21,2024-05-06
3123,188,Business,1817.5,32,2024-05-20
3124,188,Business,1281.01,19,2024-06-03
3125,188,Business,1234.08,34,2024-04-08
3126,188,Business,1197.65,17,2024-01-01
3127,188,Business,2226.82,32,2024-01-29
3128,188,Business,1341.13,28,2024-06-17
3129,188,First,2039.1,32,2024-06-17
3130,188,First,4823.04,10,2024-01-29
3131,188,First,3072.77,27,2024-04-08
3132,189,Economy,638.74,54,2024-02-26
3133,189,Economy,328.9,78,2024-01-15
3134,189,Economy,337.61,135,2024-04-08
3135,189,Economy,440.88,175,2024-03-11
3136,189,Economy,324.04,156,2024-04-22
3137,189,Economy,263.0,172,2024-01-29
3138,189,Economy,225.13,40,2024-06-03
3139,189,Economy,250.49,101,2024-01-01
3140,189,Business,1381.64,33,2024-01-29
3141,189,Business,2954.77,38,2024-05-06
3142,189,Business,2493.0,17,2024-05-20
3143,189,Business,1148.94,16,2024-06-17
3144,189,First,6975.39,20,2024-02-26
3145,189,First,4698.25,27,2024-03-11
3146,189,First,5379.72,26,2024-01-29
3147,189,First,2034.04,25,2024-06-17
3148,189,First,2331.84,26,2024-06-03
3149,189,First,4121.67,8,2024-04-22
3150,190,Economy,320.46,95,2024-06-17
3151,190,Economy,136.1,109,2024-02-26
3152,190,Economy,657.83,83,2024-01-01
3153,190,Economy,499.49,189,2024-02-12
3154,190,Economy,255.63,55,2024-05-06
3155,190,Economy,539.94,112,2024-06-03
3156,190,Business,2334.84,37,2024-01-15
3157,190,Business,1727.69,2,2024-06-17
3158,190,Business,2474.95,24,2024-02-12
3159,190,Business,2250.72,31,2024-01-29
3160,190,Business,1199.63,38,2024-03-11
3161,190,First,4216.69,18,2024-03-25
3162,190,First,2666.18,8,2024-01-01
3163,190,First,7285.1,4,2024-01-15
3164,190,First,3947.27,26,2024-06-03
3165,190,First,6945.86,9,2024-03-11
3166,190,First,5538.85,36,2024-02-26
3167,190,First,3199.97,5,2024-04-08
3168,191,Economy,588.91,35,2024-02-12
3169,191,Economy,645.03,17,2024-03-11
3170,191,Economy,712.09,179,2024-05-06
3171,191,Economy,603.75,80,2024-04-22
3172,191,Economy,770.9,92,2024-02-26
3173,191,Economy,735.47,114,2024-05-20
3174,191,Business,1077.56,16,2024-02-12
3175,191,Business,1212.86,1,2024-01-29
3176,191,Business,936.65,26,2024-03-11
3177,191,Business,1625.59,31,2024-04-08
3178,191,Business,2515.43,33,2024-06-17
3179,191,Business,744.69,32,2024-05-06
3180,191,Business,1496.34,36,2024-06-03
3181,191,Business,1649.3,2,2024-03-25
3182,191,First,2402.66,4,2024-06-17
3183,191,First,5391.84,35,2024-03-11
3184,191,First,6683.53,34,2024-04-22
3185,191,First,2949.34,32,2024-04-08
3186,191,First,7077.8,5,2024-02-26
3187,191,First,5443.55,29,2024-06-03
3188,191,First,5660.19,12,2024-05-06
3189,192,Economy,676.07,119,2024-06-17
3190,192,Economy,426.88,189,2024-05-20
3191,192,Economy,223.5,84,2024-03-25
3192,192,Business,1415.54,33,2024-01-29
3193,192,Business,2474.67,27,2024-05-20
3194,192,Business,2734.55,25,2024-05-06
3195,192,First,3934.31,9,2024-02-26
3196,192,First,3553.12,14,2024-01-01
3197,192,First,5506.26,20,2024-05-06
3198,192,First,5194.19,12,2024-03-25
3199,192,First,6619.57,36,2024-06-03
3200,192,First,7552.14,36,2024-04-22
3201,192,First,2915.63,9,2024-01-15
3202,193,Economy,482.73,10,2024-02-26
3203,193,Economy,650.03,138,2024-01-29
3204,193,Economy,356.99,17,2024-01-15
3205,193,Economy,342.67,80,2024-01-01
3206,193,Business,991.89,17,2024-05-20
3207,193,Business,1159.15,13,2024-02-12
3208,193,Business,2453.63,1,2024-06-03
3209,193,Business,929.55,28,2024-02-26
3210,193,First,7205.2,13,2024-03-25
3211,193,First,4282.5,28,2024-01-01
3212,193,First,4631.28,12,2024-04-08
3213,194,Economy,183.14,44,2024-06-17
3214,194,Economy,464.56,148,2024-03-25
3215,194,Economy,612.67,31,2024-05-06
3216,194,Economy,230.76,53,2024-01-15
3217,194,Business,1460.14,20,2024-04-08
3218,194,Business,1596.31,13,2024-06-03
3219,194,Business,2964.37,32,2024-05-06
3220,194,First,2096.87,24,2024-04-08
3221,194,First,6820.47,25,2024-02-26
3222,194,First,7769.41,6,2024-04-22
3223,194,First,4128.09,19,2024-01-15
3224,194,First,7019.21,27,2024-06-17
3225,195,Economy,560.2,82,2024-02-26
3226,195,Economy,150.85,63,2024-02-12
3227,195,Economy,240.6,2,2024-01-15
3228,195,Economy,207.0,39,2024-03-25
3229,195,Economy,215.35,120,2024-04-08
3230,195,Economy,638.36,15,2024-01-01
3231,195,Economy,525.42,53,2024-01-29
3232,195,Economy,709.11,169,2024-03-11
3233,195,Business,1013.81,33,2024-03-11
3234,195,Business,2916.72,11,2024-05-06
3235,195,Business,1476.16,7,2024-03-25
3236,195,Business,2487.74,1,2024-01-29
3237,195,Business,1794.13,19,2024-05-20
3238,195,First,6699.61,21,2024-05-20
3239,195,First,2170.98,30,2024-03-11
3240,195,First,2205.34,9,2024-02-26
3241,195,First,7481.46,2,2024-05-06
3242,195,First,5236.85,38,2024-06-03
3243,195,First,6335.14,10,2024-01-01
3244,196,Economy,182.64,16,2024-01-15
3245,196,Economy,196.44,121,2024-01-01
3246,196,Economy,435.81,106,2024-03-11
3247,196,Economy,702.18,137,2024-02-12
3248,196,Business,1726.77,16,2024-01-29
3249,196,Business,907.68,34,2024-05-06
3250,196,Business,1477.4,39,2024-05-20
3251,196,Business,2204.24,6,2024-01-01
3252,196,Business,1746.7,36,2024-02-26
3253,196,Business,1071.09,14,2024-04-08
3254,196,First,7321.51,6,2024-01-29
3255,196,First,3498.67,16,2024-06-17
3256,196,First,3107.76,19,2024-02-12
3257,196,First,3971.75,29,2024-01-15
3258,196,First,6010.14,33,2024-05-06
3259,196,First,5101.43,17,2024-03-25
3260,196,First,6559.36,8,2024-06-03
3261,197,Economy,628.6,98,2024-03-25
3262,197,Economy,549.68,50,2024-03-11
3263,197,Economy,786.08,3,2024-05-20
3264,197,Economy,217.21,8,2024-01-29
3265,197,Economy,688.06,60,2024-01-01
3266,197,Business,1753.86,22,2024-03-25
3267,197,Business,1050.6,36,2024-03-11
3268,197,Business,1573.58,13,2024-01-01
3269,197,Business,1687.66,16,2024-05-06
3270,197,First,3531.71,31,2024-04-08
3271,197,First,6632.05,29,2024-01-15
3272,197,First,5979.49,21,2024-02-26
3273,197,First,6579.62,16,2024-04-22
3274,197,First,2378.71,23,2024-03-11
3275,197,First,4559.09,1,2024-05-06
3276,197,First,7788.52,8,2024-06-03
3277,198,Economy,201.79,182,2024-02-12
3278,198,Economy,321.09,88,2024-04-08
3279,198,Economy,328.78,111,2024-01-15
3280,198,Business,2616.03,14,2024-01-15
3281,198,Business,2462.19,12,2024-04-22
3282,198,Business,2360.19,22,2024-01-29
3283,198,Business,1861.38,9,2024-03-25
3284,198,Business,1950.92,33,2024-06-03
3285,198,Business,1860.11,34,2024-02-12
3286,198,Business,1470.37,14,2024-06-17
3287,198,First,7153.64,14,2024-04-22
3288,198,First,7059.43,9,2024-01-29
3289,198,First,5244.93,39,2024-03-11
3290,198,First,4544.09,12,2024-06-03
3291,198,First,3670.53,25,2024-01-15
3292,198,First,3778.98,33,2024-05-06
3293,198,First,7832.05,30,2024-05-20
3294,198,First,4808.02,8,2024-03-25
3295,199,Economy,536.92,17,2024-02-26
3296,199,Economy,160.27,105,2024-01-01
3297,199,Economy,215.41,123,2024-01-15
3298,199,Economy,679.26,195,2024-06-17
3299,199,Economy,781.02,62,2024-04-22
3300,199,Economy,386.04,40,2024-05-06
3301,199,Economy,559.34,100,2024-05-20
3302,199,Economy,522.16,63,2024-03-11
3303,199,Business,896.33,37,2024-01-15
3304,199,Business,2866.42,9,2024-02-12
3305,199,Business,1093.99,9,2024-02-26
3306,199,Business,2213.37,20,2024-01-29
3307,199,Business,625.85,7,2024-03-25
3308,199,First,4629.63,7,2024-02-26
3309,199,First,5247.56,39,2024-04-22
3310,199,First,4726.2,4,2024-01-15
3311,199,First,7281.36,21,2024-05-06
3312,199,First,7251.41,2,2024-04-08
3313,199,First,4289.01,16,2024-02-12
3314,199,First,2677.03,29,2024-03-11
3315,200,Economy,180.23,187,2024-05-06
3316,200,Economy,530.25,153,2024-01-29
3317,200,Economy,708.26,61,2024-04-08
3318,200,Economy,711.17,170,2024-02-26
3319,200,Economy,456.28,179,2024-02-12
3320,200,Economy,775.01,107,2024-01-15
3321,200,Business,2621.58,17,2024-05-20
3322,200,Business,2771.36,40,2024-01-15
3323,200,Business,1818.78,26,2024-02-26
3324,200,First,4969.86,37,2024-02-26
3325,200,First,4602.6,17,2024-03-11
3326,200,First,2623.79,31,2024-01-15
3327,200,First,5364.02,36,2024-01-01
3328,200,First,4254.93,33,2024-05-20
3329,200,First,7222.36,24,2024-04-08
3330,200,First,2252.61,6,2024-04-22
3331,200,First,5542.06,6,2024-06-17
3332,201,Economy,626.13,88,2024-01-15
3333,201,Economy,560.02,112,2024-06-17
3334,201,Economy,699.52,146,2024-02-12
3335,201,Economy,707.12,9,2024-03-11
3336,201,Economy,759.33,160,2024-03-25
3337,201,Economy,626.18,110,2024-04-22
3338,201,Economy,574.97,6,2024-05-06
3339,201,Business,837.13,26,2024-05-06
3340,201,Business,2524.55,29,2024-01-29
3341,201,Business,2638.63,16,2024-01-01
3342,201,Business,1460.61,22,2024-03-11
3343,201,First,4749.23,40,2024-02-12
3344,201,First,3579.04,10,2024-02-26
3345,201,First,3256.29,35,2024-04-08
3346,201,First,5889.72,25,2024-01-01
3347,201,First,6519.91,11,2024-03-11
3348,202,Economy,335.24,78,2024-01-15
3349,202,Economy,188.88,184,2024-03-11
3350,202,Economy,181.49,103,2024-06-03
3351,202,Economy,332.79,127,2024-05-06
3352,202,Economy,554.84,193,2024-04-22
3353,202,Economy,380.23,67,2024-02-12
3354,202,Business,638.23,12,2024-04-08
3355,202,Business,1996.43,32,2024-03-11
3356,202,Business,2280.55,35,2024-06-03
3357,202,Business,1310.89,35,2024-06-17
3358,202,Business,1891.81,25,2024-05-20
3359,202,Business,2084.33,4,2024-01-29
3360,202,Business,1076.69,5,2024-01-15
3361,202,Business,2308.0,25,2024-05-06
3362,202,First,4380.54,24,2024-01-29
3363,202,First,2621.76,18,2024-06-03
3364,202,First,5680.52,5,2024-03-11
3365,202,First,3943.02,14,2024-04-22
3366,202,First,4655.22,2,2024-05-20
3367,203,Economy,137.92,57,2024-04-22
3368,203,Economy,686.61,56,2024-01-29
3369,203,Economy,286.84,57,2024-05-20
3370,203,Economy,419.44,55,2024-02-26
3371,203,Business,2658.08,30,2024-01-01
3372,203,Business,2611.03,26,2024-02-26
3373,203,Business,1935.17,36,2024-02-12
3374,203,Business,1061.37,11,2024-06-17
3375,203,First,6780.78,23,2024-05-06
3376,203,First,6820.56,16,2024-03-25
3377,203,First,4587.89,23,2024-05-20
3378,203,First,7400.32,15,2024-06-17
3379,203,First,3920.93,22,2024-06-03
3380,203,First,2462.24,8,2024-02-26
3381,203,First,3929.98,15,2024-03-11
3382,204,Economy,668.93,154,2024-05-06
3383,204,Economy,274.92,89,2024-01-29
3384,204,Economy,607.94,165,2024-01-15
3385,204,Economy,784.02,57,2024-04-22
3386,204,Economy,436.39,147,2024-04-08
3387,204,Economy,688.9,117,2024-03-11
3388,204,Economy,540.79,127,2024-01-01
3389,204,Business,2160.67,22,2024-03-25
3390,204,Business,1743.9,9,2024-01-15
3391,204,Business,753.06,22,2024-01-29
3392,204,Business,756.99,17,2024-01-01
3393,204,Business,1967.41,1,2024-04-22
3394,204,Business,2312.67,31,2024-04-08
3395,204,Business,1633.99,8,2024-02-26
3396,204,First,3983.2,36,2024-02-12
3397,204,First,6790.5,32,2024-05-20
3398,204,First,7677.61,9,2024-04-08
3399,204,First,6597.8,37,2024-02-26
3400,204,First,3886.75,0,2024-04-22
3401,204,First,7825.33,3,2024-05-06
3402,205,Economy,616.66,187,2024-06-17
3403,205,Economy,252.34,153,2024-03-11
3404,205,Economy,646.14,45,2024-05-06
3405,205,Economy,688.3,7,2024-01-15
3406,205,Economy,561.6,126,2024-05-20
3407,205,Economy,615.49,84,2024-04-22
3408,205,Economy,180.59,103,2024-02-26
3409,205,Economy,510.32,175,2024-02-12
3410,205,Business,1039.18,19,2024-06-17
3411,205,Business,1452.38,27,2024-03-25
3412,205,Business,2709.75,31,2024-06-03
3413,205,Business,817.76,16,2024-04-08
3414,205,Business,1563.43,14,2024-01-29
3415,205,Business,1442.88,40,2024-03-11
3416,205,First,5143.2,1,2024-03-11
3417,205,First,7275.81,3,2024-04-08
3418,205,First,7892.06,3,2024-01-15
3419,206,Economy,381.63,7,2024-03-11
3420,206,Economy,664.03,145,2024-01-15
3421,206,Economy,503.09,17,2024-01-29
3422,206,Economy,769.88,48,2024-01-01
3423,206,Economy,552.81,127,2024-04-22
3424,206,Economy,243.61,55,2024-05-06
3425,206,Economy,783.53,24,2024-04-08
3426,206,Economy,713.03,39,2024-05-20
3427,206,Business,2565.59,1,2024-03-11
3428,206,Business,2093.0,34,2024-05-06
3429,206,Business,2731.76,7,2024-01-29
3430,206,Business,2537.29,19,2024-04-08
3431,206,Business,2844.08,6,2024-05-20
3432,206,Business,1437.73,11,2024-04-22
3433,206,Business,2016.26,10,2024-03-25
3434,206,First,2931.52,39,2024-04-08
3435,206,First,7519.99,29,2024-02-12
3436,206,First,7571.64,35,2024-05-06
3437,207,Economy,287.43,36,2024-06-17
3438,207,Economy,282.83,125,2024-04-08
3439,207,Economy,248.07,103,2024-01-15
3440,207,Economy,148.28,15,2024-04-22
3441,207,Economy,743.3,122,2024-05-20
3442,207,Economy,671.42,168,2024-03-11
3443,207,Business,1980.21,34,2024-06-17
3444,207,Business,1852.01,34,2024-05-06
3445,207,Business,2143.68,18,2024-01-15
3446,207,Business,1368.76,28,2024-04-22
3447,207,Business,2432.45,18,2024-05-20
3448,207,Business,2866.19,27,2024-03-11
3449,207,Business,1570.17,24,2024-02-26
3450,207,Business,797.73,1,2024-03-25
3451,207,First,4985.69,18,2024-01-15
3452,207,First,6625.06,3,2024-03-11
3453,207,First,5165.3,2,2024-04-22
3454,207,First,3128.47,5,2024-04-08
3455,207,First,3842.72,37,2024-03-25
3456,207,First,6487.11,36,2024-02-26
3457,208,Economy,777.4,98,2024-01-29
3458,208,Economy,248.0,137,2024-05-20
3459,208,Economy,155.66,175,2024-03-11
3460,208,Economy,714.12,189,2024-01-01
3461,208,Economy,465.69,45,2024-04-22
3462,208,Economy,465.95,174,2024-05-06
3463,208,Economy,595.44,54,2024-04-08
3464,208,Business,2309.79,4,2024-04-08
3465,208,Business,2313.68,31,2024-01-29
3466,208,Business,1096.17,40,2024-02-12
3467,208,First,7426.37,21,2024-01-01
3468,208,First,7906.41,24,2024-06-17
3469,208,First,6959.43,23,2024-03-25
3470,208,First,7505.5,25,2024-02-12
3471,208,First,2268.54,9,2024-01-15
3472,208,First,5592.51,39,2024-02-26
3473,208,First,6011.2,27,2024-06-03
3474,209,Economy,126.95,105,2024-05-06
3475,209,Economy,376.45,48,2024-06-03
3476,209,Economy,675.37,124,2024-05-20
3477,209,Economy,292.33,2,2024-02-26
3478,209,Economy,546.05,101,2024-02-12
3479,209,Economy,148.42,196,2024-06-17
3480,209,Economy,425.41,169,2024-04-22
3481,209,Economy,588.86,18,2024-03-11
3482,209,Business,1001.68,16,2024-01-15
3483,209,Business,2892.76,25,2024-06-17
3484,209,Business,1283.54,18,2024-01-29
3485,209,Business,1283.29,36,2024-04-08
3486,209,Business,1227.6,7,2024-06-03
3487,209,Business,1547.77,12,2024-05-20
3488,209,Business,2880.5,35,2024-02-26
3489,209,Business,2631.49,12,2024-05-06
3490,209,First,2656.06,14,2024-04-22
3491,209,First,2228.19,24,2024-01-01
3492,209,First,3106.87,4,2024-04-08
3493,209,First,3450.51,39,2024-05-20
3494,210,Economy,570.76,128,2024-04-08
3495,210,Economy,641.42,48,2024-06-03
3496,210,Economy,642.61,185,2024-01-29
3497,210,Economy,336.19,145,2024-06-17
3498,210,Economy,129.66,39,2024-01-01
3499,210,Business,2763.75,3,2024-02-26
3500,210,Business,1539.15,9,2024-01-29
3501,210,Business,2872.37,32,2024-03-11
3502,210,Business,752.76,11,2024-04-08
3503,210,Business,2105.31,21,2024-02-12
3504,210,First,3726.84,10,2024-06-03
3505,210,First,2860.18,20,2024-04-08
3506,210,First,2340.28,4,2024-01-01
3507,210,First,4459.55,34,2024-06-17
3508,210,First,2104.77,10,2024-01-15
3509,210,First,6344.48,20,2024-02-12
3510,210,First,4222.23,9,2024-02-26
3511,210,First,7409.12,14,2024-03-25
3512,211,Economy,159.72,99,2024-03-25
3513,211,Economy,642.71,30,2024-01-01
3514,211,Economy,702.76,195,2024-05-06
3515,211,Business,1526.53,39,2024-01-01
3516,211,Business,1528.24,15,2024-05-06
3517,211,Business,2238.91,39,2024-04-22
3518,211,Business,1200.1,40,2024-01-15
3519,211,Business,1691.96,9,2024-06-17
3520,211,Business,1690.14,23,2024-04-08
3521,211,Business,1137.22,18,2024-02-26
3522,211,Business,2129.02,11,2024-03-11
3523,211,First,2863.9,29,2024-02-26
3524,211,First,4462.23,34,2024-01-29
3525,211,First,7110.1,25,2024-03-11
3526,211,First,2750.15,40,2024-01-01
3527,211,First,4117.65,25,2024-03-25
3528,211,First,4526.84,26,2024-06-17
3529,212,Economy,349.7,170,2024-06-03
3530,212,Economy,391.24,185,2024-04-08
3531,212,Economy,480.36,62,2024-06-17
3532,212,Economy,267.53,48,2024-03-25
3533,212,Economy,506.5,186,2024-05-20
3534,212,Economy,568.34,158,2024-03-11
3535,212,Business,1112.43,9,2024-04-08
3536,212,Business,1728.56,34,2024-04-22
3537,212,Business,2165.37,19,2024-03-25
3538,212,Business,2771.22,39,2024-03-11
3539,212,Business,1589.08,12,2024-02-26
3540,212,First,7622.73,27,2024-03-11
3541,212,First,3081.89,28,2024-04-22
3542,212,First,2143.01,13,2024-01-29
3543,212,First,4315.82,11,2024-03-25
3544,213,Economy,511.05,50,2024-06-03
3545,213,Economy,222.46,81,2024-05-20
3546,213,Economy,438.63,189,2024-05-06
3547,213,Economy,208.78,124,2024-01-29
3548,213,Economy,335.03,195,2024-03-25
3549,213,Business,651.52,3,2024-04-22
3550,213,Business,1395.62,5,2024-06-03
3551,213,Business,1351.91,22,2024-05-20
3552,213,Business,1087.22,9,2024-01-01
3553,213,Business,2899.1,19,2024-01-15
3554,213,Business,2617.63,23,2024-06-17
3555,213,Business,2095.76,20,2024-05-06
3556,213,First,6814.02,10,2024-04-08
3557,213,First,7404.9,9,2024-06-17
3558,213,First,2979.54,7,2024-03-11
3559,213,First,5193.83,39,2024-01-29
3560,213,First,4458.08,35,2024-02-26
3561,213,First,5313.93,30,2024-04-22
3562,213,First,6199.18,17,2024-01-01
3563,214,Economy,212.21,97,2024-02-12
3564,214,Economy,441.51,122,2024-01-15
3565,214,Economy,235.91,5,2024-05-20
3566,214,Economy,518.6,92,2024-01-29
3567,214,Economy,753.04,149,2024-04-08
3568,214,Economy,508.9,114,2024-06-03
3569,214,Economy,727.91,125,2024-03-25
3570,214,Economy,763.69,145,2024-01-01
3571,214,Business,923.86,19,2024-03-11
3572,214,Business,2225.7,9,2024-01-15
3573,214,Business,866.33,12,2024-06-17
3574,214,Business,2907.78,20,2024-06-03
3575,214,Business,1301.64,5,2024-01-29
3576,214,First,7950.21,23,2024-05-06
3577,214,First,7107.52,12,2024-04-08
3578,214,First,5080.54,33,2024-01-01
3579,214,First,7425.68,1,2024-06-17
3580,214,First,4937.65,10,2024-03-25
3581,215,Economy,298.92,110,2024-05-20
3582,215,Economy,349.51,69,2024-02-12
3583,215,Economy,630.0,194,2024-02-26
3584,215,Business,625.63,36,2024-04-08
3585,215,Business,646.11,24,2024-05-20
3586,215,Business,1079.14,30,2024-01-15
3587,215,Business,1512.04,2,2024-03-11
3588,215,Business,2268.69,17,2024-04-22
3589,215,Business,2272.45,21,2024-01-01
3590,215,Business,1480.31,32,2024-06-03
3591,215,Business,2648.7,27,2024-02-26
3592,215,First,4932.98,17,2024-06-03
3593,215,First,2499.84,28,2024-03-11
3594,215,First,7512.66,5,2024-01-29
3595,215,First,6832.85,20,2024-06-17
3596,215,First,7168.87,7,2024-02-26
3597,215,First,2138.04,8,2024-02-12
3598,216,Economy,373.9,39,2024-02-12
3599,216,Economy,508.9,60,2024-01-15
3600,216,Economy,649.64,19,2024-01-29
3601,216,Business,2688.38,39,2024-06-03
3602,216,Business,768.92,37,2024-01-01
3603,216,Business,2102.7,29,2024-03-11
3604,216,First,3197.13,5,2024-03-11
3605,216,First,3113.45,5,2024-05-20
3606,216,First,2023.05,14,2024-01-15
3607,216,First,3261.31,5,2024-05-06
3608,216,First,4321.41,40,2024-06-03
3609,216,First,5176.0,30,2024-01-01
3610,216,First,6905.31,31,2024-06-17
3611,216,First,5632.75,11,2024-04-22
3612,217,Economy,245.75,1,2024-02-26
3613,217,Economy,174.1,50,2024-06-03
3614,217,Economy,299.02,138,2024-05-20
3615,217,Economy,511.3,48,2024-05-06
3616,217,Economy,595.98,179,2024-01-01
3617,217,Economy,637.93,48,2024-04-08
3618,217,Business,2124.71,37,2024-03-11
3619,217,Business,1312.13,26,2024-02-12
3620,217,Business,1815.97,18,2024-01-29
3621,217,Business,1123.82,16,2024-03-25
3622,217,First,3688.69,10,2024-06-03
3623,217,First,2387.92,4,2024-02-12
3624,217,First,4963.54,3,2024-04-22
3625,217,First,5719.07,27,2024-01-01
3626,217,First,2479.71,28,2024-02-26
3627,218,Economy,336.51,197,2024-06-03
3628,218,Economy,743.11,92,2024-05-20
3629,218,Economy,594.69,155,2024-01-15
3630,218,Business,1489.06,19,2024-01-15
3631,218,Business,2432.19,20,2024-05-06
3632,218,Business,1910.2,12,2024-02-26
3633,218,Business,1147.47,10,2024-03-11
3634,218,Business,702.48,22,2024-04-08
3635,218,Business,1583.36,29,2024-06-03
3636,218,Business,1378.48,25,2024-04-22
3637,218,Business,1712.7,29,2024-02-12
3638,218,First,6729.59,24,2024-01-29
3639,218,First,7938.57,40,2024-06-17
3640,218,First,2896.3,23,2024-03-25
3641,218,First,2083.7,11,2024-05-20
3642,218,First,2906.23,11,2024-01-01
3643,218,First,3301.96,1,2024-06-03
3644,219,Economy,458.18,40,2024-04-08
3645,219,Economy,326.4,140,2024-01-29
3646,219,Economy,308.82,48,2024-02-26
3647,219,Economy,450.84,185,2024-03-11
3648,219,Economy,459.41,111,2024-02-12
3649,219,Economy,764.19,40,2024-01-01
3650,219,Business,2294.46,38,2024-05-20
3651,219,Business,1294.37,15,2024-01-01
3652,219,Business,1845.03,31,2024-03-11
3653,219,Business,2528.69,26,2024-01-15
3654,219,Business,1777.22,19,2024-05-06
3655,219,Business,2115.62,21,2024-06-17
3656,219,First,4046.58,23,2024-02-26
3657,219,First,6842.75,8,2024-05-20
3658,219,First,4217.41,30,2024-05-06
3659,219,First,2378.75,28,2024-03-25
3660,219,First,4220.05,15,2024-01-15
3661,219,First,3256.74,20,2024-01-29
3662,219,First,6129.69,20,2024-06-17
3663,219,First,5803.23,30,2024-04-08
3664,220,Economy,733.26,82,2024-04-22
3665,220,Economy,651.48,146,2024-03-11
3666,220,Economy,780.37,58,2024-05-06
3667,220,Economy,601.51,156,2024-06-03
3668,220,Economy,281.17,63,2024-02-12
3669,220,Business,1521.94,9,2024-05-06
3670,220,Business,2096.66,5,2024-04-08
3671,220,Business,1870.17,29,2024-01-01
3672,220,Business,2046.24,17,2024-03-11
3673,220,Business,760.62,24,2024-04-22
3674,220,Business,2465.84,17,2024-01-15
3675,220,First,3963.29,39,2024-01-29
3676,220,First,4895.32,9,2024-03-11
3677,220,First,6702.11,20,2024-01-01
3678,220,First,4908.19,20,2024-04-08
3679,220,First,5628.63,34,2024-02-12
3680,220,First,3200.35,12,2024-04-22
3681,220,First,7746.35,38,2024-06-03
3682,220,First,5630.49,18,2024-05-20
3683,221,Economy,407.63,2,2024-01-01
3684,221,Economy,322.76,52,2024-06-03
3685,221,Economy,217.96,6,2024-02-12
3686,221,Economy,139.6,164,2024-04-22
3687,221,Economy,638.41,20,2024-05-06
3688,221,Economy,370.67,198,2024-02-26
3689,221,Economy,738.67,37,2024-01-15
3690,221,Economy,423.75,97,2024-05-20
3691,221,Business,1262.28,38,2024-01-29
3692,221,Business,1688.0,10,2024-05-06
3693,221,Business,2007.55,20,2024-04-08
3694,221,Business,2894.65,7,2024-03-11
3695,221,Business,725.82,20,2024-01-15
3696,221,Business,1926.18,23,2024-02-26
3697,221,Business,940.21,24,2024-02-12
3698,221,First,5678.49,2,2024-01-01
3699,221,First,5861.73,20,2024-05-20
3700,221,First,5393.7,36,2024-03-25
3701,221,First,2236.29,32,2024-03-11
3702,221,First,2335.16,8,2024-06-03
3703,221,First,4980.06,4,2024-01-29
3704,221,First,2839.47,6,2024-04-08
3705,222,Economy,175.19,87,2024-01-29
3706,222,Economy,630.58,126,2024-06-03
3707,222,Economy,392.38,15,2024-02-12
3708,222,Economy,476.78,164,2024-01-15
3709,222,Economy,657.02,177,2024-03-11
3710,222,Economy,225.39,22,2024-04-22
3711,222,Economy,673.77,114,2024-06-17
3712,222,Business,735.63,35,2024-01-15
3713,222,Business,658.14,14,2024-02-26
3714,222,Business,1748.86,2,2024-02-12
3715,222,Business,1125.6,14,2024-05-20
3716,222,First,4325.15,40,2024-01-29
3717,222,First,6021.58,1,2024-04-22
3718,222,First,5061.48,18,2024-03-11
3719,222,First,4953.36,26,2024-05-20
3720,223,Economy,516.26,1,2024-01-15
3721,223,Economy,357.58,20,2024-01-01
3722,223,Economy,515.48,94,2024-02-12
3723,223,Economy,466.22,42,2024-05-06
3724,223,Economy,390.08,38,2024-06-03
3725,223,Economy,484.64,160,2024-05-20
3726,223,Economy,626.09,72,2024-06-17
3727,223,Business,2603.57,38,2024-04-22
3728,223,Business,1215.07,12,2024-03-11
3729,223,Business,1384.94,16,2024-06-17
3730,223,Business,1542.32,18,2024-03-25
3731,223,Business,1683.96,28,2024-01-29
3732,223,First,2249.96,6,2024-05-20
3733,223,First,6456.88,13,2024-06-17
3734,223,First,3200.86,36,2024-04-22
3735,223,First,6414.22,19,2024-03-25
3736,223,First,6997.58,13,2024-02-12
3737,223,First,7319.91,19,2024-01-29
3738,223,First,4165.63,3,2024-01-01
3739,224,Economy,267.17,46,2024-05-20
3740,224,Economy,705.04,52,2024-02-12
3741,224,Economy,459.72,184,2024-05-06
3742,224,Economy,384.23,83,2024-02-26
3743,224,Economy,431.36,100,2024-06-03
3744,224,Economy,529.23,42,2024-01-01
3745,224,Economy,746.16,122,2024-01-29
3746,224,Economy,501.36,73,2024-04-08
3747,224,Business,2657.2,17,2024-02-12
3748,224,Business,2832.38,19,2024-01-15
3749,224,Business,1668.15,36,2024-05-06
3750,224,Business,2906.9,6,2024-06-03
3751,224,Business,728.49,13,2024-01-01
3752,224,Business,2149.85,27,2024-04-22
3753,224,Business,2380.43,23,2024-02-26
3754,224,Business,782.64,26,2024-04-08
3755,224,First,7580.75,13,2024-01-01
3756,224,First,2721.95,40,2024-02-26
3757,224,First,6465.56,1,2024-06-17
3758,224,First,7281.74,30,2024-01-15
3759,224,First,3047.49,7,2024-06-03
3760,224,First,2516.57,15,2024-01-29
3761,224,First,4731.47,37,2024-04-08
3762,224,First,6169.51,17,2024-02-12
3763,225,Economy,617.38,39,2024-01-01
3764,225,Economy,266.52,101,2024-06-03
3765,225,Economy,581.05,7,2024-05-06
3766,225,Economy,145.27,110,2024-04-08
3767,225,Economy,684.71,105,2024-01-15
3768,225,Business,2902.63,17,2024-01-01
3769,225,Business,2303.76,30,2024-05-06
3770,225,Business,1086.48,17,2024-06-17
3771,225,Business,658.59,17,2024-01-15
3772,225,First,7975.02,2,2024-02-12
3773,225,First,7241.13,27,2024-06-03
3774,225,First,5353.67,31,2024-04-08
3775,225,First,6751.78,3,2024-01-01
3776,226,Economy,678.09,139,2024-03-11
3777,226,Economy,231.45,168,2024-01-15
3778,226,Economy,733.24,185,2024-05-06
3779,226,Economy,494.7,37,2024-06-17
3780,226,Economy,338.08,163,2024-04-08
3781,226,Business,1721.96,22,2024-03-25
3782,226,Business,2441.55,9,2024-01-29
3783,226,Business,2554.15,31,2024-05-06
3784,226,Business,2221.71,26,2024-06-17
3785,226,Business,1464.79,27,2024-03-11
3786,226,First,3996.82,22,2024-05-06
3787,226,First,5872.78,28,2024-02-26
3788,226,First,6522.22,10,2024-01-29
3789,227,Economy,218.63,87,2024-03-11
3790,227,Economy,487.34,190,2024-04-22
3791,227,Economy,228.41,146,2024-05-20
3792,227,Business,2576.26,7,2024-06-17
3793,227,Business,2977.21,34,2024-02-12
3794,227,Business,700.75,6,2024-03-25
3795,227,Business,1981.12,16,2024-01-15
3796,227,First,6391.13,23,2024-05-20
3797,227,First,5290.7,25,2024-01-29
3798,227,First,5138.73,25,2024-02-12
3799,227,First,3314.43,22,2024-03-11
3800,227,First,6498.96,6,2024-04-08
3801,227,First,3354.89,29,2024-01-15
3802,227,First,2934.21,12,2024-06-03
3803,228,Economy,284.45,103,2024-01-01
3804,228,Economy,325.94,53,2024-04-22
3805,228,Economy,488.54,24,2024-01-15
3806,228,Economy,767.05,48,2024-04-08
3807,228,Economy,135.98,7,2024-01-29
3808,228,Economy,321.13,53,2024-05-20
3809,228,Economy,246.29,198,2024-03-11
3810,228,Economy,582.73,17,2024-06-03
3811,228,Business,625.36,38,2024-04-08
3812,228,Business,1320.52,24,2024-01-15
3813,228,Business,1499.8,19,2024-03-25
3814,228,Business,1628.46,37,2024-03-11
3815,228,Business,2806.93,40,2024-05-20
3816,228,First,4108.98,16,2024-05-06
3817,228,First,6203.79,24,2024-01-01
3818,228,First,6517.51,6,2024-05-20
3819,228,First,4536.21,37,2024-04-08
3820,228,First,5721.39,22,2024-06-03
3821,228,First,7694.73,31,2024-06-17
3822,228,First,7967.83,24,2024-01-29
3823,229,Economy,291.47,23,2024-04-08
3824,229,Economy,176.42,185,2024-01-15
3825,229,Economy,684.83,161,2024-06-17
3826,229,Business,1179.31,30,2024-04-08
3827,229,Business,682.42,19,2024-03-25
3828,229,Business,1926.3,28,2024-03-11
3829,229,First,6102.94,37,2024-05-06
3830,229,First,7176.3,1,2024-03-25
3831,229,First,7613.23,28,2024-01-15
3832,229,First,2414.6,11,2024-01-01
3833,230,Economy,292.18,30,2024-02-26
3834,230,Economy,594.79,125,2024-06-03
3835,230,Economy,238.26,115,2024-05-06
3836,230,Economy,319.5,41,2024-03-25
3837,230,Economy,147.08,153,2024-04-22
3838,230,Economy,345.36,28,2024-01-01
3839,230,Business,2461.78,11,2024-01-29
3840,230,Business,2453.91,2,2024-01-15
3841,230,Business,1325.46,14,2024-02-12
3842,230,Business,1416.17,37,2024-04-08
3843,230,Business,2629.29,14,2024-05-06
3844,230,Business,2313.19,7,2024-05-20
3845,230,Business,843.69,8,2024-01-01
3846,230,Business,916.8,38,2024-04-22
3847,230,First,5151.05,23,2024-01-01
3848,230,First,5808.99,6,2024-04-08
3849,230,First,4511.75,2,2024-06-03
3850,230,First,3673.41,35,2024-03-11
3851,230,First,6212.29,4,2024-03-25
3852,230,First,2391.05,16,2024-06-17
3853,230,First,7266.69,22,2024-05-06
3854,231,Economy,230.16,146,2024-03-25
3855,231,Economy,247.02,50,2024-04-22
3856,231,Economy,423.35,139,2024-02-12
3857,231,Economy,373.86,67,2024-01-29
3858,231,Economy,444.96,168,2024-01-15
3859,231,Economy,246.15,105,2024-01-01
3860,231,Business,1085.87,19,2024-04-22
3861,231,Business,919.72,25,2024-01-01
3862,231,Business,626.86,3,2024-02-12
3863,231,First,7282.31,8,2024-06-17
3864,231,First,3917.18,15,2024-01-01
3865,231,First,7163.51,13,2024-01-15
3866,231,First,3132.0,30,2024-04-22
3867,231,First,4869.65,13,2024-02-26
3868,231,First,2594.28,24,2024-06-03
3869,231,First,5318.2,40,2024-01-29
3870,232,Economy,637.15,122,2024-06-17
3871,232,Economy,469.1,18,2024-01-15
3872,232,Economy,504.99,63,2024-01-29
3873,232,Economy,546.32,105,2024-05-20
3874,232,Economy,691.04,92,2024-04-22
3875,232,Economy,757.57,67,2024-05-06
3876,232,Economy,396.35,192,2024-03-25
3877,232,Business,1537.86,38,2024-01-01
3878,232,Business,2607.29,14,2024-03-11
3879,232,Business,2396.66,8,2024-03-25
3880,232,Business,1750.48,32,2024-06-17
3881,232,Business,2732.99,40,2024-02-12
3882,232,Business,977.48,38,2024-06-03
3883,232,First,5370.12,9,2024-02-26
3884,232,First,6637.51,2,2024-04-08
3885,232,First,4217.13,25,2024-01-15
3886,232,First,3685.0,21,2024-03-25
3887,232,First,3820.98,34,2024-01-01
3888,232,First,5631.78,19,2024-05-06
3889,232,First,7132.27,30,2024-04-22
3890,233,Economy,181.87,125,2024-04-08
3891,233,Economy,783.15,136,2024-03-25
3892,233,Economy,471.56,161,2024-05-06
3893,233,Economy,162.8,161,2024-04-22
3894,233,Economy,302.38,69,2024-01-29
3895,233,Economy,714.83,152,2024-06-17
3896,233,Economy,469.19,80,2024-05-20
3897,233,Business,1060.43,21,2024-02-12
3898,233,Business,1842.41,26,2024-05-06
3899,233,Business,1268.45,38,2024-06-17
3900,233,Business,1617.24,12,2024-03-11
3901,233,Business,2443.95,8,2024-02-26
3902,233,First,5490.49,11,2024-02-26
3903,233,First,2703.26,18,2024-02-12
3904,233,First,5831.57,13,2024-05-20
3905,233,First,5588.79,40,2024-03-11
3906,233,First,6982.34,11,2024-04-22
3907,233,First,7323.64,31,2024-05-06
3908,233,First,4249.99,25,2024-01-15
3909,233,First,4906.06,17,2024-06-03
3910,234,Economy,204.61,96,2024-04-08
3911,234,Economy,672.92,100,2024-04-22
3912,234,Economy,122.22,48,2024-03-11
3913,234,Economy,672.15,65,2024-01-29
3914,234,Economy,750.91,116,2024-02-26
3915,234,Economy,755.63,140,2024-01-15
3916,234,Economy,516.84,70,2024-05-06
3917,234,Business,2956.07,38,2024-05-06
3918,234,Business,859.39,27,2024-03-25
3919,234,Business,1528.52,7,2024-02-12
3920,234,Business,935.35,7,2024-02-26
3921,234,Business,1467.2,3,2024-01-01
3922,234,Business,698.48,4,2024-06-03
3923,234,Business,1265.65,35,2024-03-11
3924,234,First,5399.4,0,2024-02-26
3925,234,First,2668.59,39,2024-01-29
3926,234,First,6317.43,18,2024-01-15
3927,234,First,4578.82,14,2024-03-25
3928,234,First,3322.63,38,2024-02-12
3929,234,First,5423.7,17,2024-01-01
3930,234,First,7567.11,22,2024-03-11
3931,235,Economy,335.37,56,2024-01-29
3932,235,Economy,236.85,98,2024-01-01
3933,235,Economy,258.14,157,2024-04-22
3934,235,Economy,131.86,41,2024-05-06
3935,235,Business,2948.81,17,2024-05-06
3936,235,Business,2542.92,7,2024-06-03
3937,235,Business,829.64,26,2024-06-17
3938,235,First,7351.31,14,2024-02-12
3939,235,First,3676.82,0,2024-04-08
3940,235,First,3432.62,19,2024-05-06
3941,235,First,4611.16,38,2024-01-29
3942,236,Economy,604.45,113,2024-04-08
3943,236,Economy,222.26,98,2024-02-12
3944,236,Economy,698.4,192,2024-06-03
3945,236,Economy,378.51,138,2024-01-15
3946,236,Economy,640.24,52,2024-05-06
3947,236,Economy,719.63,125,2024-03-25
3948,236,Business,1818.14,24,2024-06-17
3949,236,Business,2611.73,38,2024-04-22
3950,236,Business,1093.13,9,2024-03-11
3951,236,Business,2288.3,38,2024-05-20
3952,236,Business,2608.66,24,2024-01-01
3953,236,Business,1004.12,25,2024-04-08
3954,236,First,3644.85,18,2024-02-12
3955,236,First,7390.72,24,2024-03-11
3956,236,First,5602.61,30,2024-06-03
3957,236,First,7763.93,36,2024-03-25
3958,237,Economy,604.89,5,2024-05-20
3959,237,Economy,384.43,88,2024-06-03
3960,237,Economy,364.47,5,2024-01-15
3961,237,Economy,453.85,185,2024-04-08
3962,237,Business,1245.89,16,2024-03-25
3963,237,Business,1748.47,10,2024-01-15
3964,237,Business,1125.93,37,2024-06-17
3965,237,Business,2148.02,38,2024-02-26
3966,237,Business,1874.25,12,2024-03-11
3967,237,Business,2630.17,24,2024-02-12
3968,237,First,5692.7,35,2024-01-01
3969,237,First,2300.39,5,2024-02-12
3970,237,First,5151.52,16,2024-01-15
3971,237,First,4718.6,18,2024-01-29
3972,237,First,2849.8,27,2024-05-20
3973,238,Economy,473.95,59,2024-01-29
3974,238,Economy,712.83,158,2024-02-12
3975,238,Economy,155.46,167,2024-03-25
3976,238,Economy,652.51,189,2024-02-26
3977,238,Economy,239.64,140,2024-06-17
3978,238,Business,761.72,6,2024-03-25
3979,238,Business,1245.71,11,2024-01-29
3980,238,Business,1881.49,29,2024-02-12
3981,238,Business,1928.25,23,2024-01-01
3982,238,Business,2335.7,9,2024-05-20
3983,238,Business,1880.78,11,2024-01-15
3984,238,First,6598.1,32,2024-06-17
3985,238,First,6879.83,32,2024-01-01
3986,238,First,5027.06,3,2024-03-11
3987,238,First,4362.83,10,2024-01-29
3988,239,Economy,284.51,155,2024-04-08
3989,239,Economy,687.31,146,2024-01-29
3990,239,Economy,652.55,118,2024-06-03
3991,239,Business,989.01,38,2024-04-08
3992,239,Business,2410.83,4,2024-01-29
3993,239,Business,2958.86,8,2024-01-15
3994,239,Business,601.38,29,2024-02-12
3995,239,First,4799.72,33,2024-06-17
3996,239,First,4123.61,38,2024-04-08
3997,239,First,5464.83,25,2024-05-20
3998,239,First,6509.79,33,2024-03-25
3999,239,First,7621.22,10,2024-04-22
4000,239,First,5018.92,31,2024-05-06
4001,239,First,2757.44,2,2024-02-26
4002,240,Economy,198.56,105,2024-01-15
4003,240,Economy,380.15,76,2024-05-06
4004,240,Economy,374.06,80,2024-03-11
4005,240,Economy,451.31,192,2024-02-26
4006,240,Business,2400.83,28,2024-02-12
4007,240,Business,2676.47,8,2024-03-25
4008,240,Business,2157.77,19,2024-05-20
4009,240,First,4920.66,29,2024-02-12
4010,240,First,6277.34,23,2024-01-29
4011,240,First,7294.3,29,2024-01-01
4012,240,First,2782.48,3,2024-06-17
4013,240,First,3472.2,9,2024-04-08
4014,240,First,7382.23,6,2024-02-26
4015,241,Economy,723.19,110,2024-03-11
4016,241,Economy,173.12,75,2024-01-01
4017,241,Economy,361.25,131,2024-06-17
4018,241,Economy,495.09,10,2024-04-08
4019,241,Economy,755.1,122,2024-03-25
4020,241,Business,1344.82,32,2024-03-11
4021,241,Business,998.27,6,2024-06-17
4022,241,Business,950.25,35,2024-02-12
4023,241,First,4227.6,28,2024-01-01
4024,241,First,4420.47,39,2024-06-17
4025,241,First,4761.75,39,2024-04-22
4026,241,First,3959.27,23,2024-02-12
4027,241,First,2305.5,33,2024-05-20
4028,242,Economy,649.93,186,2024-01-15
4029,242,Economy,629.28,129,2024-04-08
4030,242,Economy,165.76,39,2024-06-03
4031,242,Economy,754.4,96,2024-03-25
4032,242,Economy,344.5,182,2024-04-22
4033,242,Economy,419.11,184,2024-01-01
4034,242,Economy,551.94,36,2024-03-11
4035,242,Business,1521.33,25,2024-06-17
4036,242,Business,1128.57,2,2024-02-12
4037,242,Business,1326.98,8,2024-01-15
4038,242,Business,1066.78,36,2024-05-06
4039,242,First,5409.12,13,2024-03-25
4040,242,First,2003.4,4,2024-01-29
4041,242,First,2980.35,2,2024-06-17
4042,242,First,3593.05,30,2024-04-22
4043,243,Economy,748.88,126,2024-02-12
4044,243,Economy,197.68,171,2024-04-08
4045,243,Economy,432.53,87,2024-01-29
4046,243,Business,2195.86,33,2024-06-03
4047,243,Business,973.44,37,2024-03-11
4048,243,Business,1848.12,17,2024-04-08
4049,243,Business,2534.85,15,2024-02-26
4050,243,Business,1142.88,1,2024-04-22
4051,243,Business,1641.3,17,2024-06-17
4052,243,Business,1387.57,32,2024-05-20
4053,243,First,6810.04,16,2024-04-08
4054,243,First,2638.98,9,2024-06-03
4055,243,First,5330.08,14,2024-03-25
4056,243,First,7284.48,15,2024-01-01
4057,243,First,4786.09,9,2024-02-26
4058,244,Economy,366.84,190,2024-06-03
4059,244,Economy,391.9,145,2024-04-22
4060,244,Economy,345.22,20,2024-06-17
4061,244,Business,2459.92,3,2024-01-29
4062,244,Business,1645.5,27,2024-05-06
4063,244,Business,969.71,30,2024-04-08
4064,244,Business,2948.06,21,2024-01-15
4065,244,First,7567.01,25,2024-01-15
4066,244,First,5530.54,25,2024-02-26
4067,244,First,4580.63,15,2024-02-12
4068,244,First,3718.81,39,2024-04-08
4069,244,First,6827.18,21,2024-05-06
4070,245,Economy,700.18,25,2024-05-06
4071,245,Economy,175.82,188,2024-03-11
4072,245,Economy,125.77,138,2024-06-17
4073,245,Economy,411.41,23,2024-03-25
4074,245,Business,1299.42,23,2024-05-20
4075,245,Business,2228.98,22,2024-01-29
4076,245,Business,2198.54,5,2024-01-01
4077,245,Business,697.03,19,2024-06-17
4078,245,Business,1392.34,2,2024-04-08
4079,245,Business,2991.16,5,2024-06-03
4080,245,Business,2971.64,39,2024-05-06
4081,245,Business,600.51,12,2024-01-15
4082,245,First,5560.22,39,2024-03-25
4083,245,First,7021.1,4,2024-04-08
4084,245,First,6990.81,18,2024-01-15
4085,245,First,2831.7,29,2024-02-26
4086,246,Economy,272.18,72,2024-02-26
4087,246,Economy,141.78,86,2024-01-29
4088,246,Economy,572.21,177,2024-05-20
4089,246,Economy,441.41,115,2024-04-22
4090,246,Economy,363.95,130,2024-01-15
4091,246,Economy,328.35,167,2024-04-08
4092,246,Economy,599.85,102,2024-06-17
4093,246,Business,1707.09,9,2024-06-17
4094,246,Business,688.31,3,2024-02-12
4095,246,Business,2010.44,7,2024-02-26
4096,246,Business,954.43,28,2024-03-11
4097,246,Business,902.66,4,2024-06-03
4098,246,Business,1277.94,21,2024-04-22
4099,246,First,6009.62,35,2024-03-11
4100,246,First,6376.28,19,2024-05-06
4101,246,First,7624.62,13,2024-02-12
4102,246,First,7373.54,2,2024-04-08
4103,246,First,4185.26,25,2024-03-25
4104,246,First,3148.93,4,2024-04-22
4105,246,First,2293.47,16,2024-01-01
4106,246,First,4337.35,31,2024-06-17
4107,247,Economy,626.79,181,2024-05-20
4108,247,Economy,407.2,80,2024-03-25
4109,247,Economy,771.48,192,2024-03-11
4110,247,Economy,505.27,179,2024-04-08
4111,247,Economy,245.09,200,2024-01-29
4112,247,Economy,231.64,64,2024-06-17
4113,247,Business,1176.06,38,2024-01-15
4114,247,Business,1788.86,17,2024-04-08
4115,247,Business,2777.54,11,2024-03-11
4116,247,Business,1602.89,0,2024-01-29
4117,247,Business,2115.69,21,2024-01-01
4118,247,Business,2520.5,23,2024-05-06
4119,247,First,3266.37,21,2024-01-01
4120,247,First,6082.13,32,2024-01-15
4121,247,First,3640.68,25,2024-04-08
4122,247,First,7337.52,37,2024-04-22
4123,247,First,5674.78,39,2024-02-12
4124,248,Economy,775.62,151,2024-03-25
4125,248,Economy,492.04,137,2024-06-03
4126,248,Economy,797.82,116,2024-01-01
4127,248,Economy,150.27,85,2024-04-08
4128,248,Business,2916.21,4,2024-03-25
4129,248,Business,1738.84,26,2024-05-06
4130,248,Business,2829.72,38,2024-05-20
4131,248,First,7349.08,2,2024-02-12
4132,248,First,6900.42,37,2024-03-11
4133,248,First,3524.85,16,2024-05-06
4134,248,First,2025.71,14,2024-06-17
4135,248,First,2243.26,28,2024-04-08
4136,248,First,3433.88,0,2024-02-26
4137,248,First,4580.06,4,2024-01-29
4138,249,Economy,710.61,187,2024-04-22
4139,249,Economy,660.35,163,2024-06-17
4140,249,Economy,655.84,196,2024-03-25
4141,249,Economy,528.17,13,2024-01-01
4142,249,Economy,457.71,148,2024-06-03
4143,249,Business,2471.22,15,2024-04-22
4144,249,Business,2821.51,24,2024-05-20
4145,249,Business,1945.81,21,2024-06-17
4146,249,Business,1025.37,12,2024-02-26
4147,249,First,3972.65,15,2024-05-20
4148,249,First,7679.47,1,2024-03-25
4149,249,First,2596.76,16,2024-01-15
4150,250,Economy,402.59,109,2024-05-20
4151,250,Economy,258.78,41,2024-02-26
4152,250,Economy,365.77,195,2024-06-17
4153,250,Economy,753.58,79,2024-06-03
4154,250,Business,891.46,0,2024-06-03
4155,250,Business,2888.61,4,2024-04-22
4156,250,Business,2468.8,17,2024-05-20
4157,250,Business,2916.34,7,2024-01-15
4158,250,Business,2435.76,21,2024-05-06
4159,250,Business,891.45,34,2024-01-29
4160,250,Business,1716.71,7,2024-03-25
4161,250,First,4119.44,24,2024-05-20
4162,250,First,6839.61,34,2024-05-06
4163,250,First,7669.64,1,2024-02-26
4164,250,First,7465.52,39,2024-01-15
4165,250,First,6826.25,5,2024-03-11
4166,250,First,7952.74,10,2024-06-03
4167,251,Economy,252.04,193,2024-03-11
4168,251,Economy,549.47,7,2024-01-29
4169,251,Economy,351.32,99,2024-04-22
4170,251,Economy,659.01,110,2024-05-20
4171,251,Business,1109.66,12,2024-06-17
4172,251,Business,2090.58,30,2024-04-22
4173,251,Business,2456.31,4,2024-03-25
4174,251,First,4213.22,2,2024-02-12
4175,251,First,2218.28,12,2024-05-20
4176,251,First,2022.33,22,2024-04-08
4177,251,First,2102.73,23,2024-04-22
4178,251,First,5892.3,26,2024-06-03
4179,251,First,6498.4,0,2024-03-25
4180,251,First,7817.5,29,2024-01-29
4181,251,First,2511.35,6,2024-03-11
4182,252,Economy,496.44,141,2024-04-22
4183,252,Economy,613.61,87,2024-06-17
4184,252,Economy,201.43,8,2024-01-15
4185,252,Economy,654.58,163,2024-05-06
4186,252,Economy,335.61,79,2024-01-29
4187,252,Economy,485.22,108,2024-04-08
4188,252,Economy,319.55,27,2024-02-12
4189,252,Business,2270.18,24,2024-02-26
4190,252,Business,2998.27,17,2024-05-20
4191,252,Business,1415.86,26,2024-01-29
4192,252,First,4989.72,19,2024-04-22
4193,252,First,4441.23,1,2024-03-11
4194,252,First,7887.52,20,2024-01-15
4195,253,Economy,529.98,25,2024-06-03
4196,253,Economy,366.52,24,2024-01-15
4197,253,Economy,782.75,196,2024-01-29
4198,253,Economy,346.97,31,2024-04-22
4199,253,Business,1155.65,17,2024-05-06
4200,253,Business,1347.57,35,2024-02-12
4201,253,Business,2411.62,5,2024-06-17
4202,253,Business,2547.79,35,2024-01-15
4203,253,First,6513.81,2,2024-06-03
4204,253,First,3871.35,26,2024-04-22
4205,253,First,2557.8,21,2024-02-26
4206,253,First,3614.29,3,2024-06-17
4207,253,First,2821.35,6,2024-05-20
4208,253,First,7693.9,37,2024-01-15
4209,253,First,2024.06,30,2024-02-12
4210,254,Economy,488.54,67,2024-04-08
4211,254,Economy,227.99,143,2024-03-11
4212,254,Economy,728.62,63,2024-03-25
4213,254,Business,2156.37,36,2024-03-11
4214,254,Business,2281.67,6,2024-01-29
4215,254,Business,2114.01,1,2024-06-03
4216,254,First,7937.88,0,2024-02-12
4217,254,First,6088.47,17,2024-06-03
4218,254,First,5460.14,12,2024-01-29
4219,254,First,4955.92,15,2024-05-20
4220,254,First,2356.23,13,2024-04-22
4221,254,First,5679.55,24,2024-06-17
4222,255,Economy,395.07,151,2024-04-22
4223,255,Economy,399.85,148,2024-02-26
4224,255,Economy,315.61,63,2024-03-11
4225,255,Economy,539.14,31,2024-01-29
4226,255,Business,2017.77,16,2024-03-25
4227,255,Business,2259.12,36,2024-02-26
4228,255,Business,1042.46,37,2024-05-20
4229,255,Business,887.95,15,2024-05-06
4230,255,Business,917.88,2,2024-04-08
4231,255,Business,1154.05,15,2024-01-01
4232,255,Business,2387.71,4,2024-04-22
4233,255,Business,2241.76,8,2024-02-12
4234,255,First,5911.12,7,2024-02-26
4235,255,First,6979.82,0,2024-01-15
4236,255,First,4480.14,21,2024-05-06
4237,255,First,3238.0,9,2024-01-01
4238,256,Economy,341.08,105,2024-06-03
4239,256,Economy,377.53,132,2024-05-20
4240,256,Economy,582.61,113,2024-01-15
4241,256,Economy,570.92,162,2024-03-11
4242,256,Business,2687.88,15,2024-02-12
4243,256,Business,1775.79,17,2024-03-25
4244,256,Business,1649.88,16,2024-03-11
4245,256,Business,607.34,29,2024-06-17
4246,256,First,3734.44,26,2024-01-01
4247,256,First,2662.5,18,2024-06-17
4248,256,First,2844.19,17,2024-04-08
4249,256,First,3062.36,0,2024-04-22
4250,257,Economy,326.17,57,2024-06-17
4251,257,Economy,425.55,176,2024-04-22
4252,257,Economy,707.42,122,2024-01-15
4253,257,Economy,775.19,69,2024-05-06
4254,257,Economy,229.11,56,2024-04-08
4255,257,Economy,417.93,34,2024-03-11
4256,257,Business,1766.17,14,2024-06-17
4257,257,Business,2967.58,35,2024-02-12
4258,257,Business,1823.27,9,2024-05-20
4259,257,First,5132.17,6,2024-02-26
4260,257,First,3630.87,33,2024-06-03
4261,257,First,6796.77,25,2024-03-11
4262,258,Economy,284.03,72,2024-01-15
4263,258,Economy,291.43,62,2024-05-06
4264,258,Economy,635.26,171,2024-06-17
4265,258,Business,2900.69,20,2024-05-06
4266,258,Business,2444.38,35,2024-06-17
4267,258,Business,1607.34,21,2024-04-22
4268,258,Business,603.51,12,2024-01-29
4269,258,Business,1049.69,19,2024-04-08
4270,258,Business,2330.11,27,2024-01-01
4271,258,Business,1202.8,17,2024-01-15
4272,258,First,4831.13,12,2024-02-12
4273,258,First,7341.54,20,2024-05-20
4274,258,First,2274.82,21,2024-03-25
4275,258,First,4141.28,15,2024-05-06
4276,258,First,5194.92,31,2024-03-11
4277,258,First,3365.47,35,2024-01-15
4278,258,First,2098.59,4,2024-06-17
4279,259,Economy,399.3,11,2024-05-06
4280,259,Economy,259.37,105,2024-01-29
4281,259,Economy,483.79,189,2024-02-12
4282,259,Business,1659.07,8,2024-01-15
4283,259,Business,1129.76,13,2024-05-20
4284,259,Business,1124.33,6,2024-04-22
4285,259,First,4454.83,17,2024-02-26
4286,259,First,5858.12,28,2024-01-01
4287,259,First,7358.62,5,2024-05-06
4288,260,Economy,657.95,137,2024-02-12
4289,260,Economy,627.56,194,2024-05-06
4290,260,Economy,284.02,121,2024-01-15
4291,260,Economy,588.52,138,2024-05-20
4292,260,Economy,233.59,193,2024-02-26
4293,260,Business,1808.88,14,2024-06-03
4294,260,Business,2819.55,17,2024-01-01
4295,260,Business,600.22,22,2024-04-08
4296,260,Business,2843.17,28,2024-02-12
4297,260,Business,1935.09,10,2024-03-25
4298,260,Business,664.56,6,2024-03-11
4299,260,Business,2953.69,36,2024-06-17
4300,260,Business,651.27,17,2024-04-22
4301,260,First,6394.64,12,2024-01-29
4302,260,First,6963.66,12,2024-06-17
4303,260,First,2795.77,29,2024-02-12
4304,260,First,2367.65,28,2024-01-01
4305,261,Economy,613.51,185,2024-05-06
4306,261,Economy,258.83,160,2024-01-29
4307,261,Economy,634.48,194,2024-01-01
4308,261,Economy,323.72,175,2024-01-15
4309,261,Business,618.29,23,2024-01-29
4310,261,Business,684.31,11,2024-06-03
4311,261,Business,2242.66,26,2024-01-15
4312,261,Business,860.46,10,2024-06-17
4313,261,Business,1108.28,9,2024-04-08
4314,261,Business,1596.13,27,2024-03-25
4315,261,First,6282.33,33,2024-06-03
4316,261,First,7699.8,37,2024-01-29
4317,261,First,7393.85,37,2024-02-26
4318,261,First,7906.45,28,2024-04-22
4319,262,Economy,266.6,114,2024-05-06
4320,262,Economy,408.92,156,2024-04-22
4321,262,Economy,688.95,113,2024-05-20
4322,262,Economy,309.84,66,2024-06-17
4323,262,Business,2454.14,29,2024-02-12
4324,262,Business,2825.39,37,2024-06-03
4325,262,Business,876.83,8,2024-01-01
4326,262,Business,2761.99,14,2024-06-17
4327,262,Business,2368.81,34,2024-03-25
4328,262,Business,2878.95,7,2024-02-26
4329,262,Business,1944.16,25,2024-05-06
4330,262,First,6793.66,15,2024-05-06
4331,262,First,7448.01,32,2024-06-03
4332,262,First,7149.82,34,2024-01-29
4333,262,First,7306.53,15,2024-01-01
4334,262,First,5234.02,5,2024-04-22
4335,262,First,4034.67,34,2024-05-20
4336,262,First,2561.22,16,2024-02-26
4337,262,First,3992.46,8,2024-01-15
4338,263,Economy,215.0,56,2024-01-01
4339,263,Economy,595.17,22,2024-03-25
4340,263,Economy,472.21,159,2024-04-08
4341,263,Economy,420.8,108,2024-02-12
4342,263,Business,2982.6,21,2024-05-20
4343,263,Business,671.9,0,2024-04-22
4344,263,Business,2472.11,1,2024-01-15
4345,263,Business,2670.93,1,2024-03-11
4346,263,Business,800.72,10,2024-04-08
4347,263,Business,2418.14,40,2024-01-29
4348,263,Business,2006.02,5,2024-05-06
4349,263,Business,2251.1,30,2024-06-03
4350,263,First,4229.24,40,2024-04-08
4351,263,First,6490.83,38,2024-04-22
4352,263,First,2155.05,9,2024-05-20
4353,264,Economy,559.01,192,2024-03-11
4354,264,Economy,318.65,40,2024-03-25
4355,264,Economy,177.83,37,2024-05-20
4356,264,Economy,528.24,147,2024-01-15
4357,264,Economy,487.21,73,2024-04-22
4358,264,Business,1353.87,30,2024-04-22
4359,264,Business,696.92,27,2024-01-15
4360,264,Business,1721.55,2,2024-01-29
4361,264,Business,2038.11,0,2024-05-20
4362,264,Business,2188.89,15,2024-02-26
4363,264,Business,1506.95,40,2024-01-01
4364,264,First,2899.75,24,2024-01-15
4365,264,First,5378.01,15,2024-03-11
4366,264,First,4477.83,17,2024-04-22
4367,264,First,5070.1,20,2024-02-26
4368,264,First,4217.4,3,2024-05-20
4369,265,Economy,495.73,10,2024-02-26
4370,265,Economy,545.01,13,2024-01-29
4371,265,Economy,396.58,61,2024-05-06
4372,265,Economy,398.92,157,2024-03-25
4373,265,Economy,499.62,158,2024-01-01
4374,265,Business,901.84,3,2024-06-17
4375,265,Business,1242.75,3,2024-01-01
4376,265,Business,2827.53,25,2024-05-06
4377,265,Business,1206.76,33,2024-04-22
4378,265,Business,898.23,35,2024-01-29
4379,265,First,7282.72,15,2024-06-03
4380,265,First,5093.98,24,2024-01-01
4381,265,First,6309.09,12,2024-02-26
4382,265,First,5169.93,4,2024-05-20
4383,265,First,4398.25,15,2024-01-29
4384,265,First,2929.17,4,2024-04-08
4385,265,First,2849.01,25,2024-02-12
4386,266,Economy,227.84,62,2024-05-20
4387,266,Economy,718.02,193,2024-02-26
4388,266,Economy,607.55,94,2024-01-29
4389,266,Economy,611.13,135,2024-04-22
4390,266,Economy,413.0,26,2024-06-03
4391,266,Economy,330.52,199,2024-03-25
4392,266,Economy,291.26,118,2024-06-17
4393,266,Business,1535.71,22,2024-03-25
4394,266,Business,2870.74,23,2024-02-26
4395,266,Business,2418.38,2,2024-05-20
4396,266,First,4039.58,11,2024-03-25
4397,266,First,3763.0,1,2024-02-12
4398,266,First,6011.99,30,2024-05-20
4399,266,First,4263.63,26,2024-03-11
4400,267,Economy,743.07,5,2024-02-26
4401,267,Economy,644.99,187,2024-04-22
4402,267,Economy,194.1,61,2024-05-06
4403,267,Economy,498.14,128,2024-06-03
4404,267,Economy,472.75,70,2024-05-20
4405,267,Business,2216.83,21,2024-06-03
4406,267,Business,690.1,40,2024-01-29
4407,267,Business,738.06,18,2024-04-08
4408,267,Business,1173.16,13,2024-05-06
4409,267,Business,1101.45,22,2024-01-01
4410,267,First,7300.88,7,2024-04-22
4411,267,First,4368.32,14,2024-02-26
4412,267,First,6840.23,6,2024-05-06
4413,267,First,2540.35,38,2024-03-11
4414,268,Economy,283.95,23,2024-04-22
4415,268,Economy,548.99,50,2024-04-08
4416,268,Economy,454.96,34,2024-01-15
4417,268,Economy,395.4,82,2024-06-17
4418,268,Economy,799.62,10,2024-01-01
4419,268,Economy,720.02,8,2024-02-12
4420,268,Business,1708.11,32,2024-01-15
4421,268,Business,2660.11,35,2024-06-17
4422,268,Business,2328.69,33,2024-05-06
4423,268,Business,2740.38,0,2024-04-22
4424,268,Business,2787.63,13,2024-04-08
4425,268,Business,2568.84,1,2024-03-11
4426,268,Business,2006.62,21,2024-02-12
4427,268,Business,2468.72,7,2024-01-01
4428,268,First,4833.64,31,2024-01-29
4429,268,First,3583.32,18,2024-05-06
4430,268,First,6938.25,38,2024-04-22
4431,268,First,2718.21,26,2024-01-01
4432,268,First,7500.03,39,2024-02-12
4433,268,First,6080.72,25,2024-03-25
4434,268,First,4207.43,22,2024-06-17
4435,269,Economy,168.22,31,2024-01-01
4436,269,Economy,712.17,163,2024-01-15
4437,269,Economy,644.87,73,2024-02-26
4438,269,Economy,194.02,74,2024-05-06
4439,269,Business,1423.08,1,2024-02-12
4440,269,Business,2007.74,26,2024-03-25
4441,269,Business,1067.29,10,2024-04-22
4442,269,Business,2859.84,38,2024-04-08
4443,269,First,4026.17,4,2024-04-22
4444,269,First,2553.35,2,2024-01-29
4445,269,First,6172.5,18,2024-01-15
4446,269,First,2780.31,34,2024-02-12
4447,269,First,4443.49,2,2024-04-08
4448,269,First,6977.5,40,2024-02-26
4449,269,First,2127.53,21,2024-06-03
4450,270,Economy,777.08,190,2024-04-08
4451,270,Economy,151.52,177,2024-03-25
4452,270,Economy,185.27,191,2024-06-03
4453,270,Economy,207.57,199,2024-05-20
4454,270,Business,1848.62,13,2024-01-01
4455,270,Business,1467.17,25,2024-02-12
4456,270,Business,2722.9,5,2024-06-17
4457,270,First,4733.77,20,2024-03-25
4458,270,First,7641.86,13,2024-01-29
4459,270,First,2599.67,11,2024-05-20
4460,271,Economy,675.83,130,2024-02-26
4461,271,Economy,494.2,111,2024-03-11
4462,271,Economy,508.99,124,2024-06-03
4463,271,Economy,545.94,124,2024-01-01
4464,271,Business,1296.96,2,2024-06-17
4465,271,Business,877.99,19,2024-04-22
4466,271,Business,2751.27,0,2024-05-20
4467,271,Business,2505.15,28,2024-01-29
4468,271,Business,2472.58,21,2024-02-12
4469,271,Business,1316.26,30,2024-02-26
4470,271,First,5870.81,39,2024-04-22
4471,271,First,6343.14,3,2024-06-03
4472,271,First,2614.85,23,2024-06-17
4473,271,First,4709.2,1,2024-01-29
4474,271,First,5634.09,3,2024-03-25
4475,271,First,5044.4,36,2024-01-01
4476,271,First,5485.06,4,2024-01-15
4477,271,First,6819.72,18,2024-05-20
4478,272,Economy,526.54,146,2024-01-29
4479,272,Economy,544.17,160,2024-01-01
4480,272,Economy,406.1,159,2024-04-08
4481,272,Economy,509.45,96,2024-02-26
4482,272,Economy,711.31,168,2024-06-17
4483,272,Economy,321.56,141,2024-03-25
4484,272,Economy,556.39,194,2024-05-20
4485,272,Business,1884.64,23,2024-06-03
4486,272,Business,1990.27,40,2024-06-17
4487,272,Business,2884.64,15,2024-05-20
4488,272,Business,952.64,36,2024-04-08
4489,272,Business,847.07,1,2024-01-15
4490,272,Business,2453.52,19,2024-02-26
4491,272,Business,1966.76,12,2024-04-22
4492,272,First,3766.59,9,2024-02-12
4493,272,First,6657.61,27,2024-01-15
4494,272,First,4425.27,35,2024-01-29
4495,272,First,7763.77,3,2024-06-17
4496,273,Economy,390.64,30,2024-05-06
4497,273,Economy,430.88,106,2024-06-03
4498,273,Economy,781.19,7,2024-01-01
4499,273,Economy,556.52,44,2024-04-22
4500,273,Economy,629.51,79,2024-04-08
4501,273,Economy,501.93,185,2024-01-29
4502,273,Business,2208.35,38,2024-04-22
4503,273,Business,2778.86,15,2024-05-06
4504,273,Business,2756.45,33,2024-02-12
4505,273,Business,932.46,35,2024-03-11
4506,273,First,7760.12,7,2024-02-26
4507,273,First,7889.59,36,2024-01-01
4508,273,First,5660.04,21,2024-03-11
4509,274,Economy,521.55,91,2024-04-22
4510,274,Economy,490.26,37,2024-01-29
4511,274,Economy,415.22,68,2024-03-25
4512,274,Business,1974.99,22,2024-06-17
4513,274,Business,1576.62,4,2024-04-22
4514,274,Business,2816.31,13,2024-03-25
4515,274,First,2589.52,9,2024-04-22
4516,274,First,6598.95,33,2024-04-08
4517,274,First,3882.17,21,2024-03-25
4518,275,Economy,391.1,38,2024-02-26
4519,275,Economy,283.61,197,2024-02-12
4520,275,Economy,331.31,130,2024-06-17
4521,275,Business,2405.6,0,2024-05-20
4522,275,Business,615.63,32,2024-01-01
4523,275,Business,1642.2,25,2024-06-03
4524,275,Business,2777.61,24,2024-01-29
4525,275,Business,750.25,3,2024-04-08
4526,275,First,3212.35,5,2024-06-17
4527,275,First,6009.89,39,2024-03-25
4528,275,First,4009.05,1,2024-04-22
4529,276,Economy,158.07,165,2024-01-15
4530,276,Economy,309.89,75,2024-03-25
4531,276,Economy,548.31,18,2024-04-22
4532,276,Business,2878.62,26,2024-03-11
4533,276,Business,2104.75,3,2024-01-01
4534,276,Business,2351.94,14,2024-04-08
4535,276,Business,2130.01,17,2024-03-25
4536,276,Business,640.36,31,2024-01-29
4537,276,Business,1657.56,38,2024-02-12
4538,276,Business,1275.6,10,2024-05-06
4539,276,Business,739.64,28,2024-02-26
4540,276,First,5577.87,22,2024-06-03
4541,276,First,2116.77,5,2024-03-25
4542,276,First,6475.18,31,2024-06-17
4543,276,First,6349.93,30,2024-01-29
4544,277,Economy,135.46,134,2024-01-01
4545,277,Economy,578.75,67,2024-01-29
4546,277,Economy,165.67,49,2024-05-06
4547,277,Economy,254.94,116,2024-05-20
4548,277,Economy,277.84,33,2024-01-15
4549,277,Economy,768.85,80,2024-02-26
4550,277,Business,860.91,34,2024-06-03
4551,277,Business,2825.2,29,2024-01-29
4552,277,Business,625.54,10,2024-02-12
4553,277,Business,2227.28,5,2024-03-11
4554,277,Business,2047.03,0,2024-03-25
4555,277,First,2794.14,31,2024-01-15
4556,277,First,5276.68,22,2024-02-12
4557,277,First,4255.89,12,2024-03-25
4558,277,First,3309.52,4,2024-06-03
4559,277,First,7348.4,34,2024-04-22
4560,277,First,3780.37,16,2024-03-11
4561,278,Economy,707.6,75,2024-01-01
4562,278,Economy,466.98,24,2024-06-03
4563,278,Economy,413.19,72,2024-01-29
4564,278,Economy,796.55,60,2024-05-06
4565,278,Economy,427.18,174,2024-03-11
4566,278,Economy,290.09,26,2024-06-17
4567,278,Economy,390.88,136,2024-01-15
4568,278,Business,2201.46,10,2024-01-29
4569,278,Business,2796.41,4,2024-04-08
4570,278,Business,633.63,10,2024-06-03
4571,278,First,3566.59,26,2024-01-15
4572,278,First,3029.72,34,2024-04-08
4573,278,First,4040.83,31,2024-05-06
4574,278,First,6706.37,38,2024-04-22
4575,278,First,4627.59,27,2024-01-29
4576,278,First,7199.5,14,2024-06-17
4577,278,First,7248.4,34,2024-03-11
4578,278,First,3458.18,7,2024-06-03
4579,279,Economy,275.66,192,2024-01-29
4580,279,Economy,425.76,189,2024-04-22
4581,279,Economy,135.58,179,2024-05-20
4582,279,Economy,520.26,184,2024-03-11
4583,279,Economy,552.92,103,2024-03-25
4584,279,Economy,582.91,30,2024-01-01
4585,279,Economy,428.43,179,2024-06-17
4586,279,Business,2760.75,33,2024-03-25
4587,279,Business,2471.73,9,2024-04-08
4588,279,Business,2664.24,0,2024-02-12
4589,279,First,2506.12,10,2024-06-17
4590,279,First,3082.69,40,2024-01-01
4591,279,First,4095.82,10,2024-03-25
4592,279,First,2517.13,25,2024-04-22
4593,279,First,6072.48,23,2024-01-29
4594,280,Economy,792.43,26,2024-06-17
4595,280,Economy,586.99,103,2024-03-11
4596,280,Economy,507.21,187,2024-04-22
4597,280,Business,774.61,36,2024-04-22
4598,280,Business,932.99,36,2024-05-20
4599,280,Business,1555.03,29,2024-01-29
4600,280,First,5740.62,34,2024-01-01
4601,280,First,3732.82,34,2024-04-22
4602,280,First,7208.47,10,2024-05-06
4603,280,First,2761.24,2,2024-06-03
4604,280,First,7105.23,2,2024-02-26
4605,280,First,7708.4,14,2024-02-12
4606,280,First,5973.88,34,2024-04-08
4607,281,Economy,322.73,155,2024-06-03
4608,281,Economy,349.65,188,2024-05-06
4609,281,Economy,534.62,141,2024-02-26
4610,281,Economy,548.07,165,2024-04-22
4611,281,Economy,177.13,88,2024-05-20
4612,281,Economy,427.27,139,2024-01-29
4613,281,Business,1164.67,34,2024-04-08
4614,281,Business,1563.97,24,2024-01-01
4615,281,Business,1746.24,34,2024-05-20
4616,281,Business,2445.86,11,2024-06-17
4617,281,Business,662.92,39,2024-01-15
4618,281,Business,1684.82,24,2024-03-11
4619,281,Business,2472.6,39,2024-04-22
4620,281,First,7840.14,31,2024-06-03
4621,281,First,5662.59,31,2024-05-20
4622,281,First,4306.85,9,2024-06-17
4623,282,Economy,470.96,50,2024-05-06
4624,282,Economy,455.86,191,2024-03-25
4625,282,Economy,145.96,164,2024-04-22
4626,282,Economy,481.86,174,2024-04-08
4627,282,Economy,476.58,102,2024-01-29
4628,282,Economy,557.61,174,2024-05-20
4629,282,Economy,545.14,60,2024-06-17
4630,282,Business,2413.36,24,2024-01-01
4631,282,Business,1514.25,39,2024-06-03
4632,282,Business,1396.5,29,2024-02-26
4633,282,Business,1966.06,1,2024-06-17
4634,282,Business,2215.23,10,2024-03-11
4635,282,First,3507.23,33,2024-04-22
4636,282,First,4359.04,37,2024-01-29
4637,282,First,4364.4,8,2024-03-11
4638,282,First,4118.12,39,2024-05-20
4639,282,First,3764.98,40,2024-02-26
4640,283,Economy,622.77,68,2024-05-20
4641,283,Economy,656.88,56,2024-01-29
4642,283,Economy,709.08,49,2024-06-17
4643,283,Economy,491.4,146,2024-04-22
4644,283,Business,1225.75,20,2024-03-11
4645,283,Business,1047.84,21,2024-03-25
4646,283,Business,2333.81,30,2024-01-29
4647,283,First,3031.14,37,2024-03-11
4648,283,First,3329.91,14,2024-03-25
4649,283,First,4059.95,38,2024-01-29
4650,283,First,6690.1,23,2024-05-06
4651,284,Economy,500.75,100,2024-02-12
4652,284,Economy,371.08,6,2024-04-22
4653,284,Economy,767.11,125,2024-01-15
4654,284,Business,1770.64,18,2024-02-26
4655,284,Business,2579.67,14,2024-03-25
4656,284,Business,618.25,19,2024-04-22
4657,284,Business,2107.51,7,2024-03-11
4658,284,Business,2706.6,32,2024-01-01
4659,284,Business,2578.39,4,2024-05-06
4660,284,Business,2823.16,7,2024-06-03
4661,284,First,5491.86,17,2024-05-06
4662,284,First,6760.71,5,2024-04-08
4663,284,First,7031.38,13,2024-01-29
4664,284,First,4367.18,5,2024-01-01
4665,284,First,3951.48,29,2024-02-12
4666,284,First,2645.14,20,2024-03-11
4667,285,Economy,541.18,54,2024-01-15
4668,285,Economy,675.93,121,2024-02-12
4669,285,Economy,614.93,134,2024-01-29
4670,285,Economy,186.22,109,2024-03-11
4671,285,Business,2273.1,6,2024-03-11
4672,285,Business,1280.35,5,2024-01-01
4673,285,Business,684.46,22,2024-06-03
4674,285,Business,1025.58,24,2024-05-06
4675,285,Business,2077.73,7,2024-02-26
4676,285,Business,2270.59,33,2024-01-29
4677,285,First,3630.09,8,2024-04-22
4678,285,First,3410.06,32,2024-01-01
4679,285,First,5160.7,22,2024-05-06
4680,285,First,4413.16,8,2024-01-29
4681,285,First,7611.04,35,2024-04-08
4682,285,First,6854.59,27,2024-06-03
4683,286,Economy,486.46,71,2024-01-01
4684,286,Economy,323.08,42,2024-03-11
4685,286,Economy,213.99,180,2024-05-06
4686,286,Economy,349.77,86,2024-04-22
4687,286,Economy,788.54,171,2024-03-25
4688,286,Economy,310.14,161,2024-04-08
4689,286,Business,2490.26,39,2024-06-03
4690,286,Business,1291.28,32,2024-05-06
4691,286,Business,909.35,39,2024-03-25
4692,286,Business,2785.17,5,2024-03-11
4693,286,Business,2549.8,27,2024-06-17
4694,286,First,2935.66,19,2024-01-01
4695,286,First,4235.02,14,2024-01-29
4696,286,First,5517.99,14,2024-06-17
4697,286,First,2436.49,15,2024-05-20
4698,286,First,2786.77,7,2024-05-06
4699,287,Economy,351.15,8,2024-03-11
4700,287,Economy,474.82,162,2024-01-15
4701,287,Economy,550.44,142,2024-02-12
4702,287,Economy,621.95,174,2024-01-01
4703,287,Economy,188.25,77,2024-06-17
4704,287,Business,2007.44,31,2024-04-22
4705,287,Business,945.77,14,2024-06-17
4706,287,Business,1615.37,40,2024-05-06
4707,287,Business,2493.19,18,2024-03-25
4708,287,Business,2143.55,9,2024-05-20
4709,287,First,7698.22,4,2024-01-01
4710,287,First,5154.97,11,2024-01-29
4711,287,First,6245.39,6,2024-03-11
4712,287,First,6422.28,12,2024-04-22
4713,287,First,7018.03,8,2024-06-03
4714,287,First,3201.09,9,2024-05-20
4715,287,First,7271.98,0,2024-05-06
4716,287,First,5761.47,39,2024-01-15
4717,288,Economy,722.13,133,2024-01-01
4718,288,Economy,286.43,67,2024-03-25
4719,288,Economy,452.89,52,2024-06-17
4720,288,Business,1569.66,5,2024-04-22
4721,288,Business,2196.38,11,2024-04-08
4722,288,Business,2488.62,22,2024-03-11
4723,288,Business,1752.19,20,2024-01-01
4724,288,Business,1224.82,23,2024-06-17
4725,288,Business,1948.9,17,2024-01-29
4726,288,Business,1761.2,24,2024-03-25
4727,288,Business,971.41,36,2024-02-12
4728,288,First,2541.4,29,2024-03-11
4729,288,First,4294.48,35,2024-01-29
4730,288,First,3446.53,6,2024-05-06
4731,289,Economy,239.37,117,2024-01-01
4732,289,Economy,587.49,50,2024-04-22
4733,289,Economy,421.17,183,2024-01-29
4734,289,Economy,615.25,144,2024-04-08
4735,289,Economy,565.67,47,2024-01-15
4736,289,Economy,770.55,7,2024-05-06
4737,289,Business,2378.39,10,2024-01-29
4738,289,Business,2892.82,27,2024-06-17
4739,289,Business,2518.57,37,2024-06-03
4740,289,Business,780.87,19,2024-05-06
4741,289,Business,1167.05,35,2024-02-12
4742,289,First,6214.82,15,2024-02-12
4743,289,First,6736.11,34,2024-01-29
4744,289,First,3219.12,35,2024-03-11
4745,289,First,7638.18,17,2024-05-20
4746,290,Economy,229.86,100,2024-01-15
4747,290,Economy,317.09,5,2024-04-08
4748,290,Economy,508.31,66,2024-05-20
4749,290,Economy,708.49,147,2024-06-03
4750,290,Economy,671.32,198,2024-05-06
4751,290,Economy,458.72,183,2024-02-12
4752,290,Business,1018.39,4,2024-01-15
4753,290,Business,989.01,21,2024-01-29
4754,290,Business,1191.57,38,2024-04-08
4755,290,Business,1724.43,33,2024-05-06
4756,290,Business,2785.59,7,2024-05-20
4757,290,Business,1114.17,20,2024-01-01
4758,290,Business,931.86,35,2024-06-17
4759,290,Business,2869.93,33,2024-02-26
4760,290,First,2808.3,23,2024-01-29
4761,290,First,4382.79,3,2024-06-17
4762,290,First,5287.88,11,2024-01-01
4763,290,First,2225.94,2,2024-01-15
4764,291,Economy,472.66,129,2024-06-17
4765,291,Economy,707.26,112,2024-04-22
4766,291,Economy,357.53,53,2024-04-08
4767,291,Economy,591.46,184,2024-05-06
4768,291,Economy,599.37,95,2024-05-20
4769,291,Business,1084.79,17,2024-04-22
4770,291,Business,2947.18,15,2024-03-11
4771,291,Business,2814.11,5,2024-01-29
4772,291,Business,2555.21,36,2024-02-12
4773,291,Business,1369.76,29,2024-06-17
4774,291,Business,759.38,10,2024-03-25
4775,291,Business,2889.83,36,2024-01-01
4776,291,Business,2756.5,5,2024-04-08
4777,291,First,5463.13,37,2024-06-17
4778,291,First,6495.67,1,2024-01-29
4779,291,First,2554.85,12,2024-05-20
4780,292,Economy,739.93,147,2024-02-26
4781,292,Economy,402.6,120,2024-05-20
4782,292,Economy,176.2,175,2024-04-22
4783,292,Economy,523.57,23,2024-02-12
4784,292,Economy,533.91,29,2024-01-01
4785,292,Economy,218.73,12,2024-05-06
4786,292,Business,2817.57,29,2024-01-29
4787,292,Business,1584.27,8,2024-06-03
4788,292,Business,728.41,38,2024-06-17
4789,292,Business,2451.3,5,2024-01-15
4790,292,Business,878.24,24,2024-02-12
4791,292,Business,1566.47,8,2024-05-20
4792,292,Business,2791.88,2,2024-01-01
4793,292,Business,890.3,2,2024-03-11
4794,292,First,3187.71,39,2024-01-29
4795,292,First,6480.64,13,2024-06-03
4796,292,First,2222.14,36,2024-03-11
4797,292,First,3154.67,24,2024-04-22
4798,292,First,4023.88,34,2024-04-08
4799,292,First,2080.45,11,2024-02-12
4800,293,Economy,639.76,72,2024-05-20
4801,293,Economy,239.77,23,2024-06-17
4802,293,Economy,313.43,142,2024-02-26
4803,293,Economy,584.47,160,2024-04-22
4804,293,Economy,476.88,86,2024-01-15
4805,293,Economy,704.69,147,2024-01-29
4806,293,Business,2615.98,37,2024-03-11
4807,293,Business,1064.77,23,2024-01-29
4808,293,Business,2986.96,22,2024-06-03
4809,293,Business,2331.78,4,2024-05-06
4810,293,Business,2545.12,0,2024-02-26
4811,293,Business,2532.87,13,2024-03-25
4812,293,Business,2317.62,36,2024-01-15
4813,293,Business,2030.89,8,2024-01-01
4814,293,First,3652.77,27,2024-05-06
4815,293,First,7611.01,35,2024-04-08
4816,293,First,3959.83,23,2024-01-01
4817,293,First,4324.21,8,2024-01-15
4818,293,First,3272.08,1,2024-02-12
4819,293,First,3556.14,4,2024-06-03
4820,293,First,7328.61,9,2024-05-20
4821,293,First,2153.87,30,2024-06-17
4822,294,Economy,537.69,122,2024-03-25
4823,294,Economy,276.95,126,2024-01-15
4824,294,Economy,308.99,42,2024-03-11
4825,294,Business,2017.95,26,2024-05-06
4826,294,Business,1147.68,8,2024-01-01
4827,294,Business,2664.03,33,2024-04-08
4828,294,Business,2160.23,6,2024-01-15
4829,294,Business,1421.74,16,2024-03-25
4830,294,Business,2886.99,10,2024-04-22
4831,294,Business,2586.64,40,2024-05-20
4832,294,First,5696.82,25,2024-01-01
4833,294,First,7739.53,36,2024-02-12
4834,294,First,7485.24,40,2024-02-26
4835,294,First,4708.84,27,2024-06-17
4836,294,First,7358.26,19,2024-06-03
4837,294,First,5737.44,23,2024-05-06
4838,294,First,4656.87,22,2024-04-08
4839,294,First,4231.82,27,2024-03-25
4840,295,Economy,213.06,64,2024-02-12
4841,295,Economy,433.99,0,2024-02-26
4842,295,Economy,195.18,142,2024-04-08
4843,295,Economy,160.39,30,2024-01-15
4844,295,Business,1678.38,17,2024-01-15
4845,295,Business,2432.27,5,2024-01-01
4846,295,Business,1773.56,27,2024-02-12
4847,295,Business,1839.07,34,2024-06-03
4848,295,Business,631.51,6,2024-03-25
4849,295,Business,2549.61,23,2024-05-20
4850,295,Business,1674.63,9,2024-05-06
4851,295,First,3172.91,2,2024-01-01
4852,295,First,4451.52,6,2024-06-03
4853,295,First,3479.02,29,2024-01-15
4854,295,First,6275.73,21,2024-03-11
4855,295,First,2478.25,3,2024-06-17
4856,295,First,6877.98,18,2024-04-08
4857,295,First,4166.73,33,2024-04-22
4858,296,Economy,197.66,50,2024-04-08
4859,296,Economy,136.86,144,2024-02-26
4860,296,Economy,415.87,89,2024-02-12
4861,296,Economy,481.55,135,2024-03-25
4862,296,Economy,579.93,114,2024-01-29
4863,296,Business,1090.95,35,2024-06-03
4864,296,Business,613.12,12,2024-03-25
4865,296,Business,2999.42,12,2024-05-06
4866,296,Business,2056.71,10,2024-02-26
4867,296,Business,2574.21,28,2024-04-08
4868,296,Business,2812.73,27,2024-01-01
4869,296,First,6984.16,30,2024-03-25
4870,296,First,2113.88,3,2024-01-29
4871,296,First,7878.94,25,2024-01-15
4872,296,First,4488.82,6,2024-03-11
4873,296,First,3863.61,21,2024-05-20
4874,296,First,5761.03,1,2024-02-12
4875,297,Economy,423.91,124,2024-06-17
4876,297,Economy,573.24,31,2024-01-15
4877,297,Economy,741.47,9,2024-01-01
4878,297,Business,2005.36,34,2024-06-03
4879,297,Business,2443.85,35,2024-05-20
4880,297,Business,763.07,36,2024-02-26
4881,297,First,7984.91,4,2024-06-03
4882,297,First,3900.0,11,2024-05-20
4883,297,First,2253.78,39,2024-02-26
4884,297,First,5653.1,2,2024-05-06
4885,297,First,6846.99,19,2024-01-01
4886,297,First,5879.5,38,2024-03-11
4887,297,First,6930.27,25,2024-01-15
4888,297,First,6699.96,33,2024-04-08
4889,298,Economy,521.42,175,2024-05-20
4890,298,Economy,201.79,106,2024-02-12
4891,298,Economy,379.91,142,2024-06-17
4892,298,Economy,629.94,26,2024-01-15
4893,298,Economy,399.4,97,2024-06-03
4894,298,Economy,769.71,38,2024-04-08
4895,298,Business,1751.74,17,2024-04-08
4896,298,Business,1195.78,11,2024-02-26
4897,298,Business,2429.27,27,2024-01-01
4898,298,Business,1039.24,32,2024-06-17
4899,298,First,2401.97,16,2024-05-06
4900,298,First,2990.86,27,2024-06-17
4901,298,First,7088.73,8,2024-02-26
4902,298,First,2157.84,29,2024-06-03
4903,298,First,2305.88,29,2024-01-15
4904,298,First,6918.88,34,2024-04-08
4905,298,First,7065.51,6,2024-03-25
4906,298,First,2534.14,3,2024-01-01
4907,299,Economy,548.96,169,2024-05-20
4908,299,Economy,546.88,24,2024-06-17
4909,299,Economy,697.74,139,2024-06-03
4910,299,Economy,761.73,21,2024-01-01
4911,299,Business,1831.09,32,2024-03-11
4912,299,Business,2723.88,37,2024-05-20
4913,299,Business,1676.59,9,2024-05-06
4914,299,Business,2753.87,5,2024-06-03
4915,299,First,6891.91,4,2024-01-01
4916,299,First,7823.05,25,2024-06-03
4917,299,First,7364.98,19,2024-04-22
4918,299,First,5210.62,10,2024-05-20
4919,299,First,6547.0,28,2024-02-26
4920,299,First,7680.82,22,2024-06-17
4921,300,Economy,754.1,138,2024-04-22
4922,300,Economy,237.35,6,2024-06-03
4923,300,Economy,296.46,11,2024-02-12
4924,300,Economy,404.78,81,2024-05-06
4925,300,Economy,441.83,23,2024-04-08
4926,300,Economy,683.59,46,2024-03-11
4927,300,Economy,692.64,97,2024-05-20
4928,300,Business,1826.16,31,2024-01-15
4929,300,Business,2218.42,37,2024-02-26
4930,300,Business,1249.0,10,2024-05-06
4931,300,Business,2039.76,27,2024-03-25
4932,300,Business,1943.25,32,2024-06-17
4933,300,Business,961.05,25,2024-04-22
4934,300,Business,1988.63,30,2024-04-08
4935,300,First,3551.91,5,2024-05-20
4936,300,First,6740.7,27,2024-01-01
4937,300,First,2674.96,27,2024-02-26
4938,300,First,2264.13,35,2024-06-03
4939,300,First,5853.96,11,2024-03-11
4940,300,First,4925.04,35,2024-02-12
4941,300,First,5349.13,21,2024-04-22
4942,300,First,6337.19,22,2024-05-06
4943,301,Economy,662.55,168,2024-06-17
4944,301,Economy,575.62,101,2024-04-08
4945,301,Economy,243.57,163,2024-05-06
4946,301,Business,1279.3,39,2024-05-06
4947,301,Business,1503.16,34,2024-03-25
4948,301,Business,1196.77,16,2024-05-20
4949,301,First,2388.56,0,2024-03-25
4950,301,First,2917.7,21,2024-01-01
4951,301,First,2613.26,9,2024-02-26
4952,301,First,2958.84,22,2024-04-08
4953,301,First,5479.98,15,2024-04-22
4954,301,First,6953.12,26,2024-05-20
4955,301,First,3651.3,34,2024-01-15
4956,302,Economy,300.82,102,2024-01-01
4957,302,Economy,482.24,128,2024-04-22
4958,302,Economy,275.01,10,2024-05-06
4959,302,Economy,718.63,35,2024-02-12
4960,302,Business,2044.66,4,2024-03-25
4961,302,Business,1619.79,39,2024-04-08
4962,302,Business,2599.25,5,2024-01-29
4963,302,Business,1319.76,13,2024-04-22
4964,302,Business,2996.91,7,2024-06-03
4965,302,First,4444.28,14,2024-06-17
4966,302,First,3280.06,26,2024-06-03
4967,302,First,7366.65,21,2024-02-12
4968,302,First,3119.48,15,2024-03-11
4969,302,First,2262.75,16,2024-01-29
4970,302,First,3927.31,32,2024-05-20
4971,302,First,2566.37,21,2024-05-06
4972,303,Economy,204.71,24,2024-01-01
4973,303,Economy,411.66,166,2024-01-29
4974,303,Economy,141.46,49,2024-03-11
4975,303,Economy,593.97,70,2024-02-26
4976,303,Economy,139.21,145,2024-05-06
4977,303,Economy,403.15,16,2024-04-08
4978,303,Economy,439.63,189,2024-01-15
4979,303,Economy,449.28,191,2024-06-03
4980,303,Business,2280.47,38,2024-06-17
4981,303,Business,1891.78,34,2024-04-22
4982,303,Business,2113.17,34,2024-01-29
4983,303,First,3628.99,28,2024-06-03
4984,303,First,3625.22,33,2024-01-01
4985,303,First,7086.75,6,2024-03-25
4986,303,First,6723.66,20,2024-04-08
4987,303,First,5735.29,25,2024-04-22
4988,303,First,5759.54,16,2024-01-29
4989,303,First,5275.49,39,2024-06-17
4990,304,Economy,379.19,79,2024-04-22
4991,304,Economy,588.31,23,2024-05-06
4992,304,Economy,342.58,150,2024-02-12
4993,304,Economy,297.63,80,2024-06-03
4994,304,Economy,666.43,12,2024-03-25
4995,304,Economy,195.24,157,2024-04-08
4996,304,Economy,211.64,153,2024-01-29
4997,304,Economy,582.08,14,2024-02-26
4998,304,Business,768.92,5,2024-06-17
4999,304,Business,1613.96,3,2024-04-08
5000,304,Business,1144.97,38,2024-03-11
5001,304,Business,1890.76,35,2024-02-12
5002,304,Business,2538.01,13,2024-03-25
5003,304,Business,1611.0,15,2024-01-01
5004,304,Business,1585.9,8,2024-01-29
5005,304,Business,840.02,37,2024-06-03
5006,304,First,4913.05,3,2024-03-11
5007,304,First,2148.64,36,2024-06-17
5008,304,First,3806.8,8,2024-05-06
5009,304,First,3792.28,37,2024-01-01
5010,304,First,3501.31,3,2024-03-25
5011,305,Economy,537.11,110,2024-03-25
5012,305,Economy,458.3,12,2024-06-17
5013,305,Economy,342.27,111,2024-05-20
5014,305,Economy,298.25,3,2024-02-26
5015,305,Economy,677.73,79,2024-04-22
5016,305,Business,1890.04,1,2024-03-25
5017,305,Business,1970.9,19,2024-03-11
5018,305,Business,2443.21,14,2024-04-08
5019,305,Business,1061.49,32,2024-05-20
5020,305,Business,2532.64,1,2024-06-03
5021,305,First,6699.67,40,2024-01-29
5022,305,First,3105.95,26,2024-02-12
5023,305,First,4019.04,18,2024-03-11
5024,305,First,2325.15,25,2024-02-26
5025,305,First,5795.74,38,2024-03-25
5026,305,First,5649.44,14,2024-04-22
5027,306,Economy,409.34,47,2024-01-01
5028,306,Economy,200.52,38,2024-06-03
5029,306,Economy,320.0,195,2024-05-20
5030,306,Business,922.41,20,2024-03-25
5031,306,Business,2071.86,24,2024-04-08
5032,306,Business,666.6,5,2024-05-20
5033,306,Business,1024.51,6,2024-06-03
5034,306,Business,821.52,32,2024-02-26
5035,306,Business,2556.69,16,2024-06-17
5036,306,First,7426.62,34,2024-06-17
5037,306,First,2090.08,30,2024-04-22
5038,306,First,5532.86,25,2024-05-20
5039,306,First,4887.2,31,2024-03-25
5040,306,First,7949.82,8,2024-01-01
5041,306,First,3175.3,5,2024-06-03
5042,306,First,3037.33,38,2024-05-06
5043,307,Economy,796.07,104,2024-04-08
5044,307,Economy,658.92,42,2024-01-01
5045,307,Economy,554.24,108,2024-02-26
5046,307,Economy,171.77,186,2024-06-17
5047,307,Economy,195.42,42,2024-01-29
5048,307,Business,1149.14,30,2024-02-12
5049,307,Business,1421.16,27,2024-04-22
5050,307,Business,1429.73,37,2024-02-26
5051,307,First,3012.82,16,2024-03-25
5052,307,First,7687.93,11,2024-04-22
5053,307,First,3858.58,7,2024-01-01
5054,307,First,6030.49,14,2024-04-08
5055,307,First,5020.78,16,2024-06-03
5056,307,First,4172.18,17,2024-03-11
5057,307,First,2282.89,27,2024-06-17
5058,307,First,3526.79,23,2024-05-06
5059,308,Economy,694.95,19,2024-05-20
5060,308,Economy,195.75,49,2024-04-08
5061,308,Economy,224.83,182,2024-03-11
5062,308,Economy,789.61,73,2024-01-29
5063,308,Economy,643.43,157,2024-02-12
5064,308,Business,2433.98,15,2024-06-03
5065,308,Business,2194.8,10,2024-04-08
5066,308,Business,1774.28,1,2024-05-20
5067,308,Business,1059.91,35,2024-05-06
5068,308,Business,1893.35,10,2024-01-15
5069,308,Business,2567.15,30,2024-06-17
5070,308,Business,1448.71,0,2024-02-12
5071,308,Business,2172.13,3,2024-03-25
5072,308,First,6960.21,16,2024-05-06
5073,308,First,3973.71,40,2024-03-25
5074,308,First,3166.17,24,2024-02-12
5075,309,Economy,544.41,58,2024-06-17
5076,309,Economy,345.1,58,2024-02-12
5077,309,Economy,719.15,3,2024-03-11
5078,309,Economy,144.32,179,2024-04-22
5079,309,Economy,655.73,189,2024-05-06
5080,309,Economy,190.61,17,2024-01-29
5081,309,Economy,606.31,101,2024-04-08
5082,309,Business,1428.82,11,2024-04-08
5083,309,Business,1269.25,16,2024-04-22
5084,309,Business,2800.3,23,2024-02-26
5085,309,Business,1227.97,27,2024-06-03
5086,309,Business,728.37,34,2024-01-15
5087,309,Business,1104.64,34,2024-03-25
5088,309,First,4702.02,35,2024-06-03
5089,309,First,2642.92,20,2024-01-15
5090,309,First,3445.54,38,2024-04-08
5091,309,First,2740.0,34,2024-05-06
5092,309,First,4738.96,32,2024-02-12
